OBJECTID,ULAND,UREGBEZ,UKREIS,UGEMEINDE,UJAHR,UMONAT,USTUNDE,UWOCHENTAG,UKATEGORIE,UART,UTYP1,ULICHTVERH,IstRad,IstPKW,IstFuss,IstKrad,IstGkfz,LINREFX,LINREFY,XGCSWGS84,YGCSWGS84,coord,location_dict,address,road,UIDENTSTLAE,STRZUSTAND,IstSonstige,lane,coord_interp,dist_interp,dist_interp_up
71732,9,7,72,223,2016,6,15,7,3,2,6,0,0,1,0,0,0,621989.3517,5363348.3027,10.64852285,48.411474501,"(48.411474501, 10.64852285)","{'place_id': 158833556, 'licence': 'Data © OpenStreetMap contributors, ODbL 1.0. https://osm.org/copyright', 'osm_type': 'way', 'osm_id': 231885720, 'lat': '48.41145098515237', 'lon': '10.648526212151419', 'display_name': 'A 8, Zusmarshausen, Landkreis Augsburg, Bayern, 86441, Deutschland', 'address': {'road': 'A 8', 'village': 'Zusmarshausen', 'county': 'Landkreis Augsburg', 'state': 'Bayern', 'postcode': '86441', 'country': 'Deutschland', 'country_code': 'de'}, 'boundingbox': ['48.410977', '48.4132166', '10.6452292', '10.6594208']}","A 8, Zusmarshausen, Landkreis Augsburg, Bayern, 86441, Deutschland",A 8,0,0,0,up,[48.41161454 10.64967973],5226.172525129971,5226.172525129971
71780,9,7,72,223,2016,6,12,5,2,2,6,0,0,1,0,0,0,616302.2284,5362667.1881,10.571511017,48.406424382,"(48.406424382, 10.571511017)","{'place_id': 143669431, 'licence': 'Data © OpenStreetMap contributors, ODbL 1.0. https://osm.org/copyright', 'osm_type': 'way', 'osm_id': 180119699, 'lat': '48.406398730437054', 'lon': '10.571514947283605', 'display_name': 'A 8, Vallried, Wollbach, Zusmarshausen, Jettingen-Scheppach, Landkreis Augsburg, Bayern, 86441, Deutschland', 'address': {'road': 'A 8', 'hamlet': 'Vallried', 'village': 'Wollbach', 'municipality': 'Jettingen-Scheppach', 'county': 'Landkreis Augsburg', 'state': 'Bayern', 'postcode': '86441', 'country': 'Deutschland', 'country_code': 'de'}, 'boundingbox': ['48.399835', '48.407249', '10.5221641', '10.575949']}","A 8, Vallried, Wollbach, Zusmarshausen, Jettingen-Scheppach, Landkreis Augsburg, Bayern, 86441, Deutschland",A 8,0,0,1,up,[48.40209027 10.59667698],357.20176133297906,357.20176133297906
71820,9,7,72,147,2016,6,10,5,3,3,6,0,0,1,0,0,1,635349.9116,5364356.9464,10.829307374,48.417816439,"(48.417816439, 10.829307374)","{'place_id': 175020668, 'licence': 'Data © OpenStreetMap contributors, ODbL 1.0. https://osm.org/copyright', 'osm_type': 'way', 'osm_id': 304768102, 'lat': '48.41781502616903', 'lon': '10.82930725061797', 'display_name': 'A 8, Hirblingen, Gersthofen, Landkreis Augsburg, Bayern, 86368, Deutschland', 'address': {'road': 'A 8', 'village': 'Hirblingen', 'town': 'Gersthofen', 'county': 'Landkreis Augsburg', 'state': 'Bayern', 'postcode': '86368', 'country': 'Deutschland', 'country_code': 'de'}, 'boundingbox': ['48.4174646', '48.418235', '10.8243339', '10.8333386']}","A 8, Hirblingen, Gersthofen, Landkreis Augsburg, Bayern, 86368, Deutschland",A 8,0,0,0,up,[48.41804457 10.82645881],18842.07803700664,18842.07803700664
71860,9,7,72,223,2016,6,12,7,3,2,6,0,0,1,0,0,0,618577.0711,5363094.45,10.602357733,48.409842903,"(48.409842903, 10.602357733)","{'place_id': 179996451, 'licence': 'Data © OpenStreetMap contributors, ODbL 1.0. https://osm.org/copyright', 'osm_type': 'way', 'osm_id': 327667396, 'lat': '48.409859879353306', 'lon': '10.60235794384002', 'display_name': 'A 8, Wollbach, Zusmarshausen, Landkreis Augsburg, Bayern, 86441, Deutschland', 'address': {'road': 'A 8', 'village': 'Wollbach', 'county': 'Landkreis Augsburg', 'state': 'Bayern', 'postcode': '86441', 'country': 'Deutschland', 'country_code': 'de'}, 'boundingbox': ['48.4097528', '48.4098719', '10.6009573', '10.6099358']}","A 8, Wollbach, Zusmarshausen, Landkreis Augsburg, Bayern, 86441, Deutschland",A 8,0,0,0,up,[48.40987453 10.60058496],1784.229827227583,1784.229827227583
72019,9,7,72,111,2016,5,12,2,2,9,1,0,0,1,0,0,0,627017.0535,5364104.4,10.716663354,48.417280429,"(48.417280429, 10.716663354)","{'place_id': 172330239, 'licence': 'Data © OpenStreetMap contributors, ODbL 1.0. https://osm.org/copyright', 'osm_type': 'way', 'osm_id': 295617761, 'lat': '48.41725844231978', 'lon': '10.716661764993686', 'display_name': 'A 8, Adelsried, Landkreis Augsburg, Bayern, 86477, Deutschland', 'address': {'road': 'A 8', 'village': 'Adelsried', 'county': 'Landkreis Augsburg', 'state': 'Bayern', 'postcode': '86477', 'country': 'Deutschland', 'country_code': 'de'}, 'boundingbox': ['48.4170752', '48.4187014', '10.6962877', '10.7191709']}","A 8, Adelsried, Landkreis Augsburg, Bayern, 86477, Deutschland",A 8,0,0,0,up,[48.41734165 10.71551228],10489.216341364396,10489.216341364396
72026,9,7,72,223,2016,6,15,7,3,2,6,0,0,1,0,0,0,622223.4802,5363403.5676,10.651701517,48.411926122,"(48.411926122, 10.651701517)","{'place_id': 158833556, 'licence': 'Data © OpenStreetMap contributors, ODbL 1.0. https://osm.org/copyright', 'osm_type': 'way', 'osm_id': 231885720, 'lat': '48.41191725559916', 'lon': '10.651702795410282', 'display_name': 'A 8, Zusmarshausen, Landkreis Augsburg, Bayern, 86441, Deutschland', 'address': {'road': 'A 8', 'village': 'Zusmarshausen', 'county': 'Landkreis Augsburg', 'state': 'Bayern', 'postcode': '86441', 'country': 'Deutschland', 'country_code': 'de'}, 'boundingbox': ['48.410977', '48.4132166', '10.6452292', '10.6594208']}","A 8, Zusmarshausen, Landkreis Augsburg, Bayern, 86441, Deutschland",A 8,0,0,0,up,[48.41168814 10.65014173],5466.1843490935025,5466.1843490935025
72056,9,7,71,122,2016,6,10,4,3,2,6,0,0,1,0,0,0,653849.5659,5361288.1529,11.078051958,48.385980818,"(48.385980818, 11.078051958)","{'place_id': 123171715, 'licence': 'Data © OpenStreetMap contributors, ODbL 1.0. https://osm.org/copyright', 'osm_type': 'way', 'osm_id': 95261689, 'lat': '48.38598542818178', 'lon': '11.078055057792902', 'display_name': 'A 8, Burgadelzhausen, Adelzhausen, Dasing, Landkreis Aichach-Friedberg, Bayern, 86453, Deutschland', 'address': {'road': 'A 8', 'village': 'Burgadelzhausen', 'municipality': 'Dasing', 'county': 'Landkreis Aichach-Friedberg', 'state': 'Bayern', 'postcode': '86453', 'country': 'Deutschland', 'country_code': 'de'}, 'boundingbox': ['48.3561378', '48.3880253', '11.0750446', '11.1307183']}","A 8, Burgadelzhausen, Adelzhausen, Dasing, Landkreis Aichach-Friedberg, Bayern, 86453, Deutschland",A 8,0,0,0,up,[48.38523961 11.07914047],37877.80312105868,37877.80312105868
72058,9,7,71,122,2016,6,14,6,3,2,6,0,0,1,0,0,0,652952.8538,5362105.9983,11.066246032,48.393551904,"(48.393551904, 11.066246032)","{'place_id': 169534566, 'licence': 'Data © OpenStreetMap contributors, ODbL 1.0. https://osm.org/copyright', 'osm_type': 'way', 'osm_id': 280691747, 'lat': '48.39355683997891', 'lon': '11.06624833180133', 'display_name': 'A 8, Neulwirth, Lindl, Dasing, Landkreis Aichach-Friedberg, Bayern, 86453, Deutschland', 'address': {'road': 'A 8', 'hamlet': 'Neulwirth', 'village': 'Lindl', 'municipality': 'Dasing', 'county': 'Landkreis Aichach-Friedberg', 'state': 'Bayern', 'postcode': '86453', 'country': 'Deutschland', 'country_code': 'de'}, 'boundingbox': ['48.3926085', '48.3936123', '11.0661293', '11.0681792']}","A 8, Neulwirth, Lindl, Dasing, Landkreis Aichach-Friedberg, Bayern, 86453, Deutschland",A 8,0,1,0,down,[48.39392326 11.06542412],39001.93563154952,36666.32141348452
72087,9,7,72,223,2016,6,12,2,3,3,6,0,0,1,0,0,0,618457.583,5363094.5009,10.600743734,48.409865831,"(48.409865831, 10.600743734)","{'place_id': 107694652, 'licence': 'Data © OpenStreetMap contributors, ODbL 1.0. https://osm.org/copyright', 'osm_type': 'way', 'osm_id': 28768104, 'lat': '48.40987392205322', 'lon': '10.600743810633983', 'display_name': 'A 8, Wollbach, Zusmarshausen, Landkreis Augsburg, Bayern, 86441, Deutschland', 'address': {'road': 'A 8', 'village': 'Wollbach', 'county': 'Landkreis Augsburg', 'state': 'Bayern', 'postcode': '86441', 'country': 'Deutschland', 'country_code': 'de'}, 'boundingbox': ['48.4098719', '48.4098924', '10.5987929', '10.6009573']}","A 8, Wollbach, Zusmarshausen, Landkreis Augsburg, Bayern, 86441, Deutschland",A 8,0,0,0,up,[48.40986355 10.60219915],1665.045578918867,1665.045578918867
72128,9,7,71,122,2016,6,4,4,3,8,1,2,0,1,0,0,0,650933.1559,5362345.1018,11.039065882,48.39618828,"(48.39618828, 11.039065882)","{'place_id': 171593475, 'licence': 'Data © OpenStreetMap contributors, ODbL 1.0. https://osm.org/copyright', 'osm_type': 'way', 'osm_id': 288973413, 'lat': '48.396225061081125', 'lon': '11.039064389788251', 'display_name': 'A 8, Sophienhof, Bitzenhofen, Dasing, Landkreis Aichach-Friedberg, Bayern, 86453, Deutschland', 'address': {'road': 'A 8', 'hamlet': 'Sophienhof', 'village': 'Bitzenhofen', 'municipality': 'Dasing', 'county': 'Landkreis Aichach-Friedberg', 'state': 'Bayern', 'postcode': '86453', 'country': 'Deutschland', 'country_code': 'de'}, 'boundingbox': ['48.3960534', '48.4039031', '10.9564457', '11.0556046']}","A 8, Sophienhof, Bitzenhofen, Dasing, Landkreis Aichach-Friedberg, Bayern, 86453, Deutschland",A 8,0,1,0,down,[48.3960889  11.03598594],41081.675904186384,34597.18172359408
72156,9,7,61,0,2016,6,15,6,2,2,6,0,0,1,0,0,0,640287.0575,5364010.6401,10.895881684,48.413622687,"(48.413622687, 10.895881684)","{'place_id': 107051918, 'licence': 'Data © OpenStreetMap contributors, ODbL 1.0. https://osm.org/copyright', 'osm_type': 'way', 'osm_id': 27394068, 'lat': '48.41359571614401', 'lon': '10.895878756287047', 'display_name': 'A 8, Firnhaberau, Augsburg, Bayern, 86169, Deutschland', 'address': {'road': 'A 8', 'suburb': 'Firnhaberau', 'city': 'Augsburg', 'state': 'Bayern', 'postcode': '86169', 'country': 'Deutschland', 'country_code': 'de'}, 'boundingbox': ['48.4118564', '48.4140709', '10.8897511', '10.907569']}","A 8, Firnhaberau, Augsburg, Bayern, 86169, Deutschland",A 8,0,0,0,up,[48.41355883 10.89622082],23782.876381570175,23782.876381570175
72279,9,7,61,0,2016,6,17,2,3,2,1,0,0,1,0,0,1,643450.1552,5363327.8851,10.938370152,48.406771682,"(48.406771682, 10.938370152)","{'place_id': 169491747, 'licence': 'Data © OpenStreetMap contributors, ODbL 1.0. https://osm.org/copyright', 'osm_type': 'way', 'osm_id': 280695156, 'lat': '48.406751541647736', 'lon': '10.938366802446017', 'display_name': 'A 8, Dickelsmoor, Friedberg, Landkreis Aichach-Friedberg, Bayern, 86167, Deutschland', 'address': {'road': 'A 8', 'hamlet': 'Dickelsmoor', 'town': 'Friedberg', 'county': 'Landkreis Aichach-Friedberg', 'state': 'Bayern', 'postcode': '86167', 'country': 'Deutschland', 'country_code': 'de'}, 'boundingbox': ['48.4051416', '48.4081703', '10.929844', '10.9481348']}","A 8, Dickelsmoor, Friedberg, Landkreis Aichach-Friedberg, Bayern, 86167, Deutschland",A 8,0,0,1,up,[48.40714313 10.93602036],27011.37183628242,27011.37183628242
72306,9,7,71,111,2016,6,19,5,3,2,6,0,0,1,0,0,0,657814.9366,5358126.2622,11.130387683,48.356574654,"(48.356574654, 11.130387683)","{'place_id': 123171715, 'licence': 'Data © OpenStreetMap contributors, ODbL 1.0. https://osm.org/copyright', 'osm_type': 'way', 'osm_id': 95261689, 'lat': '48.35656228313494', 'lon': '11.130372497389972', 'display_name': 'A 8, Burgadelzhausen, Adelzhausen, Dasing, Landkreis Aichach-Friedberg, Bayern, 86453, Deutschland', 'address': {'road': 'A 8', 'village': 'Burgadelzhausen', 'municipality': 'Dasing', 'county': 'Landkreis Aichach-Friedberg', 'state': 'Bayern', 'postcode': '86453', 'country': 'Deutschland', 'country_code': 'de'}, 'boundingbox': ['48.3561378', '48.3880253', '11.0750446', '11.1307183']}","A 8, Burgadelzhausen, Adelzhausen, Dasing, Landkreis Aichach-Friedberg, Bayern, 86453, Deutschland",A 8,0,0,0,up,[48.35532179 11.13140445],43029.2164660081,43029.2164660081
72358,9,7,71,122,2016,6,15,4,3,2,6,0,0,1,0,0,0,655041.1962,5360176.3587,11.09372608,48.375693392,"(48.375693392, 11.09372608)","{'place_id': 123171715, 'licence': 'Data © OpenStreetMap contributors, ODbL 1.0. https://osm.org/copyright', 'osm_type': 'way', 'osm_id': 95261689, 'lat': '48.37566654690949', 'lon': '11.093709010158873', 'display_name': 'A 8, Burgadelzhausen, Adelzhausen, Dasing, Landkreis Aichach-Friedberg, Bayern, 86453, Deutschland', 'address': {'road': 'A 8', 'village': 'Burgadelzhausen', 'municipality': 'Dasing', 'county': 'Landkreis Aichach-Friedberg', 'state': 'Bayern', 'postcode': '86453', 'country': 'Deutschland', 'country_code': 'de'}, 'boundingbox': ['48.3561378', '48.3880253', '11.0750446', '11.1307183']}","A 8, Burgadelzhausen, Adelzhausen, Dasing, Landkreis Aichach-Friedberg, Bayern, 86453, Deutschland",A 8,0,0,0,up,[48.37246825 11.09876827],39505.941021940176,39505.941021940176
72470,9,7,71,122,2016,6,4,4,3,7,7,2,0,1,0,0,1,653166.2987,5361929.9619,11.069063317,48.391917409,"(48.391917409, 11.069063317)","{'place_id': 107917906, 'licence': 'Data © OpenStreetMap contributors, ODbL 1.0. https://osm.org/copyright', 'osm_type': 'way', 'osm_id': 27127052, 'lat': '48.39191754382512', 'lon': '11.069063395816118', 'display_name': 'A 8, Neulwirth, Lindl, Dasing, Landkreis Aichach-Friedberg, Bayern, 86453, Deutschland', 'address': {'road': 'A 8', 'hamlet': 'Neulwirth', 'village': 'Lindl', 'municipality': 'Dasing', 'county': 'Landkreis Aichach-Friedberg', 'state': 'Bayern', 'postcode': '86453', 'country': 'Deutschland', 'country_code': 'de'}, 'boundingbox': ['48.3916325', '48.392718', '11.0676037', '11.069551']}","A 8, Neulwirth, Lindl, Dasing, Landkreis Aichach-Friedberg, Bayern, 86453, Deutschland",A 8,0,1,0,up,[48.3918872  11.06911617],36941.190519755924,36941.190519755924
72498,9,7,72,223,2016,6,7,6,3,3,6,0,0,1,0,0,1,618655.6755,5363094.698,10.603419568,48.409830339,"(48.409830339, 10.603419568)","{'place_id': 179996451, 'licence': 'Data © OpenStreetMap contributors, ODbL 1.0. https://osm.org/copyright', 'osm_type': 'way', 'osm_id': 327667396, 'lat': '48.40984669185208', 'lon': '10.603419771096366', 'display_name': 'A 8, Wollbach, Zusmarshausen, Landkreis Augsburg, Bayern, 86441, Deutschland', 'address': {'road': 'A 8', 'village': 'Wollbach', 'county': 'Landkreis Augsburg', 'state': 'Bayern', 'postcode': '86441', 'country': 'Deutschland', 'country_code': 'de'}, 'boundingbox': ['48.4097528', '48.4098719', '10.6009573', '10.6099358']}","A 8, Wollbach, Zusmarshausen, Landkreis Augsburg, Bayern, 86441, Deutschland",A 8,0,0,0,up,[48.40986012 10.60237196],1862.6574133273696,1862.6574133273696
72508,9,7,72,111,2016,6,11,3,3,3,6,0,0,1,0,0,1,625973.3428,5364206.7961,10.702594638,48.418410772,"(48.418410772, 10.702594638)","{'place_id': 179285986, 'licence': 'Data © OpenStreetMap contributors, ODbL 1.0. https://osm.org/copyright', 'osm_type': 'way', 'osm_id': 327667395, 'lat': '48.41843985358769', 'lon': '10.7025969349552', 'display_name': 'A 8, Adelsried, Landkreis Augsburg, Bayern, 86477, Deutschland', 'address': {'road': 'A 8', 'village': 'Adelsried', 'county': 'Landkreis Augsburg', 'state': 'Bayern', 'postcode': '86477', 'country': 'Deutschland', 'country_code': 'de'}, 'boundingbox': ['48.4173813', '48.4201097', '10.6826043', '10.717102']}","A 8, Adelsried, Landkreis Augsburg, Bayern, 86477, Deutschland",A 8,0,0,0,down,[48.41842407 10.70280114],66232.13999761999,9442.873971977377
72672,9,1,74,146,2016,6,18,6,3,2,6,0,0,1,0,0,0,667277.4957,5350725.4543,11.255089295,48.287607948,"(48.287607948, 11.255089295)","{'place_id': 108867869, 'licence': 'Data © OpenStreetMap contributors, ODbL 1.0. https://osm.org/copyright', 'osm_type': 'way', 'osm_id': 28802113, 'lat': '48.28761347459582', 'lon': '11.25509149368493', 'display_name': 'A 8, Ziegelstadel, Wiedenzhausen, Sulzemoos, Landkreis Dachau, Bayern, 85259, Deutschland', 'address': {'road': 'A 8', 'hamlet': 'Ziegelstadel', 'village': 'Wiedenzhausen', 'county': 'Landkreis Dachau', 'state': 'Bayern', 'postcode': '85259', 'country': 'Deutschland', 'country_code': 'de'}, 'boundingbox': ['48.287303', '48.2952793', '11.2306553', '11.2558719']}","A 8, Ziegelstadel, Wiedenzhausen, Sulzemoos, Landkreis Dachau, Bayern, 85259, Deutschland",A 8,0,0,0,down,[48.28740916 11.25560531],20454.030443311807,55216.29580264523
72706,9,7,72,147,2016,6,18,6,3,2,6,0,0,1,0,0,0,639490.9114,5364059.815,10.885144753,48.414241586,"(48.414241586, 10.885144753)","{'place_id': 174083771, 'licence': 'Data © OpenStreetMap contributors, ODbL 1.0. https://osm.org/copyright', 'osm_type': 'way', 'osm_id': 300908997, 'lat': '48.4142270283694', 'lon': '10.885144437829803', 'display_name': 'A 8, Gersthofen, Landkreis Augsburg, Bayern, 86368, Deutschland', 'address': {'road': 'A 8', 'town': 'Gersthofen', 'county': 'Landkreis Augsburg', 'state': 'Bayern', 'postcode': '86368', 'country': 'Deutschland', 'country_code': 'de'}, 'boundingbox': ['48.4141586', '48.4142457', '10.884282', '10.887599']}","A 8, Gersthofen, Landkreis Augsburg, Bayern, 86368, Deutschland",A 8,0,0,0,up,[48.41424513 10.88432099],22987.011724998825,22987.011724998825
72748,9,7,72,223,2016,6,4,3,3,8,7,2,0,1,0,0,0,622384.0381,5363456.9554,10.653885896,48.412375066,"(48.412375066, 10.653885896)","{'place_id': 190313543, 'licence': 'Data © OpenStreetMap contributors, ODbL 1.0. https://osm.org/copyright', 'osm_type': 'way', 'osm_id': 383249715, 'lat': '48.41239415710235', 'lon': '10.653883073003346', 'display_name': 'A 8, Zusmarshausen, Landkreis Augsburg, Bayern, 86441, Deutschland', 'address': {'road': 'A 8', 'village': 'Zusmarshausen', 'county': 'Landkreis Augsburg', 'state': 'Bayern', 'postcode': '86441', 'country': 'Deutschland', 'country_code': 'de'}, 'boundingbox': ['48.4120489', '48.4124994', '10.6515482', '10.6545948']}","A 8, Zusmarshausen, Landkreis Augsburg, Bayern, 86441, Deutschland",A 8,0,0,0,down,[48.41283226 10.6567945 ],70048.6601511053,5634.375633368076
72802,9,1,79,142,2016,6,8,5,3,3,6,0,0,1,0,0,1,674886.0963,5344486.2599,11.354994902,48.229466474,"(48.229466474, 11.354994902)","{'place_id': 99501807, 'licence': 'Data © OpenStreetMap contributors, ODbL 1.0. https://osm.org/copyright', 'osm_type': 'way', 'osm_id': 10564392, 'lat': '48.22943874521499', 'lon': '11.35497862882193', 'display_name': 'A 8, Graßlfing, Olching, Landkreis Fürstenfeldbruck, Bayern, 82140, Deutschland', 'address': {'road': 'A 8', 'suburb': 'Graßlfing', 'town': 'Olching', 'county': 'Landkreis Fürstenfeldbruck', 'state': 'Bayern', 'postcode': '82140', 'country': 'Deutschland', 'country_code': 'de'}, 'boundingbox': ['48.2294326', '48.2302389', '11.3536152', '11.3549891']}","A 8, Graßlfing, Olching, Landkreis Fürstenfeldbruck, Bayern, 82140, Deutschland",A 8,0,0,0,up,[48.23022633 11.3536366 ],65127.84855249392,65127.84855249392
72807,9,1,74,146,2016,6,14,1,3,2,6,0,0,1,0,0,0,668140.698,5350181.2342,11.26650022,48.282486876,"(48.282486876, 11.26650022)","{'place_id': 108381959, 'licence': 'Data © OpenStreetMap contributors, ODbL 1.0. https://osm.org/copyright', 'osm_type': 'way', 'osm_id': 28802112, 'lat': '48.282497004231864', 'lon': '11.266505049018956', 'display_name': 'A 8, Haidhof, Einsbach, Sulzemoos, Landkreis Dachau, Bayern, 85254, Deutschland', 'address': {'road': 'A 8', 'hamlet': 'Haidhof', 'village': 'Einsbach', 'county': 'Landkreis Dachau', 'state': 'Bayern', 'postcode': '85254', 'country': 'Deutschland', 'country_code': 'de'}, 'boundingbox': ['48.282323', '48.283379', '11.264606', '11.26687']}","A 8, Haidhof, Einsbach, Sulzemoos, Landkreis Dachau, Bayern, 85254, Deutschland",A 8,0,1,0,down,[48.28272086 11.26603588],19435.022327552968,56234.218218846334
72845,9,7,61,0,2016,6,18,6,3,9,6,0,0,1,0,0,0,641363.5563,5363791.4163,10.910347566,48.411410963,"(48.411410963, 10.910347566)","{'place_id': 106960766, 'licence': 'Data © OpenStreetMap contributors, ODbL 1.0. https://osm.org/copyright', 'osm_type': 'way', 'osm_id': 27126890, 'lat': '48.411393708843825', 'lon': '10.910344730261956', 'display_name': 'A 8, Hammerschmiede, Augsburg, Bayern, 86169, Deutschland', 'address': {'road': 'A 8', 'suburb': 'Hammerschmiede', 'city': 'Augsburg', 'state': 'Bayern', 'postcode': '86169', 'country': 'Deutschland', 'country_code': 'de'}, 'boundingbox': ['48.4085277', '48.4114704', '10.9098781', '10.9277055']}","A 8, Hammerschmiede, Augsburg, Bayern, 86169, Deutschland",A 8,0,0,0,up,[48.41164203 10.90891273],24878.963122375182,24878.963122375182
72941,9,1,74,146,2016,6,14,1,2,8,1,0,0,1,0,0,0,668140.698,5350181.2342,11.26650022,48.282486876,"(48.282486876, 11.26650022)","{'place_id': 108381959, 'licence': 'Data © OpenStreetMap contributors, ODbL 1.0. https://osm.org/copyright', 'osm_type': 'way', 'osm_id': 28802112, 'lat': '48.282497004231864', 'lon': '11.266505049018956', 'display_name': 'A 8, Haidhof, Einsbach, Sulzemoos, Landkreis Dachau, Bayern, 85254, Deutschland', 'address': {'road': 'A 8', 'hamlet': 'Haidhof', 'village': 'Einsbach', 'county': 'Landkreis Dachau', 'state': 'Bayern', 'postcode': '85254', 'country': 'Deutschland', 'country_code': 'de'}, 'boundingbox': ['48.282323', '48.283379', '11.264606', '11.26687']}","A 8, Haidhof, Einsbach, Sulzemoos, Landkreis Dachau, Bayern, 85254, Deutschland",A 8,0,1,0,down,[48.28272086 11.26603588],19435.022327552968,56234.218218846334
73043,9,1,74,146,2016,6,14,1,2,2,6,0,0,1,0,0,0,668140.698,5350181.2342,11.26650022,48.282486876,"(48.282486876, 11.26650022)","{'place_id': 108381959, 'licence': 'Data © OpenStreetMap contributors, ODbL 1.0. https://osm.org/copyright', 'osm_type': 'way', 'osm_id': 28802112, 'lat': '48.282497004231864', 'lon': '11.266505049018956', 'display_name': 'A 8, Haidhof, Einsbach, Sulzemoos, Landkreis Dachau, Bayern, 85254, Deutschland', 'address': {'road': 'A 8', 'hamlet': 'Haidhof', 'village': 'Einsbach', 'county': 'Landkreis Dachau', 'state': 'Bayern', 'postcode': '85254', 'country': 'Deutschland', 'country_code': 'de'}, 'boundingbox': ['48.282323', '48.283379', '11.264606', '11.26687']}","A 8, Haidhof, Einsbach, Sulzemoos, Landkreis Dachau, Bayern, 85254, Deutschland",A 8,0,1,1,down,[48.28272086 11.26603588],19435.022327552968,56234.218218846334
73208,9,1,74,146,2016,6,14,1,3,8,1,0,0,1,0,0,0,668140.698,5350181.2342,11.26650022,48.282486876,"(48.282486876, 11.26650022)","{'place_id': 108381959, 'licence': 'Data © OpenStreetMap contributors, ODbL 1.0. https://osm.org/copyright', 'osm_type': 'way', 'osm_id': 28802112, 'lat': '48.282497004231864', 'lon': '11.266505049018956', 'display_name': 'A 8, Haidhof, Einsbach, Sulzemoos, Landkreis Dachau, Bayern, 85254, Deutschland', 'address': {'road': 'A 8', 'hamlet': 'Haidhof', 'village': 'Einsbach', 'county': 'Landkreis Dachau', 'state': 'Bayern', 'postcode': '85254', 'country': 'Deutschland', 'country_code': 'de'}, 'boundingbox': ['48.282323', '48.283379', '11.264606', '11.26687']}","A 8, Haidhof, Einsbach, Sulzemoos, Landkreis Dachau, Bayern, 85254, Deutschland",A 8,0,1,0,down,[48.28272086 11.26603588],19435.022327552968,56234.218218846334
73245,9,7,71,111,2016,6,14,6,2,2,6,0,0,1,0,1,0,657460.0739,5358658.0486,11.125799721,48.361444228,"(48.361444228, 11.125799721)","{'place_id': 112409051, 'licence': 'Data © OpenStreetMap contributors, ODbL 1.0. https://osm.org/copyright', 'osm_type': 'way', 'osm_id': 42400874, 'lat': '48.36145192620021', 'lon': '11.12580553756536', 'display_name': 'A 8, Burgadelzhausen, Adelzhausen, Dasing, Landkreis Aichach-Friedberg, Bayern, 86453, Deutschland', 'address': {'road': 'A 8', 'village': 'Burgadelzhausen', 'municipality': 'Dasing', 'county': 'Landkreis Aichach-Friedberg', 'state': 'Bayern', 'postcode': '86453', 'country': 'Deutschland', 'country_code': 'de'}, 'boundingbox': ['48.3561686', '48.3880438', '11.0753176', '11.1309595']}","A 8, Burgadelzhausen, Adelzhausen, Dasing, Landkreis Aichach-Friedberg, Bayern, 86453, Deutschland",A 8,0,0,0,down,[48.36153132 11.12570096],33273.22892608676,42391.06018824385
73364,9,1,62,0,2016,6,6,3,3,2,6,0,0,1,0,0,0,682007.0011,5338173.6403,11.448088302,48.170721334,"(48.170721334, 11.448088302)","{'place_id': 179695464, 'licence': 'Data © OpenStreetMap contributors, ODbL 1.0. https://osm.org/copyright', 'osm_type': 'way', 'osm_id': 326360862, 'lat': '48.17072133666207', 'lon': '11.448088303777068', 'display_name': 'A 8, Obermenzing, Pasing-Obermenzing, München, Bayern, 81247, Deutschland', 'address': {'road': 'A 8', 'suburb': 'Obermenzing', 'city_district': 'Pasing-Obermenzing', 'city': 'München', 'state': 'Bayern', 'postcode': '81247', 'country': 'Deutschland', 'country_code': 'de'}, 'boundingbox': ['48.1704903', '48.1720528', '11.4461273', '11.4484344']}","A 8, Obermenzing, Pasing-Obermenzing, München, Bayern, 81247, Deutschland",A 8,0,0,0,up,[48.17151795 11.44689412],74635.96707767333,74635.96707767333
73497,9,7,71,111,2016,6,22,3,2,8,6,2,0,1,0,0,0,657902.995,5358002.9705,11.131529295,48.355444199,"(48.355444199, 11.131529295)","{'place_id': 164693636, 'licence': 'Data © OpenStreetMap contributors, ODbL 1.0. https://osm.org/copyright', 'osm_type': 'way', 'osm_id': 251505068, 'lat': '48.35545575112141', 'lon': '11.131543415850665', 'display_name': 'A 8, Burgadelzhausen, Adelzhausen, Dasing, Landkreis Aichach-Friedberg, Bayern, 86559, Deutschland', 'address': {'road': 'A 8', 'village': 'Burgadelzhausen', 'municipality': 'Dasing', 'county': 'Landkreis Aichach-Friedberg', 'state': 'Bayern', 'postcode': '86559', 'country': 'Deutschland', 'country_code': 'de'}, 'boundingbox': ['48.3541399', '48.3557176', '11.1313292', '11.1326199']}","A 8, Burgadelzhausen, Adelzhausen, Dasing, Landkreis Aichach-Friedberg, Bayern, 86559, Deutschland",A 8,0,0,0,down,[48.35643619 11.13074139],32480.547983487984,43180.138147282494
73585,9,1,74,113,2016,6,21,5,3,2,6,1,0,1,0,0,0,669695.8801,5348944.1241,11.286949816,48.270950847,"(48.270950847, 11.286949816)","{'place_id': 169894014, 'licence': 'Data © OpenStreetMap contributors, ODbL 1.0. https://osm.org/copyright', 'osm_type': 'way', 'osm_id': 280421998, 'lat': '48.270935863336334', 'lon': '11.286935447641108', 'display_name': 'A 8, Einsbach, Sulzemoos, Landkreis Dachau, Bayern, 85254, Deutschland', 'address': {'road': 'A 8', 'village': 'Einsbach', 'county': 'Landkreis Dachau', 'state': 'Bayern', 'postcode': '85254', 'country': 'Deutschland', 'country_code': 'de'}, 'boundingbox': ['48.2708684', '48.2776562', '11.2764074', '11.2870058']}","A 8, Einsbach, Sulzemoos, Landkreis Dachau, Bayern, 85254, Deutschland",A 8,0,0,0,up,[48.27053344 11.28735338],58231.78002480919,58231.78002480919