OBJECTID,ULAND,UREGBEZ,UKREIS,UGEMEINDE,UJAHR,UMONAT,USTUNDE,UWOCHENTAG,UKATEGORIE,UART,UTYP1,ULICHTVERH,IstRad,IstPKW,IstFuss,IstKrad,IstGkfz,LINREFX,LINREFY,XGCSWGS84,YGCSWGS84,coord,location_dict,address,road,UIDENTSTLAE,STRZUSTAND,IstSonstige,lane,coord_interp,dist_interp,dist_interp_up
73685,9,1,74,113,2016,6,20,5,3,2,6,0,0,1,0,0,0,671346.6639,5347066.3646,11.30841778,48.253626361,"(48.253626361, 11.30841778)","{'place_id': 107811431, 'licence': 'Data © OpenStreetMap contributors, ODbL 1.0. https://osm.org/copyright', 'osm_type': 'way', 'osm_id': 28801887, 'lat': '48.25362741509025', 'lon': '11.308418295780413', 'display_name': 'A 8, Palsweis, Bergkirchen, Landkreis Dachau, Bayern, 85232, Deutschland', 'address': {'road': 'A 8', 'village': 'Palsweis', 'county': 'Landkreis Dachau', 'state': 'Bayern', 'postcode': '85232', 'country': 'Deutschland', 'country_code': 'de'}, 'boundingbox': ['48.2425147', '48.2563862', '11.3031077', '11.331198']}","A 8, Palsweis, Bergkirchen, Landkreis Dachau, Bayern, 85232, Deutschland",A 8,0,0,0,down,[48.2539126  11.30783609],14916.808869581595,60752.24504318108
73802,9,1,74,135,2016,6,17,5,3,0,7,0,0,1,0,0,0,663819.767,5352727.8377,11.209288505,48.306513759,"(48.306513759, 11.209288505)","{'place_id': 207325858, 'licence': 'Data © OpenStreetMap contributors, ODbL 1.0. https://osm.org/copyright', 'osm_type': 'way', 'osm_id': 477921133, 'lat': '48.3065482204368', 'lon': '11.209312111501143', 'display_name': 'A 8, Lukka, Taxa, Odelzhausen, Landkreis Dachau, Bayern, 85259, Deutschland', 'address': {'road': 'A 8', 'hamlet': 'Lukka', 'village': 'Taxa', 'county': 'Landkreis Dachau', 'state': 'Bayern', 'postcode': '85259', 'country': 'Deutschland', 'country_code': 'de'}, 'boundingbox': ['48.295503', '48.306587', '11.2092555', '11.2299598']}","A 8, Lukka, Taxa, Odelzhausen, Landkreis Dachau, Bayern, 85259, Deutschland",A 8,0,0,0,down,[48.30785155 11.20741221],24484.280998848084,51181.970200850876
73945,9,7,71,111,2016,6,17,7,3,8,1,0,0,1,0,0,0,657344.6041,5358755.1692,11.124278251,48.362346172,"(48.362346172, 11.124278251)","{'place_id': 123171715, 'licence': 'Data © OpenStreetMap contributors, ODbL 1.0. https://osm.org/copyright', 'osm_type': 'way', 'osm_id': 95261689, 'lat': '48.36232531606101', 'lon': '11.124264277520878', 'display_name': 'A 8, Burgadelzhausen, Adelzhausen, Dasing, Landkreis Aichach-Friedberg, Bayern, 86453, Deutschland', 'address': {'road': 'A 8', 'village': 'Burgadelzhausen', 'municipality': 'Dasing', 'county': 'Landkreis Aichach-Friedberg', 'state': 'Bayern', 'postcode': '86453', 'country': 'Deutschland', 'country_code': 'de'}, 'boundingbox': ['48.3561378', '48.3880253', '11.0750446', '11.1307183']}","A 8, Burgadelzhausen, Adelzhausen, Dasing, Landkreis Aichach-Friedberg, Bayern, 86453, Deutschland",A 8,0,1,0,up,[48.36287838 11.12340284],42241.52124459683,42241.52124459683
74025,9,1,74,135,2016,6,6,2,3,8,1,0,0,1,0,0,0,663580.7939,5352961.8014,11.206158873,48.308678943,"(48.308678943, 11.206158873)","{'place_id': 163859575, 'licence': 'Data © OpenStreetMap contributors, ODbL 1.0. https://osm.org/copyright', 'osm_type': 'way', 'osm_id': 251505066, 'lat': '48.30869724770484', 'lon': '11.206171507789763', 'display_name': 'A 8, Taxa, Odelzhausen, Landkreis Dachau, Bayern, 85235, Deutschland', 'address': {'road': 'A 8', 'village': 'Taxa', 'county': 'Landkreis Dachau', 'state': 'Bayern', 'postcode': '85235', 'country': 'Deutschland', 'country_code': 'de'}, 'boundingbox': ['48.3078027', '48.3092977', '11.2053016', '11.2074832']}","A 8, Taxa, Odelzhausen, Landkreis Dachau, Bayern, 85235, Deutschland",A 8,0,0,0,down,[48.30916116 11.20549998],24818.341696041534,50847.778323842205
74231,9,7,71,130,2016,7,17,6,3,2,6,0,0,1,0,0,0,646438.2794,5362837.2915,10.978551228,48.401673552,"(48.401673552, 10.978551228)","{'place_id': 171593475, 'licence': 'Data © OpenStreetMap contributors, ODbL 1.0. https://osm.org/copyright', 'osm_type': 'way', 'osm_id': 288973413, 'lat': '48.40168869199202', 'lon': '10.978550907810884', 'display_name': 'A 8, Sophienhof, Bitzenhofen, Dasing, Landkreis Aichach-Friedberg, Bayern, 86453, Deutschland', 'address': {'road': 'A 8', 'hamlet': 'Sophienhof', 'village': 'Bitzenhofen', 'municipality': 'Dasing', 'county': 'Landkreis Aichach-Friedberg', 'state': 'Bayern', 'postcode': '86453', 'country': 'Deutschland', 'country_code': 'de'}, 'boundingbox': ['48.3960534', '48.4039031', '10.9564457', '11.0556046']}","A 8, Sophienhof, Bitzenhofen, Dasing, Landkreis Aichach-Friedberg, Bayern, 86453, Deutschland",A 8,0,0,0,down,[48.40171432 10.9797535 ],45627.4503047511,30049.66137540455
74362,9,7,71,122,2016,7,17,6,3,2,6,0,0,1,0,0,0,648931.7511,5362687.07,11.012166204,48.399738804,"(48.399738804, 11.012166204)","{'place_id': 179625445, 'licence': 'Data © OpenStreetMap contributors, ODbL 1.0. https://osm.org/copyright', 'osm_type': 'way', 'osm_id': 327495113, 'lat': '48.39971749572137', 'lon': '11.01216463631243', 'display_name': 'A 8, Sophienhof, Bitzenhofen, Dasing, Landkreis Aichach-Friedberg, Bayern, 86453, Deutschland', 'address': {'road': 'A 8', 'hamlet': 'Sophienhof', 'village': 'Bitzenhofen', 'municipality': 'Dasing', 'county': 'Landkreis Aichach-Friedberg', 'state': 'Bayern', 'postcode': '86453', 'country': 'Deutschland', 'country_code': 'de'}, 'boundingbox': ['48.3959071', '48.4010591', '10.9924061', '11.0555759']}","A 8, Sophienhof, Bitzenhofen, Dasing, Landkreis Aichach-Friedberg, Bayern, 86453, Deutschland",A 8,0,0,0,up,[48.39965375 11.01302838],32541.72263579271,32541.72263579271
74397,9,7,72,147,2016,6,23,5,2,9,1,2,0,1,0,0,0,634237.0063,5364485.3879,10.81431501,48.419209477,"(48.419209477, 10.81431501)","{'place_id': 181099388, 'licence': 'Data © OpenStreetMap contributors, ODbL 1.0. https://osm.org/copyright', 'osm_type': 'way', 'osm_id': 330705165, 'lat': '48.41918609044511', 'lon': '10.81431288864933', 'display_name': 'A 8, Gailenbach, Edenbergen, Gersthofen, Landkreis Augsburg, Bayern, 86368, Deutschland', 'address': {'road': 'A 8', 'hamlet': 'Gailenbach', 'village': 'Edenbergen', 'town': 'Gersthofen', 'county': 'Landkreis Augsburg', 'state': 'Bayern', 'postcode': '86368', 'country': 'Deutschland', 'country_code': 'de'}, 'boundingbox': ['48.4190459', '48.419288', '10.8131894', '10.8158584']}","A 8, Gailenbach, Edenbergen, Gersthofen, Landkreis Augsburg, Bayern, 86368, Deutschland",A 8,0,1,0,up,[48.41914766 10.81473676],17724.493841719268,17724.493841719268
74510,9,7,71,130,2016,7,19,6,3,2,6,0,0,1,0,0,0,647336.0915,5362807.1703,10.990663548,48.401193547,"(48.401193547, 10.990663548)","{'place_id': 179891746, 'licence': 'Data © OpenStreetMap contributors, ODbL 1.0. https://osm.org/copyright', 'osm_type': 'way', 'osm_id': 327495111, 'lat': '48.40117353847768', 'lon': '10.990662234971298', 'display_name': 'A 8, Haberskirch, Friedberg, Landkreis Aichach-Friedberg, Bayern, 86316, Deutschland', 'address': {'road': 'A 8', 'village': 'Haberskirch', 'town': 'Friedberg', 'county': 'Landkreis Aichach-Friedberg', 'state': 'Bayern', 'postcode': '86316', 'country': 'Deutschland', 'country_code': 'de'}, 'boundingbox': ['48.4010591', '48.4011933', '10.9903611', '10.9924061']}","A 8, Haberskirch, Friedberg, Landkreis Aichach-Friedberg, Bayern, 86316, Deutschland",A 8,0,0,0,up,[48.40107863 10.99210645],30945.636351157696,30945.636351157696
74545,9,7,71,122,2016,6,18,5,3,9,1,0,0,1,0,0,0,651022.8052,5362353.6572,11.040279298,48.396243735,"(48.396243735, 11.040279298)","{'place_id': 171593475, 'licence': 'Data © OpenStreetMap contributors, ODbL 1.0. https://osm.org/copyright', 'osm_type': 'way', 'osm_id': 288973413, 'lat': '48.396274299708416', 'lon': '11.040278057987047', 'display_name': 'A 8, Sophienhof, Bitzenhofen, Dasing, Landkreis Aichach-Friedberg, Bayern, 86453, Deutschland', 'address': {'road': 'A 8', 'hamlet': 'Sophienhof', 'village': 'Bitzenhofen', 'municipality': 'Dasing', 'county': 'Landkreis Aichach-Friedberg', 'state': 'Bayern', 'postcode': '86453', 'country': 'Deutschland', 'country_code': 'de'}, 'boundingbox': ['48.3960534', '48.4039031', '10.9564457', '11.0556046']}","A 8, Sophienhof, Bitzenhofen, Dasing, Landkreis Aichach-Friedberg, Bayern, 86453, Deutschland",A 8,0,1,0,down,[48.39603477 11.03477239],40991.85135557679,34686.99507956743
74580,9,1,74,146,2016,6,5,5,3,8,1,1,0,1,0,0,0,667251.3346,5350739.4186,11.254742426,48.287740397,"(48.287740397, 11.254742426)","{'place_id': 108867869, 'licence': 'Data © OpenStreetMap contributors, ODbL 1.0. https://osm.org/copyright', 'osm_type': 'way', 'osm_id': 28802113, 'lat': '48.28774931209481', 'lon': '11.254745786394171', 'display_name': 'A 8, Ziegelstadel, Wiedenzhausen, Sulzemoos, Landkreis Dachau, Bayern, 85259, Deutschland', 'address': {'road': 'A 8', 'hamlet': 'Ziegelstadel', 'village': 'Wiedenzhausen', 'county': 'Landkreis Dachau', 'state': 'Bayern', 'postcode': '85259', 'country': 'Deutschland', 'country_code': 'de'}, 'boundingbox': ['48.287303', '48.2952793', '11.2306553', '11.2558719']}","A 8, Ziegelstadel, Wiedenzhausen, Sulzemoos, Landkreis Dachau, Bayern, 85259, Deutschland",A 8,0,1,0,down,[48.28727257 11.25594845],20483.62366920045,55186.706119852424
74640,9,7,71,130,2016,7,8,7,3,3,6,0,0,1,0,0,0,647905.2095,5362778.6552,10.99833802,48.400803906,"(48.400803906, 10.99833802)","{'place_id': 171593475, 'licence': 'Data © OpenStreetMap contributors, ODbL 1.0. https://osm.org/copyright', 'osm_type': 'way', 'osm_id': 288973413, 'lat': '48.40081686884917', 'lon': '10.998338825197848', 'display_name': 'A 8, Sophienhof, Bitzenhofen, Dasing, Landkreis Aichach-Friedberg, Bayern, 86453, Deutschland', 'address': {'road': 'A 8', 'hamlet': 'Sophienhof', 'village': 'Bitzenhofen', 'municipality': 'Dasing', 'county': 'Landkreis Aichach-Friedberg', 'state': 'Bayern', 'postcode': '86453', 'country': 'Deutschland', 'country_code': 'de'}, 'boundingbox': ['48.3960534', '48.4039031', '10.9564457', '11.0556046']}","A 8, Sophienhof, Bitzenhofen, Dasing, Landkreis Aichach-Friedberg, Bayern, 86453, Deutschland",A 8,0,0,0,down,[48.40081933 10.99829718],44161.0743211943,31513.992121153624
74651,9,7,71,130,2016,7,3,7,3,6,4,2,0,1,1,0,0,644211.1959,5363158.4369,10.948589319,48.405074458,"(48.405074458, 10.948589319)","{'place_id': 169794254, 'licence': 'Data © OpenStreetMap contributors, ODbL 1.0. https://osm.org/copyright', 'osm_type': 'way', 'osm_id': 280694757, 'lat': '48.405064291622146', 'lon': '10.948587583188688', 'display_name': 'A 8, Derching, Friedberg, Landkreis Aichach-Friedberg, Bayern, 86316, Deutschland', 'address': {'road': 'A 8', 'village': 'Derching', 'town': 'Friedberg', 'county': 'Landkreis Aichach-Friedberg', 'state': 'Bayern', 'postcode': '86316', 'country': 'Deutschland', 'country_code': 'de'}, 'boundingbox': ['48.4046593', '48.4051416', '10.9481348', '10.9510196']}","A 8, Derching, Friedberg, Landkreis Aichach-Friedberg, Bayern, 86316, Deutschland",A 8,0,0,0,up,[48.40493102 10.94936936],27789.184404221633,27789.184404221633
74666,9,7,71,122,2016,7,21,4,2,3,7,0,0,1,0,0,1,654240.5387,5360928.9628,11.083197371,48.382655995,"(48.382655995, 11.083197371)","{'place_id': 112409051, 'licence': 'Data © OpenStreetMap contributors, ODbL 1.0. https://osm.org/copyright', 'osm_type': 'way', 'osm_id': 42400874, 'lat': '48.382670649248446', 'lon': '11.083207358621808', 'display_name': 'A 8, Burgadelzhausen, Adelzhausen, Dasing, Landkreis Aichach-Friedberg, Bayern, 86453, Deutschland', 'address': {'road': 'A 8', 'village': 'Burgadelzhausen', 'municipality': 'Dasing', 'county': 'Landkreis Aichach-Friedberg', 'state': 'Bayern', 'postcode': '86453', 'country': 'Deutschland', 'country_code': 'de'}, 'boundingbox': ['48.3561686', '48.3880438', '11.0753176', '11.1309595']}","A 8, Burgadelzhausen, Adelzhausen, Dasing, Landkreis Aichach-Friedberg, Bayern, 86453, Deutschland",A 8,0,0,0,down,[48.38353669 11.08193669],37256.800271436725,38407.90192170491
74712,9,1,74,146,2016,7,6,2,3,2,6,1,0,1,0,0,0,666219.2135,5351199.5683,11.241020405,48.292148943,"(48.292148943, 11.241020405)","{'place_id': 108867869, 'licence': 'Data © OpenStreetMap contributors, ODbL 1.0. https://osm.org/copyright', 'osm_type': 'way', 'osm_id': 28802113, 'lat': '48.292185064728756', 'lon': '11.241031140128122', 'display_name': 'A 8, Ziegelstadel, Wiedenzhausen, Sulzemoos, Landkreis Dachau, Bayern, 85259, Deutschland', 'address': {'road': 'A 8', 'hamlet': 'Ziegelstadel', 'village': 'Wiedenzhausen', 'county': 'Landkreis Dachau', 'state': 'Bayern', 'postcode': '85259', 'country': 'Deutschland', 'country_code': 'de'}, 'boundingbox': ['48.287303', '48.2952793', '11.2306553', '11.2558719']}","A 8, Ziegelstadel, Wiedenzhausen, Sulzemoos, Landkreis Dachau, Bayern, 85259, Deutschland",A 8,0,0,0,down,[48.29136932 11.24377564],21612.210568868744,54060.08937227774
74720,9,1,79,142,2016,7,1,2,2,2,6,2,0,1,0,0,0,675926.0443,5343624.7876,11.36862879,48.221434998,"(48.221434998, 11.36862879)","{'place_id': 180097007, 'licence': 'Data © OpenStreetMap contributors, ODbL 1.0. https://osm.org/copyright', 'osm_type': 'way', 'osm_id': 327462613, 'lat': '48.22140249021925', 'lon': '11.36860962468172', 'display_name': 'A 8, Graßlfing, Olching, Landkreis Fürstenfeldbruck, Bayern, 82140, Deutschland', 'address': {'road': 'A 8', 'suburb': 'Graßlfing', 'town': 'Olching', 'county': 'Landkreis Fürstenfeldbruck', 'state': 'Bayern', 'postcode': '82140', 'country': 'Deutschland', 'country_code': 'de'}, 'boundingbox': ['48.2199694', '48.2294326', '11.3549891', '11.3710404']}","A 8, Graßlfing, Olching, Landkreis Fürstenfeldbruck, Bayern, 82140, Deutschland",A 8,0,0,0,up,[48.22367675 11.36475217],66476.40646291547,66476.40646291547
75208,9,7,71,130,2016,7,15,6,3,8,1,0,0,1,0,0,0,648833.7799,5362705.9333,11.010850083,48.399931539,"(48.399931539, 11.010850083)","{'place_id': 171593475, 'licence': 'Data © OpenStreetMap contributors, ODbL 1.0. https://osm.org/copyright', 'osm_type': 'way', 'osm_id': 288973413, 'lat': '48.39995492891854', 'lon': '11.010851688621903', 'display_name': 'A 8, Sophienhof, Bitzenhofen, Dasing, Landkreis Aichach-Friedberg, Bayern, 86453, Deutschland', 'address': {'road': 'A 8', 'hamlet': 'Sophienhof', 'village': 'Bitzenhofen', 'municipality': 'Dasing', 'county': 'Landkreis Aichach-Friedberg', 'state': 'Bayern', 'postcode': '86453', 'country': 'Deutschland', 'country_code': 'de'}, 'boundingbox': ['48.3960534', '48.4039031', '10.9564457', '11.0556046']}","A 8, Sophienhof, Bitzenhofen, Dasing, Landkreis Aichach-Friedberg, Bayern, 86453, Deutschland",A 8,0,0,0,down,[48.3999391  11.01108327],43232.015330206705,32442.891246953597
75257,9,1,74,146,2016,7,17,5,3,0,7,0,0,1,0,0,0,665207.8163,5351630.5116,11.22756376,48.29628791,"(48.29628791, 11.22756376)","{'place_id': 207325858, 'licence': 'Data © OpenStreetMap contributors, ODbL 1.0. https://osm.org/copyright', 'osm_type': 'way', 'osm_id': 477921133, 'lat': '48.29630208968132', 'lon': '11.227568618342533', 'display_name': 'A 8, Lukka, Taxa, Odelzhausen, Landkreis Dachau, Bayern, 85259, Deutschland', 'address': {'road': 'A 8', 'hamlet': 'Lukka', 'village': 'Taxa', 'county': 'Landkreis Dachau', 'state': 'Bayern', 'postcode': '85259', 'country': 'Deutschland', 'country_code': 'de'}, 'boundingbox': ['48.295503', '48.306587', '11.2092555', '11.2299598']}","A 8, Lukka, Taxa, Odelzhausen, Landkreis Dachau, Bayern, 85259, Deutschland",A 8,0,0,0,down,[48.29595081 11.22859273],22709.352924238676,52961.874262585996
75484,9,7,61,0,2016,7,17,5,3,2,6,0,0,1,0,0,1,639740.2979,5364068.6056,10.888516103,48.414265374,"(48.414265374, 10.888516103)","{'place_id': 108221378, 'licence': 'Data © OpenStreetMap contributors, ODbL 1.0. https://osm.org/copyright', 'osm_type': 'way', 'osm_id': 27394066, 'lat': '48.4142859682877', 'lon': '10.888516961095322', 'display_name': 'A 8, Firnhaberau, Gersthofen, Landkreis Augsburg, Bayern, 86169, Deutschland', 'address': {'road': 'A 8', 'suburb': 'Firnhaberau', 'town': 'Gersthofen', 'county': 'Landkreis Augsburg', 'state': 'Bayern', 'postcode': '86169', 'country': 'Deutschland', 'country_code': 'de'}, 'boundingbox': ['48.4142339', '48.4142974', '10.8882426', '10.8897666']}","A 8, Firnhaberau, Gersthofen, Landkreis Augsburg, Bayern, 86169, Deutschland",A 8,0,1,0,down,[48.41424537 10.889492  ],52440.446559040196,23235.323032547498
76146,9,7,71,130,2016,7,16,1,3,0,1,0,0,0,0,1,0,643707.274,5363285.1258,10.941827754,48.406328649,"(48.406328649, 10.941827754)","{'place_id': 170078922, 'licence': 'Data © OpenStreetMap contributors, ODbL 1.0. https://osm.org/copyright', 'osm_type': 'way', 'osm_id': 280694756, 'lat': '48.406329976935076', 'lon': '10.941827974819887', 'display_name': 'A 8, Dickelsmoor, Friedberg, Landkreis Aichach-Friedberg, Bayern, 86169, Deutschland', 'address': {'road': 'A 8', 'hamlet': 'Dickelsmoor', 'town': 'Friedberg', 'county': 'Landkreis Aichach-Friedberg', 'state': 'Bayern', 'postcode': '86169', 'country': 'Deutschland', 'country_code': 'de'}, 'boundingbox': ['48.4052755', '48.4085066', '10.9287196', '10.9482169']}","A 8, Dickelsmoor, Friedberg, Landkreis Aichach-Friedberg, Bayern, 86169, Deutschland",A 8,0,0,0,down,[48.40580078 10.94495725],48401.44705450024,27271.019122275695
76226,9,1,74,113,2016,7,9,1,3,0,1,0,0,0,0,1,0,674577.8302,5344740.8049,11.350952324,48.231839561,"(48.231839561, 11.350952324)","{'place_id': 164049005, 'licence': 'Data © OpenStreetMap contributors, ODbL 1.0. https://osm.org/copyright', 'osm_type': 'way', 'osm_id': 251505090, 'lat': '48.23181673271801', 'lon': '11.35093887192132', 'display_name': 'A 8, Bergkirchen, Landkreis Dachau, Bayern, 85232, Deutschland', 'address': {'road': 'A 8', 'village': 'Bergkirchen', 'county': 'Landkreis Dachau', 'state': 'Bayern', 'postcode': '85232', 'country': 'Deutschland', 'country_code': 'de'}, 'boundingbox': ['48.2305476', '48.2364882', '11.3428447', '11.3530926']}","A 8, Bergkirchen, Landkreis Dachau, Bayern, 85232, Deutschland",A 8,0,1,0,up,[48.23189959 11.35079848],64728.61510585551,64728.61510585551
76242,9,7,71,130,2016,7,19,2,3,2,6,0,0,1,0,0,1,646439.9365,5362823.3692,10.978568747,48.401547989,"(48.401547989, 10.978568747)","{'place_id': 169711243, 'licence': 'Data © OpenStreetMap contributors, ODbL 1.0. https://osm.org/copyright', 'osm_type': 'way', 'osm_id': 280694759, 'lat': '48.40153351835589', 'lon': '10.97856908430914', 'display_name': 'A 8, Derching, Friedberg, Landkreis Aichach-Friedberg, Bayern, 86316, Deutschland', 'address': {'road': 'A 8', 'village': 'Derching', 'town': 'Friedberg', 'county': 'Landkreis Aichach-Friedberg', 'state': 'Bayern', 'postcode': '86316', 'country': 'Deutschland', 'country_code': 'de'}, 'boundingbox': ['48.401446', '48.4037486', '10.9564506', '10.981465']}","A 8, Derching, Friedberg, Landkreis Aichach-Friedberg, Bayern, 86316, Deutschland",A 8,0,0,0,up,[48.4015596  10.97968247],30050.459264032932,30050.459264032932
76276,9,1,79,142,2016,7,10,5,3,2,6,0,0,1,0,0,0,677080.9103,5342666.8367,11.38376372,48.21250266,"(48.21250266, 11.38376372)","{'place_id': 108533752, 'licence': 'Data © OpenStreetMap contributors, ODbL 1.0. https://osm.org/copyright', 'osm_type': 'way', 'osm_id': 28784616, 'lat': '48.2124784194756', 'lon': '11.383749399229101', 'display_name': 'A 8, Olching, Landkreis Fürstenfeldbruck, Bayern, 82140, Deutschland', 'address': {'road': 'A 8', 'town': 'Olching', 'county': 'Landkreis Fürstenfeldbruck', 'state': 'Bayern', 'postcode': '82140', 'country': 'Deutschland', 'country_code': 'de'}, 'boundingbox': ['48.2112162', '48.2126052', '11.3835348', '11.3858694']}","A 8, Olching, Landkreis Fürstenfeldbruck, Bayern, 82140, Deutschland",A 8,0,0,0,up,[48.21349823 11.38203664],67974.79790935742,67974.79790935742
76286,9,7,61,0,2016,7,7,2,3,2,6,0,0,1,0,0,0,639989.0322,5364041.4919,10.891866662,48.413966371,"(48.413966371, 10.891866662)","{'place_id': 107051918, 'licence': 'Data © OpenStreetMap contributors, ODbL 1.0. https://osm.org/copyright', 'osm_type': 'way', 'osm_id': 27394068, 'lat': '48.41393508474182', 'lon': '10.891864651568225', 'display_name': 'A 8, Firnhaberau, Augsburg, Bayern, 86169, Deutschland', 'address': {'road': 'A 8', 'suburb': 'Firnhaberau', 'city': 'Augsburg', 'state': 'Bayern', 'postcode': '86169', 'country': 'Deutschland', 'country_code': 'de'}, 'boundingbox': ['48.4118564', '48.4140709', '10.8897511', '10.907569']}","A 8, Firnhaberau, Augsburg, Bayern, 86169, Deutschland",A 8,0,0,0,up,[48.4137529  10.89429047],23484.104596476132,23484.104596476132
76529,9,7,72,147,2016,7,18,1,3,2,6,0,0,1,0,0,0,636350.3324,5364255.7736,10.842788315,48.416691005,"(48.416691005, 10.842788315)","{'place_id': 180168261, 'licence': 'Data © OpenStreetMap contributors, ODbL 1.0. https://osm.org/copyright', 'osm_type': 'way', 'osm_id': 327643027, 'lat': '48.41669760256807', 'lon': '10.842788892372837', 'display_name': 'A 8, Hirblingen, Gersthofen, Landkreis Augsburg, Bayern, 86368, Deutschland', 'address': {'road': 'A 8', 'village': 'Hirblingen', 'town': 'Gersthofen', 'county': 'Landkreis Augsburg', 'state': 'Bayern', 'postcode': '86368', 'country': 'Deutschland', 'country_code': 'de'}, 'boundingbox': ['48.4150344', '48.4168632', '10.8408789', '10.8621793']}","A 8, Hirblingen, Gersthofen, Landkreis Augsburg, Bayern, 86368, Deutschland",A 8,0,0,0,up,[48.41688366 10.84063925],19845.139026454995,19845.139026454995
76540,9,7,71,130,2016,7,14,2,3,9,1,0,0,0,0,0,1,646137.9722,5362820.2436,10.974490304,48.401589954,"(48.401589954, 10.974490304)","{'place_id': 171593475, 'licence': 'Data © OpenStreetMap contributors, ODbL 1.0. https://osm.org/copyright', 'osm_type': 'way', 'osm_id': 288973413, 'lat': '48.40160361604896', 'lon': '10.974490018800068', 'display_name': 'A 8, Sophienhof, Bitzenhofen, Dasing, Landkreis Aichach-Friedberg, Bayern, 86453, Deutschland', 'address': {'road': 'A 8', 'hamlet': 'Sophienhof', 'village': 'Bitzenhofen', 'municipality': 'Dasing', 'county': 'Landkreis Aichach-Friedberg', 'state': 'Bayern', 'postcode': '86453', 'country': 'Deutschland', 'country_code': 'de'}, 'boundingbox': ['48.3960534', '48.4039031', '10.9564457', '11.0556046']}","A 8, Sophienhof, Bitzenhofen, Dasing, Landkreis Aichach-Friedberg, Bayern, 86453, Deutschland",A 8,0,1,0,down,[48.40164235 10.97193091],45927.432391240065,29748.682012210324
76788,9,7,72,147,2016,7,6,2,2,9,7,0,0,1,0,0,0,635897.257,5364279.369,10.83667588,48.417001054,"(48.417001054, 10.83667588)","{'place_id': 888348, 'licence': 'Data © OpenStreetMap contributors, ODbL 1.0. https://osm.org/copyright', 'osm_type': 'node', 'osm_id': 292287819, 'lat': '48.4172316', 'lon': '10.836215', 'display_name': 'Neusäß, A 8, Hirblingen, Gersthofen, Landkreis Augsburg, Bayern, 86368, Deutschland', 'address': {'highway': 'Neusäß', 'road': 'A 8', 'village': 'Hirblingen', 'town': 'Gersthofen', 'county': 'Landkreis Augsburg', 'state': 'Bayern', 'postcode': '86368', 'country': 'Deutschland', 'country_code': 'de'}, 'boundingbox': ['48.4171816', '48.4172816', '10.836165', '10.836265']}","Neusäß, A 8, Hirblingen, Gersthofen, Landkreis Augsburg, Bayern, 86368, Deutschland",A 8,0,0,0,up,[48.41730193 10.8354545 ],19393.363204174064,19393.363204174064
76908,9,7,72,111,2016,7,0,2,2,3,7,2,0,1,0,0,0,625872.1065,5364201.5156,10.70122542,48.41838352,"(48.41838352, 10.70122542)","{'place_id': 172330239, 'licence': 'Data © OpenStreetMap contributors, ODbL 1.0. https://osm.org/copyright', 'osm_type': 'way', 'osm_id': 295617761, 'lat': '48.418350716491176', 'lon': '10.701223065111993', 'display_name': 'A 8, Adelsried, Landkreis Augsburg, Bayern, 86477, Deutschland', 'address': {'road': 'A 8', 'village': 'Adelsried', 'county': 'Landkreis Augsburg', 'state': 'Bayern', 'postcode': '86477', 'country': 'Deutschland', 'country_code': 'de'}, 'boundingbox': ['48.4170752', '48.4187014', '10.6962877', '10.7191709']}","A 8, Adelsried, Landkreis Augsburg, Bayern, 86477, Deutschland",A 8,0,0,0,up,[48.41838963 10.70068681],9342.954202735205,9342.954202735205
76955,9,1,74,113,2016,7,6,6,3,5,3,0,0,1,0,0,1,670555.7107,5347813.596,11.298071996,48.260556984,"(48.260556984, 11.298071996)","{'place_id': 163589875, 'licence': 'Data © OpenStreetMap contributors, ODbL 1.0. https://osm.org/copyright', 'osm_type': 'way', 'osm_id': 251505078, 'lat': '48.26056103550815', 'lon': '11.29807581367458', 'display_name': 'A 8, Lauterbach, Bergkirchen, Landkreis Dachau, Bayern, 85232, Deutschland', 'address': {'road': 'A 8', 'village': 'Lauterbach', 'county': 'Landkreis Dachau', 'state': 'Bayern', 'postcode': '85232', 'country': 'Deutschland', 'country_code': 'de'}, 'boundingbox': ['48.2600198', '48.2614451', '11.2971376', '11.2986502']}","A 8, Lauterbach, Bergkirchen, Landkreis Dachau, Bayern, 85232, Deutschland",A 8,0,0,0,down,[48.26090543 11.29771051],16012.560623319168,59651.043641934026
77131,9,1,74,113,2016,7,10,2,2,0,6,0,0,0,0,0,1,669396.479,5349317.991,11.283067986,48.274391912,"(48.274391912, 11.283067986)","{'place_id': 135294201, 'licence': 'Data © OpenStreetMap contributors, ODbL 1.0. https://osm.org/copyright', 'osm_type': 'way', 'osm_id': 143575534, 'lat': '48.27439551148888', 'lon': '11.283070450776147', 'display_name': 'A 8, Haidhof, Einsbach, Sulzemoos, Landkreis Dachau, Bayern, 85254, Deutschland', 'address': {'road': 'A 8', 'hamlet': 'Haidhof', 'village': 'Einsbach', 'county': 'Landkreis Dachau', 'state': 'Bayern', 'postcode': '85254', 'country': 'Deutschland', 'country_code': 'de'}, 'boundingbox': ['48.2709261', '48.2802015', '11.2713689', '11.2871833']}","A 8, Haidhof, Einsbach, Sulzemoos, Landkreis Dachau, Bayern, 85254, Deutschland",A 8,0,0,0,down,[48.27413557 11.28345013],17912.03408698155,57754.22649110868