OBJECTID,ULAND,UREGBEZ,UKREIS,UGEMEINDE,UJAHR,UMONAT,USTUNDE,UWOCHENTAG,UKATEGORIE,UART,UTYP1,ULICHTVERH,IstRad,IstPKW,IstFuss,IstKrad,IstGkfz,LINREFX,LINREFY,XGCSWGS84,YGCSWGS84,coord,location_dict,address,road,UIDENTSTLAE,STRZUSTAND,IstSonstige,lane,coord_interp,dist_interp,dist_interp_up
77133,9,7,61,0,2016,7,23,1,3,3,6,2,0,1,0,0,0,639830.6003,5364065.1209,10.88973464,48.41421401,"(48.41421401, 10.88973464)","{'place_id': 108221378, 'licence': 'Data © OpenStreetMap contributors, ODbL 1.0. https://osm.org/copyright', 'osm_type': 'way', 'osm_id': 27394066, 'lat': '48.41423519488735', 'lon': '10.88973552270364', 'display_name': 'A 8, Firnhaberau, Gersthofen, Landkreis Augsburg, Bayern, 86169, Deutschland', 'address': {'road': 'A 8', 'suburb': 'Firnhaberau', 'town': 'Gersthofen', 'county': 'Landkreis Augsburg', 'state': 'Bayern', 'postcode': '86169', 'country': 'Deutschland', 'country_code': 'de'}, 'boundingbox': ['48.4142339', '48.4142974', '10.8882426', '10.8897666']}","A 8, Firnhaberau, Gersthofen, Landkreis Augsburg, Bayern, 86169, Deutschland",A 8,0,0,0,down,[48.41429574 10.88827337],52350.3064398221,23325.37404402458
77224,9,7,72,223,2016,7,10,5,3,3,6,0,0,1,0,0,1,618466.3529,5363108.4734,10.600866141,48.409989838,"(48.409989838, 10.600866141)","{'place_id': 180171748, 'licence': 'Data © OpenStreetMap contributors, ODbL 1.0. https://osm.org/copyright', 'osm_type': 'way', 'osm_id': 327667393, 'lat': '48.410013062246755', 'lon': '10.600866341189988', 'display_name': 'A 8, Wollbach, Zusmarshausen, Landkreis Augsburg, Bayern, 86441, Deutschland', 'address': {'road': 'A 8', 'village': 'Wollbach', 'county': 'Landkreis Augsburg', 'state': 'Bayern', 'postcode': '86441', 'country': 'Deutschland', 'country_code': 'de'}, 'boundingbox': ['48.4100096', '48.4100368', '10.5981125', '10.601268']}","A 8, Wollbach, Zusmarshausen, Landkreis Augsburg, Bayern, 86441, Deutschland",A 8,0,0,0,down,[48.41003356 10.5985144 ],74006.44882741451,1673.9413909364284
77406,9,7,61,0,2016,7,19,6,2,2,6,0,0,1,0,0,0,640484.9794,5363979.6654,10.898544562,48.413300084,"(48.413300084, 10.898544562)","{'place_id': 107051918, 'licence': 'Data © OpenStreetMap contributors, ODbL 1.0. https://osm.org/copyright', 'osm_type': 'way', 'osm_id': 27394068, 'lat': '48.4132806914911', 'lon': '10.898541900644474', 'display_name': 'A 8, Firnhaberau, Augsburg, Bayern, 86169, Deutschland', 'address': {'road': 'A 8', 'suburb': 'Firnhaberau', 'city': 'Augsburg', 'state': 'Bayern', 'postcode': '86169', 'country': 'Deutschland', 'country_code': 'de'}, 'boundingbox': ['48.4118564', '48.4140709', '10.8897511', '10.907569']}","A 8, Firnhaberau, Augsburg, Bayern, 86169, Deutschland",A 8,0,0,0,up,[48.41317093 10.89934334],23982.628405442923,23982.628405442923
77462,9,7,72,111,2016,7,7,7,3,2,6,0,0,1,0,0,0,626769.9492,5364125.2655,10.713331547,48.417517828,"(48.417517828, 10.713331547)","{'place_id': 172330239, 'licence': 'Data © OpenStreetMap contributors, ODbL 1.0. https://osm.org/copyright', 'osm_type': 'way', 'osm_id': 295617761, 'lat': '48.41749342546467', 'lon': '10.713329697792288', 'display_name': 'A 8, Adelsried, Landkreis Augsburg, Bayern, 86477, Deutschland', 'address': {'road': 'A 8', 'village': 'Adelsried', 'county': 'Landkreis Augsburg', 'state': 'Bayern', 'postcode': '86477', 'country': 'Deutschland', 'country_code': 'de'}, 'boundingbox': ['48.4170752', '48.4187014', '10.6962877', '10.7191709']}","A 8, Adelsried, Landkreis Augsburg, Bayern, 86477, Deutschland",A 8,0,0,0,up,[48.41734063 10.71557784],10241.874107890777,10241.874107890777
77492,9,1,74,146,2016,8,18,3,2,9,7,0,0,1,0,0,1,668987.9795,5349606.1506,11.277682089,48.277091499,"(48.277091499, 11.277682089)","{'place_id': 169894014, 'licence': 'Data © OpenStreetMap contributors, ODbL 1.0. https://osm.org/copyright', 'osm_type': 'way', 'osm_id': 280421998, 'lat': '48.27705270348537', 'lon': '11.277664199448537', 'display_name': 'A 8, Einsbach, Sulzemoos, Landkreis Dachau, Bayern, 85254, Deutschland', 'address': {'road': 'A 8', 'village': 'Einsbach', 'county': 'Landkreis Dachau', 'state': 'Bayern', 'postcode': '85254', 'country': 'Deutschland', 'country_code': 'de'}, 'boundingbox': ['48.2708684', '48.2776562', '11.2764074', '11.2870058']}","A 8, Einsbach, Sulzemoos, Landkreis Dachau, Bayern, 85254, Deutschland",A 8,0,0,0,up,[48.27765208 11.27641516],57256.432011266734,57256.432011266734
77514,9,1,74,113,2016,7,5,1,2,9,7,1,0,1,0,0,0,669491.7111,5349201.4701,11.284303717,48.273318955,"(48.273318955, 11.284303717)","{'place_id': 169894014, 'licence': 'Data © OpenStreetMap contributors, ODbL 1.0. https://osm.org/copyright', 'osm_type': 'way', 'osm_id': 280421998, 'lat': '48.27330692322756', 'lon': '11.284294803021423', 'display_name': 'A 8, Einsbach, Sulzemoos, Landkreis Dachau, Bayern, 85254, Deutschland', 'address': {'road': 'A 8', 'village': 'Einsbach', 'county': 'Landkreis Dachau', 'state': 'Bayern', 'postcode': '85254', 'country': 'Deutschland', 'country_code': 'de'}, 'boundingbox': ['48.2708684', '48.2776562', '11.2764074', '11.2870058']}","A 8, Einsbach, Sulzemoos, Landkreis Dachau, Bayern, 85254, Deutschland",A 8,0,0,0,up,[48.27369122 11.28377698],57903.46590298495,57903.46590298495
77571,9,7,72,147,2016,7,19,1,2,8,6,0,0,1,0,0,0,635398.2823,5364352.0933,10.829959209,48.417762408,"(48.417762408, 10.829959209)","{'place_id': 175020668, 'licence': 'Data © OpenStreetMap contributors, ODbL 1.0. https://osm.org/copyright', 'osm_type': 'way', 'osm_id': 304768102, 'lat': '48.41775812354843', 'lon': '10.829958834840353', 'display_name': 'A 8, Hirblingen, Gersthofen, Landkreis Augsburg, Bayern, 86368, Deutschland', 'address': {'road': 'A 8', 'village': 'Hirblingen', 'town': 'Gersthofen', 'county': 'Landkreis Augsburg', 'state': 'Bayern', 'postcode': '86368', 'country': 'Deutschland', 'country_code': 'de'}, 'boundingbox': ['48.4174646', '48.418235', '10.8243339', '10.8333386']}","A 8, Hirblingen, Gersthofen, Landkreis Augsburg, Bayern, 86368, Deutschland",A 8,0,0,0,up,[48.41761198 10.83162866],18890.56794404403,18890.56794404403
77594,9,7,72,111,2016,7,7,7,2,2,6,0,0,1,0,0,0,625872.5954,5364201.4732,10.701232012,48.418383041,"(48.418383041, 10.701232012)","{'place_id': 172330239, 'licence': 'Data © OpenStreetMap contributors, ODbL 1.0. https://osm.org/copyright', 'osm_type': 'way', 'osm_id': 295617761, 'lat': '48.418350243237136', 'lon': '10.701229657524483', 'display_name': 'A 8, Adelsried, Landkreis Augsburg, Bayern, 86477, Deutschland', 'address': {'road': 'A 8', 'village': 'Adelsried', 'county': 'Landkreis Augsburg', 'state': 'Bayern', 'postcode': '86477', 'country': 'Deutschland', 'country_code': 'de'}, 'boundingbox': ['48.4170752', '48.4187014', '10.6962877', '10.7191709']}","A 8, Adelsried, Landkreis Augsburg, Bayern, 86477, Deutschland",A 8,0,0,0,up,[48.4183901  10.70068022],9343.443727373755,9343.443727373755
77666,9,1,79,142,2016,7,21,7,3,8,1,2,0,1,0,0,0,674615.6438,5344709.259,11.351448096,48.231545578,"(48.231545578, 11.351448096)","{'place_id': 164049005, 'licence': 'Data © OpenStreetMap contributors, ODbL 1.0. https://osm.org/copyright', 'osm_type': 'way', 'osm_id': 251505090, 'lat': '48.23152411413258', 'lon': '11.3514354479333', 'display_name': 'A 8, Bergkirchen, Landkreis Dachau, Bayern, 85232, Deutschland', 'address': {'road': 'A 8', 'village': 'Bergkirchen', 'county': 'Landkreis Dachau', 'state': 'Bayern', 'postcode': '85232', 'country': 'Deutschland', 'country_code': 'de'}, 'boundingbox': ['48.2305476', '48.2364882', '11.3428447', '11.3530926']}","A 8, Bergkirchen, Landkreis Dachau, Bayern, 85232, Deutschland",A 8,0,0,0,up,[48.22925477 11.35527768],64777.7870960774,64777.7870960774
77705,9,7,71,111,2016,7,19,6,3,2,6,0,0,1,0,0,0,657894.9579,5357988.6308,11.1314155,48.355317289,"(48.355317289, 11.1314155)","{'place_id': 113208559, 'licence': 'Data © OpenStreetMap contributors, ODbL 1.0. https://osm.org/copyright', 'osm_type': 'way', 'osm_id': 42400873, 'lat': '48.35530879520484', 'lon': '11.131405125084395', 'display_name': 'A 8, Burgadelzhausen, Adelzhausen, Dasing, Landkreis Aichach-Friedberg, Bayern, 86559, Deutschland', 'address': {'road': 'A 8', 'village': 'Burgadelzhausen', 'municipality': 'Dasing', 'county': 'Landkreis Aichach-Friedberg', 'state': 'Bayern', 'postcode': '86559', 'country': 'Deutschland', 'country_code': 'de'}, 'boundingbox': ['48.3524329', '48.3557477', '11.1310458', '11.1338122']}","A 8, Burgadelzhausen, Adelzhausen, Dasing, Landkreis Aichach-Friedberg, Bayern, 86559, Deutschland",A 8,0,0,0,up,[48.35657077 11.13035403],43188.35716024183,43188.35716024183
77742,9,7,72,147,2016,8,17,4,3,0,1,0,0,0,0,1,0,631765.7454,5364470.0594,10.780926173,48.419593332,"(48.419593332, 10.780926173)","{'place_id': 160537666, 'licence': 'Data © OpenStreetMap contributors, ODbL 1.0. https://osm.org/copyright', 'osm_type': 'way', 'osm_id': 237842495, 'lat': '48.41956927108425', 'lon': '10.780928073910596', 'display_name': 'A 8, Rettenbergen, Gersthofen, Landkreis Augsburg, Bayern, 86368, Deutschland', 'address': {'road': 'A 8', 'village': 'Rettenbergen', 'town': 'Gersthofen', 'county': 'Landkreis Augsburg', 'state': 'Bayern', 'postcode': '86368', 'country': 'Deutschland', 'country_code': 'de'}, 'boundingbox': ['48.418131', '48.4198693', '10.7667927', '10.78637']}","A 8, Rettenbergen, Gersthofen, Landkreis Augsburg, Bayern, 86368, Deutschland",A 8,0,0,0,up,[48.41962931 10.78168659],15254.230055671575,15254.230055671575
77797,9,7,61,0,2016,8,16,3,3,0,1,0,0,0,0,1,0,642236.9246,5363532.1885,10.922055258,48.408883615,"(48.408883615, 10.922055258)","{'place_id': 106960766, 'licence': 'Data © OpenStreetMap contributors, ODbL 1.0. https://osm.org/copyright', 'osm_type': 'way', 'osm_id': 27126890, 'lat': '48.40944292483102', 'lon': '10.922146996550007', 'display_name': 'A 8, Hammerschmiede, Augsburg, Bayern, 86169, Deutschland', 'address': {'road': 'A 8', 'suburb': 'Hammerschmiede', 'city': 'Augsburg', 'state': 'Bayern', 'postcode': '86169', 'country': 'Deutschland', 'country_code': 'de'}, 'boundingbox': ['48.4085277', '48.4114704', '10.9098781', '10.9277055']}","A 8, Hammerschmiede, Augsburg, Bayern, 86169, Deutschland",A 8,0,0,0,up,[48.40981324 10.91989015],25785.607915283268,25785.607915283268
77884,9,7,71,130,2016,8,5,4,3,9,6,2,0,1,0,0,0,643850.5815,5363238.6905,10.943747105,48.405878444,"(48.405878444, 10.943747105)","{'place_id': 169491747, 'licence': 'Data © OpenStreetMap contributors, ODbL 1.0. https://osm.org/copyright', 'osm_type': 'way', 'osm_id': 280695156, 'lat': '48.4058589826608', 'lon': '10.943743890286735', 'display_name': 'A 8, Dickelsmoor, Friedberg, Landkreis Aichach-Friedberg, Bayern, 86167, Deutschland', 'address': {'road': 'A 8', 'hamlet': 'Dickelsmoor', 'town': 'Friedberg', 'county': 'Landkreis Aichach-Friedberg', 'state': 'Bayern', 'postcode': '86167', 'country': 'Deutschland', 'country_code': 'de'}, 'boundingbox': ['48.4051416', '48.4081703', '10.929844', '10.9481348']}","A 8, Dickelsmoor, Friedberg, Landkreis Aichach-Friedberg, Bayern, 86167, Deutschland",A 8,0,0,0,up,[48.40599204 10.94294083],27420.637473439125,27420.637473439125
77900,9,7,71,129,2016,8,7,4,3,9,1,0,0,1,0,0,1,659000.6844,5356849.817,11.145900689,48.344801548,"(48.344801548, 11.145900689)","{'place_id': 169792971, 'licence': 'Data © OpenStreetMap contributors, ODbL 1.0. https://osm.org/copyright', 'osm_type': 'way', 'osm_id': 280688898, 'lat': '48.344787931019255', 'lon': '11.145894290169148', 'display_name': 'A 8, Eurasburg, Dasing, Landkreis Aichach-Friedberg, Bayern, 86495, Deutschland', 'address': {'road': 'A 8', 'village': 'Eurasburg', 'municipality': 'Dasing', 'county': 'Landkreis Aichach-Friedberg', 'state': 'Bayern', 'postcode': '86495', 'country': 'Deutschland', 'country_code': 'de'}, 'boundingbox': ['48.3440891', '48.3451351', '11.1451555', '11.147404']}","A 8, Eurasburg, Dasing, Landkreis Aichach-Friedberg, Bayern, 86495, Deutschland",A 8,0,0,0,up,[48.3448507 11.1457603],44798.892831880315,44798.892831880315
77936,9,1,74,146,2016,8,14,4,3,2,6,0,0,1,0,0,0,667452.8998,5350608.5074,11.257405679,48.286510248,"(48.286510248, 11.257405679)","{'place_id': 148630884, 'licence': 'Data © OpenStreetMap contributors, ODbL 1.0. https://osm.org/copyright', 'osm_type': 'way', 'osm_id': 197697279, 'lat': '48.28649499789957', 'lon': '11.257399184321336', 'display_name': 'A 8, Haidhof, Einsbach, Sulzemoos, Landkreis Dachau, Bayern, 85254, Deutschland', 'address': {'road': 'A 8', 'hamlet': 'Haidhof', 'village': 'Einsbach', 'county': 'Landkreis Dachau', 'state': 'Bayern', 'postcode': '85254', 'country': 'Deutschland', 'country_code': 'de'}, 'boundingbox': ['48.2809649', '48.287056', '11.2560819', '11.2693599']}","A 8, Haidhof, Einsbach, Sulzemoos, Landkreis Dachau, Bayern, 85254, Deutschland",A 8,0,0,0,up,[48.28594367 11.25866903],55426.16751520612,55426.16751520612
78163,9,7,72,223,2016,8,10,1,3,9,1,0,0,1,0,0,0,623435.7913,5363977.8368,10.668246219,48.41685407,"(48.41685407, 10.668246219)","{'place_id': 190915435, 'licence': 'Data © OpenStreetMap contributors, ODbL 1.0. https://osm.org/copyright', 'osm_type': 'way', 'osm_id': 383249717, 'lat': '48.4168860867072', 'lon': '10.668230012898853', 'display_name': 'A 8, Streitheim, Zusmarshausen, Landkreis Augsburg, Bayern, 86441, Deutschland', 'address': {'road': 'A 8', 'village': 'Streitheim', 'county': 'Landkreis Augsburg', 'state': 'Bayern', 'postcode': '86441', 'country': 'Deutschland', 'country_code': 'de'}, 'boundingbox': ['48.4124994', '48.420022', '10.6545948', '10.6794187']}","A 8, Streitheim, Zusmarshausen, Landkreis Augsburg, Bayern, 86441, Deutschland",A 8,0,0,0,down,[48.41691242 10.66828202],68864.64497466451,6825.894969647945
78176,9,7,71,130,2016,8,20,6,3,8,1,0,0,1,0,0,0,646498.6297,5362827.3111,10.979362642,48.401569795,"(48.401569795, 10.979362642)","{'place_id': 169711243, 'licence': 'Data © OpenStreetMap contributors, ODbL 1.0. https://osm.org/copyright', 'osm_type': 'way', 'osm_id': 280694759, 'lat': '48.401552025754185', 'lon': '10.979363056199185', 'display_name': 'A 8, Derching, Friedberg, Landkreis Aichach-Friedberg, Bayern, 86316, Deutschland', 'address': {'road': 'A 8', 'village': 'Derching', 'town': 'Friedberg', 'county': 'Landkreis Aichach-Friedberg', 'state': 'Bayern', 'postcode': '86316', 'country': 'Deutschland', 'country_code': 'de'}, 'boundingbox': ['48.401446', '48.4037486', '10.9564506', '10.981465']}","A 8, Derching, Friedberg, Landkreis Aichach-Friedberg, Bayern, 86316, Deutschland",A 8,0,1,0,up,[48.40154091 10.97888841],30109.132609435375,30109.132609435375
78185,9,7,71,111,2016,8,4,3,2,2,1,2,0,1,0,0,1,658073.8194,5357687.4272,11.133715083,48.352564605,"(48.352564605, 11.133715083)","{'place_id': 113208559, 'licence': 'Data © OpenStreetMap contributors, ODbL 1.0. https://osm.org/copyright', 'osm_type': 'way', 'osm_id': 42400873, 'lat': '48.352556936020044', 'lon': '11.133706116221438', 'display_name': 'A 8, Burgadelzhausen, Adelzhausen, Dasing, Landkreis Aichach-Friedberg, Bayern, 86559, Deutschland', 'address': {'road': 'A 8', 'village': 'Burgadelzhausen', 'municipality': 'Dasing', 'county': 'Landkreis Aichach-Friedberg', 'state': 'Bayern', 'postcode': '86559', 'country': 'Deutschland', 'country_code': 'de'}, 'boundingbox': ['48.3524329', '48.3557477', '11.1310458', '11.1338122']}","A 8, Burgadelzhausen, Adelzhausen, Dasing, Landkreis Aichach-Friedberg, Bayern, 86559, Deutschland",A 8,0,1,0,up,[48.35145108 11.13475049],43538.63783226049,43538.63783226049
78206,9,1,74,135,2016,8,9,2,3,2,6,0,0,1,0,0,0,663402.0089,5353136.1141,11.203817021,48.310292232,"(48.310292232, 11.203817021)","{'place_id': 163441191, 'licence': 'Data © OpenStreetMap contributors, ODbL 1.0. https://osm.org/copyright', 'osm_type': 'way', 'osm_id': 251505086, 'lat': '48.31030391949251', 'lon': '11.203824985286605', 'display_name': 'A 8, Taxa, Odelzhausen, Landkreis Dachau, Bayern, 85235, Deutschland', 'address': {'road': 'A 8', 'village': 'Taxa', 'county': 'Landkreis Dachau', 'state': 'Bayern', 'postcode': '85235', 'country': 'Deutschland', 'country_code': 'de'}, 'boundingbox': ['48.3092977', '48.3107187', '11.2032163', '11.2053016']}","A 8, Taxa, Odelzhausen, Landkreis Dachau, Bayern, 85235, Deutschland",A 8,0,0,0,down,[48.3097163  11.20468794],25067.779037357108,50598.46886016308
78381,9,7,71,111,2016,8,20,2,3,9,6,1,0,1,0,0,0,658006.1924,5357798.099,11.132844441,48.353576511,"(48.353576511, 11.132844441)","{'place_id': 113208559, 'licence': 'Data © OpenStreetMap contributors, ODbL 1.0. https://osm.org/copyright', 'osm_type': 'way', 'osm_id': 42400873, 'lat': '48.353571407256084', 'lon': '11.132838473564718', 'display_name': 'A 8, Burgadelzhausen, Adelzhausen, Dasing, Landkreis Aichach-Friedberg, Bayern, 86559, Deutschland', 'address': {'road': 'A 8', 'village': 'Burgadelzhausen', 'municipality': 'Dasing', 'county': 'Landkreis Aichach-Friedberg', 'state': 'Bayern', 'postcode': '86559', 'country': 'Deutschland', 'country_code': 'de'}, 'boundingbox': ['48.3524329', '48.3557477', '11.1310458', '11.1338122']}","A 8, Burgadelzhausen, Adelzhausen, Dasing, Landkreis Aichach-Friedberg, Bayern, 86559, Deutschland",A 8,0,1,0,up,[48.3527305  11.13355753],43408.920281807616,43408.920281807616
78420,9,7,71,122,2016,8,9,3,3,2,6,0,0,1,0,0,0,649643.1812,5362507.6777,11.021707947,48.397957444,"(48.397957444, 11.021707947)","{'place_id': 179625445, 'licence': 'Data © OpenStreetMap contributors, ODbL 1.0. https://osm.org/copyright', 'osm_type': 'way', 'osm_id': 327495113, 'lat': '48.39794764886809', 'lon': '11.021705049006856', 'display_name': 'A 8, Sophienhof, Bitzenhofen, Dasing, Landkreis Aichach-Friedberg, Bayern, 86453, Deutschland', 'address': {'road': 'A 8', 'hamlet': 'Sophienhof', 'village': 'Bitzenhofen', 'municipality': 'Dasing', 'county': 'Landkreis Aichach-Friedberg', 'state': 'Bayern', 'postcode': '86453', 'country': 'Deutschland', 'country_code': 'de'}, 'boundingbox': ['48.3959071', '48.4010591', '10.9924061', '11.0555759']}","A 8, Sophienhof, Bitzenhofen, Dasing, Landkreis Aichach-Friedberg, Bayern, 86453, Deutschland",A 8,0,0,0,up,[48.39876239 11.01878679],33276.91660591654,33276.91660591654
78944,9,7,71,111,2016,8,17,3,3,3,6,0,0,1,0,0,1,658333.5088,5357359.0232,11.137094377,48.349547078,"(48.349547078, 11.137094377)","{'place_id': 107811304, 'licence': 'Data © OpenStreetMap contributors, ODbL 1.0. https://osm.org/copyright', 'osm_type': 'way', 'osm_id': 27127128, 'lat': '48.349531629633034', 'lon': '11.137082658637748', 'display_name': 'A 8, Holzschuster, Burgadelzhausen, Adelzhausen, Dasing, Landkreis Aichach-Friedberg, Bayern, 86559, Deutschland', 'address': {'road': 'A 8', 'hamlet': 'Holzschuster', 'village': 'Burgadelzhausen', 'municipality': 'Dasing', 'county': 'Landkreis Aichach-Friedberg', 'state': 'Bayern', 'postcode': '86559', 'country': 'Deutschland', 'country_code': 'de'}, 'boundingbox': ['48.3488778', '48.3505353', '11.1358104', '11.1380062']}","A 8, Holzschuster, Burgadelzhausen, Adelzhausen, Dasing, Landkreis Aichach-Friedberg, Bayern, 86559, Deutschland",A 8,0,0,0,up,[48.35004639 11.13640462],43957.954704584794,43957.954704584794
78952,9,1,74,135,2016,8,9,3,3,2,6,0,0,1,0,0,0,663258.0416,5353274.1542,11.201930228,48.311570397,"(48.311570397, 11.201930228)","{'place_id': 169245527, 'licence': 'Data © OpenStreetMap contributors, ODbL 1.0. https://osm.org/copyright', 'osm_type': 'way', 'osm_id': 280422002, 'lat': '48.31160725121775', 'lon': '11.201956215835569', 'display_name': 'A 8, Spindelhafner, Taxa, Odelzhausen, Landkreis Dachau, Bayern, 85235, Deutschland', 'address': {'road': 'A 8', 'hamlet': 'Spindelhafner', 'village': 'Taxa', 'county': 'Landkreis Dachau', 'state': 'Bayern', 'postcode': '85235', 'country': 'Deutschland', 'country_code': 'de'}, 'boundingbox': ['48.3107187', '48.3145561', '11.1975496', '11.2032163']}","A 8, Spindelhafner, Taxa, Odelzhausen, Landkreis Dachau, Bayern, 85235, Deutschland",A 8,0,0,0,down,[48.3120575  11.20131817],25266.954731627593,50399.174358138
78965,9,7,71,129,2016,8,10,3,2,2,6,0,0,0,0,0,1,660519.7421,5355327.7253,11.165807036,48.330733444,"(48.330733444, 11.165807036)","{'place_id': 170077890, 'licence': 'Data © OpenStreetMap contributors, ODbL 1.0. https://osm.org/copyright', 'osm_type': 'way', 'osm_id': 280688897, 'lat': '48.33070892323118', 'lon': '11.16578875537034', 'display_name': 'A 8, Eurasburg, Dasing, Landkreis Aichach-Friedberg, Bayern, 85235, Deutschland', 'address': {'road': 'A 8', 'village': 'Eurasburg', 'municipality': 'Dasing', 'county': 'Landkreis Aichach-Friedberg', 'state': 'Bayern', 'postcode': '85235', 'country': 'Deutschland', 'country_code': 'de'}, 'boundingbox': ['48.3166388', '48.340026', '11.1555112', '11.193519']}","A 8, Eurasburg, Dasing, Landkreis Aichach-Friedberg, Bayern, 85235, Deutschland",A 8,0,0,1,up,[48.33107575 11.16529597],46974.30340207131,46974.30340207131
79213,9,7,72,147,2016,8,19,2,3,3,6,0,0,1,0,1,0,638907.244,5364079.8772,10.877267859,48.41455091,"(48.41455091, 10.877267859)","{'place_id': 194515179, 'licence': 'Data © OpenStreetMap contributors, ODbL 1.0. https://osm.org/copyright', 'osm_type': 'way', 'osm_id': 403304744, 'lat': '48.41456483175472', 'lon': '10.877268165684258', 'display_name': 'A 8, Gersthofen, Landkreis Augsburg, Bayern, 86368, Deutschland', 'address': {'road': 'A 8', 'town': 'Gersthofen', 'county': 'Landkreis Augsburg', 'state': 'Bayern', 'postcode': '86368', 'country': 'Deutschland', 'country_code': 'de'}, 'boundingbox': ['48.414542', '48.4145943', '10.8760484', '10.8783046']}","A 8, Gersthofen, Landkreis Augsburg, Bayern, 86368, Deutschland",A 8,0,0,0,down,[48.41458755 10.87632938],53271.532677455994,22404.630651479016
79358,9,7,72,111,2016,8,6,2,3,3,6,0,0,1,0,0,1,626669.0001,5364133.7896,10.7119704,48.417614784,"(48.417614784, 10.7119704)","{'place_id': 172330239, 'licence': 'Data © OpenStreetMap contributors, ODbL 1.0. https://osm.org/copyright', 'osm_type': 'way', 'osm_id': 295617761, 'lat': '48.41759653692097', 'lon': '10.711969017248625', 'display_name': 'A 8, Adelsried, Landkreis Augsburg, Bayern, 86477, Deutschland', 'address': {'road': 'A 8', 'village': 'Adelsried', 'county': 'Landkreis Augsburg', 'state': 'Bayern', 'postcode': '86477', 'country': 'Deutschland', 'country_code': 'de'}, 'boundingbox': ['48.4170752', '48.4187014', '10.6962877', '10.7191709']}","A 8, Adelsried, Landkreis Augsburg, Bayern, 86477, Deutschland",A 8,0,0,0,up,[48.41753095 10.71283866],10140.773254071304,10140.773254071304
79393,9,7,72,147,2016,8,17,7,3,9,6,0,0,1,0,0,1,629883.5651,5364221.8945,10.755422563,48.417752596,"(48.417752596, 10.755422563)","{'place_id': 173525292, 'licence': 'Data © OpenStreetMap contributors, ODbL 1.0. https://osm.org/copyright', 'osm_type': 'way', 'osm_id': 299305749, 'lat': '48.41776794364699', 'lon': '10.75542197306922', 'display_name': 'A 8, Gersthofen, Landkreis Augsburg, Bayern, 86368, Deutschland', 'address': {'road': 'A 8', 'town': 'Gersthofen', 'county': 'Landkreis Augsburg', 'state': 'Bayern', 'postcode': '86368', 'country': 'Deutschland', 'country_code': 'de'}, 'boundingbox': ['48.4171819', '48.4177718', '10.7406659', '10.7555223']}","A 8, Gersthofen, Landkreis Augsburg, Bayern, 86368, Deutschland",A 8,0,0,0,down,[48.4178559 10.7576928],62320.35679486147,13357.599317762828
79403,9,7,72,147,2016,8,5,7,2,8,1,2,0,1,0,0,0,629466.4562,5364188.0479,10.749777479,48.417534083,"(48.417534083, 10.749777479)","{'place_id': 173525292, 'licence': 'Data © OpenStreetMap contributors, ODbL 1.0. https://osm.org/copyright', 'osm_type': 'way', 'osm_id': 299305749, 'lat': '48.41754251059128', 'lon': '10.749777086124707', 'display_name': 'A 8, Gersthofen, Landkreis Augsburg, Bayern, 86368, Deutschland', 'address': {'road': 'A 8', 'town': 'Gersthofen', 'county': 'Landkreis Augsburg', 'state': 'Bayern', 'postcode': '86368', 'country': 'Deutschland', 'country_code': 'de'}, 'boundingbox': ['48.4171819', '48.4177718', '10.7406659', '10.7555223']}","A 8, Gersthofen, Landkreis Augsburg, Bayern, 86368, Deutschland",A 8,0,0,0,down,[48.41754017 10.74971945],62737.804384804884,12940.186972716754
79508,9,7,72,223,2016,8,20,4,3,9,7,2,0,1,0,0,0,622075.8102,5363368.6487,10.649696638,48.411640726,"(48.411640726, 10.649696638)","{'place_id': 158833556, 'licence': 'Data © OpenStreetMap contributors, ODbL 1.0. https://osm.org/copyright', 'osm_type': 'way', 'osm_id': 231885720, 'lat': '48.411618972208146', 'lon': '10.649699972001953', 'display_name': 'A 8, Zusmarshausen, Landkreis Augsburg, Bayern, 86441, Deutschland', 'address': {'road': 'A 8', 'village': 'Zusmarshausen', 'county': 'Landkreis Augsburg', 'state': 'Bayern', 'postcode': '86441', 'country': 'Deutschland', 'country_code': 'de'}, 'boundingbox': ['48.410977', '48.4132166', '10.6452292', '10.6594208']}","A 8, Zusmarshausen, Landkreis Augsburg, Bayern, 86441, Deutschland",A 8,0,0,1,up,[48.41168714 10.65014209],5314.824369755134,5314.824369755134
79866,9,1,79,142,2016,8,9,4,3,2,6,0,0,1,0,0,0,674461.8644,5344836.6393,11.349431492,48.23273295,"(48.23273295, 11.349431492)","{'place_id': 164049005, 'licence': 'Data © OpenStreetMap contributors, ODbL 1.0. https://osm.org/copyright', 'osm_type': 'way', 'osm_id': 251505090, 'lat': '48.2327121966731', 'lon': '11.349419262635282', 'display_name': 'A 8, Bergkirchen, Landkreis Dachau, Bayern, 85232, Deutschland', 'address': {'road': 'A 8', 'village': 'Bergkirchen', 'county': 'Landkreis Dachau', 'state': 'Bayern', 'postcode': '85232', 'country': 'Deutschland', 'country_code': 'de'}, 'boundingbox': ['48.2305476', '48.2364882', '11.3428447', '11.3530926']}","A 8, Bergkirchen, Landkreis Dachau, Bayern, 85232, Deutschland",A 8,0,0,0,up,[48.23448118 11.34641894],64578.37957423891,64578.37957423891