OBJECTID,ULAND,UREGBEZ,UKREIS,UGEMEINDE,UJAHR,UMONAT,USTUNDE,UWOCHENTAG,UKATEGORIE,UART,UTYP1,ULICHTVERH,IstRad,IstPKW,IstFuss,IstKrad,IstGkfz,LINREFX,LINREFY,XGCSWGS84,YGCSWGS84,coord,location_dict,address,road,UIDENTSTLAE,STRZUSTAND,IstSonstige,lane,coord_interp,dist_interp,dist_interp_up
79945,9,7,72,223,2016,8,17,2,3,8,1,0,0,1,0,0,0,619025.2074,5363094.3713,10.608410996,48.409757719,"(48.409757719, 10.608410996)","{'place_id': 179996451, 'licence': 'Data © OpenStreetMap contributors, ODbL 1.0. https://osm.org/copyright', 'osm_type': 'way', 'osm_id': 327667396, 'lat': '48.40975339908414', 'lon': '10.608411001952119', 'display_name': 'A 8, Wollbach, Zusmarshausen, Landkreis Augsburg, Bayern, 86441, Deutschland', 'address': {'road': 'A 8', 'village': 'Wollbach', 'county': 'Landkreis Augsburg', 'state': 'Bayern', 'postcode': '86441', 'country': 'Deutschland', 'country_code': 'de'}, 'boundingbox': ['48.4097528', '48.4098719', '10.6009573', '10.6099358']}","A 8, Wollbach, Zusmarshausen, Landkreis Augsburg, Bayern, 86441, Deutschland",A 8,0,1,0,up,[48.40975533 10.60950099],2231.3247256380364,2231.3247256380364
80008,9,7,71,130,2016,8,23,3,3,8,1,2,0,1,0,0,0,648633.1755,5362709.1829,11.008142659,48.40000808,"(48.40000808, 11.008142659)","{'place_id': 179625445, 'licence': 'Data © OpenStreetMap contributors, ODbL 1.0. https://osm.org/copyright', 'osm_type': 'way', 'osm_id': 327495113, 'lat': '48.399988405147', 'lon': '11.0081413344881', 'display_name': 'A 8, Sophienhof, Bitzenhofen, Dasing, Landkreis Aichach-Friedberg, Bayern, 86453, Deutschland', 'address': {'road': 'A 8', 'hamlet': 'Sophienhof', 'village': 'Bitzenhofen', 'municipality': 'Dasing', 'county': 'Landkreis Aichach-Friedberg', 'state': 'Bayern', 'postcode': '86453', 'country': 'Deutschland', 'country_code': 'de'}, 'boundingbox': ['48.3959071', '48.4010591', '10.9924061', '11.0555759']}","A 8, Sophienhof, Bitzenhofen, Dasing, Landkreis Aichach-Friedberg, Bayern, 86453, Deutschland",A 8,0,0,0,up,[48.40005871 11.00709437],32243.114314995397,32243.114314995397
80359,9,7,71,122,2016,8,10,5,3,0,7,0,0,1,0,0,1,652614.2308,5362280.0546,11.061737896,48.395198837,"(48.395198837, 11.061737896)","{'place_id': 167411088, 'licence': 'Data © OpenStreetMap contributors, ODbL 1.0. https://osm.org/copyright', 'osm_type': 'way', 'osm_id': 265045936, 'lat': '48.39520972988441', 'lon': '11.0617409516583', 'display_name': 'A 8, Lindl, Dasing, Landkreis Aichach-Friedberg, Bayern, 86453, Deutschland', 'address': {'road': 'A 8', 'village': 'Lindl', 'municipality': 'Dasing', 'county': 'Landkreis Aichach-Friedberg', 'state': 'Bayern', 'postcode': '86453', 'country': 'Deutschland', 'country_code': 'de'}, 'boundingbox': ['48.3951944', '48.3953934', '11.0610862', '11.0617956']}","A 8, Lindl, Dasing, Landkreis Aichach-Friedberg, Bayern, 86453, Deutschland",A 8,0,0,0,down,[48.39537845 11.06113793],39382.69116347189,36288.54844261097
80485,9,1,74,135,2016,9,6,2,2,2,7,0,0,1,0,0,1,663819.767,5352727.8377,11.209288505,48.306513759,"(48.306513759, 11.209288505)","{'place_id': 207325858, 'licence': 'Data © OpenStreetMap contributors, ODbL 1.0. https://osm.org/copyright', 'osm_type': 'way', 'osm_id': 477921133, 'lat': '48.3065482204368', 'lon': '11.209312111501143', 'display_name': 'A 8, Lukka, Taxa, Odelzhausen, Landkreis Dachau, Bayern, 85259, Deutschland', 'address': {'road': 'A 8', 'hamlet': 'Lukka', 'village': 'Taxa', 'county': 'Landkreis Dachau', 'state': 'Bayern', 'postcode': '85259', 'country': 'Deutschland', 'country_code': 'de'}, 'boundingbox': ['48.295503', '48.306587', '11.2092555', '11.2299598']}","A 8, Lukka, Taxa, Odelzhausen, Landkreis Dachau, Bayern, 85259, Deutschland",A 8,0,1,0,down,[48.30785155 11.20741221],24484.280998848084,51181.970200850876
80521,9,7,61,0,2016,9,16,3,3,2,6,0,0,1,0,0,1,643069.3672,5363410.4231,10.933255944,48.407600361,"(48.407600361, 10.933255944)","{'place_id': 169491747, 'licence': 'Data © OpenStreetMap contributors, ODbL 1.0. https://osm.org/copyright', 'osm_type': 'way', 'osm_id': 280695156, 'lat': '48.4076048985527', 'lon': '10.933256692237856', 'display_name': 'A 8, Dickelsmoor, Friedberg, Landkreis Aichach-Friedberg, Bayern, 86167, Deutschland', 'address': {'road': 'A 8', 'hamlet': 'Dickelsmoor', 'town': 'Friedberg', 'county': 'Landkreis Aichach-Friedberg', 'state': 'Bayern', 'postcode': '86167', 'country': 'Deutschland', 'country_code': 'de'}, 'boundingbox': ['48.4051416', '48.4081703', '10.929844', '10.9481348']}","A 8, Dickelsmoor, Friedberg, Landkreis Aichach-Friedberg, Bayern, 86167, Deutschland",A 8,0,0,0,up,[48.40790306 10.93144835],26622.68258165893,26622.68258165893
80731,9,7,71,130,2016,9,15,3,3,3,6,0,0,1,0,0,0,645005.0703,5362981.7339,10.95924864,48.403303553,"(48.403303553, 10.95924864)","{'place_id': 169711243, 'licence': 'Data © OpenStreetMap contributors, ODbL 1.0. https://osm.org/copyright', 'osm_type': 'way', 'osm_id': 280694759, 'lat': '48.40331082931105', 'lon': '10.959249777961126', 'display_name': 'A 8, Derching, Friedberg, Landkreis Aichach-Friedberg, Bayern, 86316, Deutschland', 'address': {'road': 'A 8', 'village': 'Derching', 'town': 'Friedberg', 'county': 'Landkreis Aichach-Friedberg', 'state': 'Bayern', 'postcode': '86316', 'country': 'Deutschland', 'country_code': 'de'}, 'boundingbox': ['48.401446', '48.4037486', '10.9564506', '10.981465']}","A 8, Derching, Friedberg, Landkreis Aichach-Friedberg, Bayern, 86316, Deutschland",A 8,0,0,0,up,[48.40282234 10.96212584],28600.590616915004,28600.590616915004
81067,9,7,71,122,2016,9,12,5,3,3,6,0,0,1,0,0,0,655303.3163,5359958.977,11.09718307,48.373674552,"(48.373674552, 11.09718307)","{'place_id': 112409051, 'licence': 'Data © OpenStreetMap contributors, ODbL 1.0. https://osm.org/copyright', 'osm_type': 'way', 'osm_id': 42400874, 'lat': '48.37369076612492', 'lon': '11.097193434368211', 'display_name': 'A 8, Burgadelzhausen, Adelzhausen, Dasing, Landkreis Aichach-Friedberg, Bayern, 86453, Deutschland', 'address': {'road': 'A 8', 'village': 'Burgadelzhausen', 'municipality': 'Dasing', 'county': 'Landkreis Aichach-Friedberg', 'state': 'Bayern', 'postcode': '86453', 'country': 'Deutschland', 'country_code': 'de'}, 'boundingbox': ['48.3561686', '48.3880438', '11.0753176', '11.1309595']}","A 8, Burgadelzhausen, Adelzhausen, Dasing, Landkreis Aichach-Friedberg, Bayern, 86453, Deutschland",A 8,0,0,0,down,[48.37474946 11.09553758],35819.50987123643,39845.77173384695
81194,9,1,74,135,2016,9,11,6,3,2,6,0,0,1,0,0,0,660737.5132,5355120.9888,11.168664273,48.328819492,"(48.328819492, 11.168664273)","{'place_id': 170077890, 'licence': 'Data © OpenStreetMap contributors, ODbL 1.0. https://osm.org/copyright', 'osm_type': 'way', 'osm_id': 280688897, 'lat': '48.32880289284391', 'lon': '11.168653928878024', 'display_name': 'A 8, Eurasburg, Dasing, Landkreis Aichach-Friedberg, Bayern, 85235, Deutschland', 'address': {'road': 'A 8', 'village': 'Eurasburg', 'municipality': 'Dasing', 'county': 'Landkreis Aichach-Friedberg', 'state': 'Bayern', 'postcode': '85235', 'country': 'Deutschland', 'country_code': 'de'}, 'boundingbox': ['48.3166388', '48.340026', '11.1555112', '11.193519']}","A 8, Eurasburg, Dasing, Landkreis Aichach-Friedberg, Bayern, 85235, Deutschland",A 8,0,0,0,up,[48.32927887 11.16789016],47274.64750338836,47274.64750338836
81451,9,1,79,142,2016,9,6,2,3,2,6,1,0,1,0,0,1,677127.9583,5342645.8579,11.384387724,48.212300951,"(48.212300951, 11.384387724)","{'place_id': 115264999, 'licence': 'Data © OpenStreetMap contributors, ODbL 1.0. https://osm.org/copyright', 'osm_type': 'way', 'osm_id': 55706469, 'lat': '48.212307880434956', 'lon': '11.384391784139847', 'display_name': 'A 8, Graßlfing, Olching, Landkreis Fürstenfeldbruck, Bayern, 82140, Deutschland', 'address': {'road': 'A 8', 'suburb': 'Graßlfing', 'town': 'Olching', 'county': 'Landkreis Fürstenfeldbruck', 'state': 'Bayern', 'postcode': '82140', 'country': 'Deutschland', 'country_code': 'de'}, 'boundingbox': ['48.2116422', '48.230365', '11.3537489', '11.3855279']}","A 8, Graßlfing, Olching, Landkreis Fürstenfeldbruck, Bayern, 82140, Deutschland",A 8,0,0,1,down,[48.21281577 11.38352532],7643.081484312947,68024.29970723187
81571,9,1,74,113,2016,9,7,2,3,3,6,0,0,1,0,1,0,670059.3535,5348479.6277,11.291657397,48.266677741,"(48.266677741, 11.291657397)","{'place_id': 180092636, 'licence': 'Data © OpenStreetMap contributors, ODbL 1.0. https://osm.org/copyright', 'osm_type': 'way', 'osm_id': 327464674, 'lat': '48.26667561412429', 'lon': '11.291655372727146', 'display_name': 'A 8, Hopfenau, Lauterbach, Bergkirchen, Landkreis Dachau, Bayern, 85232, Deutschland', 'address': {'road': 'A 8', 'hamlet': 'Hopfenau', 'village': 'Lauterbach', 'county': 'Landkreis Dachau', 'state': 'Bayern', 'postcode': '85232', 'country': 'Deutschland', 'country_code': 'de'}, 'boundingbox': ['48.2614451', '48.2706646', '11.2874642', '11.2971376']}","A 8, Hopfenau, Lauterbach, Bergkirchen, Landkreis Dachau, Bayern, 85232, Deutschland",A 8,0,0,0,down,[48.27488199 11.28292387],16842.693113245725,58821.01171722366
81621,9,7,71,122,2016,9,17,2,3,8,5,0,0,0,0,0,1,651869.5317,5362424.0032,11.051736189,48.39667284,"(48.39667284, 11.051736189)","{'place_id': 171593475, 'licence': 'Data © OpenStreetMap contributors, ODbL 1.0. https://osm.org/copyright', 'osm_type': 'way', 'osm_id': 288973413, 'lat': '48.39667502124698', 'lon': '11.051736260415444', 'display_name': 'A 8, Sophienhof, Bitzenhofen, Dasing, Landkreis Aichach-Friedberg, Bayern, 86453, Deutschland', 'address': {'road': 'A 8', 'hamlet': 'Sophienhof', 'village': 'Bitzenhofen', 'municipality': 'Dasing', 'county': 'Landkreis Aichach-Friedberg', 'state': 'Bayern', 'postcode': '86453', 'country': 'Deutschland', 'country_code': 'de'}, 'boundingbox': ['48.3960534', '48.4039031', '10.9564457', '11.0556046']}","A 8, Sophienhof, Bitzenhofen, Dasing, Landkreis Aichach-Friedberg, Bayern, 86453, Deutschland",A 8,0,0,0,down,[48.39665572 11.05232663],40144.12115134815,35533.15460230468
81984,9,7,72,223,2016,9,16,1,3,9,1,0,0,1,0,0,0,621232.1798,5363163.692,10.638241708,48.409960438,"(48.409960438, 10.638241708)","{'place_id': 171200929, 'licence': 'Data © OpenStreetMap contributors, ODbL 1.0. https://osm.org/copyright', 'osm_type': 'way', 'osm_id': 289185133, 'lat': '48.40995038089972', 'lon': '10.638243098077918', 'display_name': 'A 8, Zusmarshausen, Landkreis Augsburg, Bayern, 86441, Deutschland', 'address': {'road': 'A 8', 'village': 'Zusmarshausen', 'county': 'Landkreis Augsburg', 'state': 'Bayern', 'postcode': '86441', 'country': 'Deutschland', 'country_code': 'de'}, 'boundingbox': ['48.4096912', '48.4101342', '10.6362223', '10.6394921']}","A 8, Zusmarshausen, Landkreis Augsburg, Bayern, 86441, Deutschland",A 8,0,1,0,up,[48.40987674 10.6377131 ],4448.647901284744,4448.647901284744
82028,9,1,79,142,2016,9,9,2,3,2,6,0,0,1,0,0,1,677003.6503,5342731.2078,11.382751484,48.213102847,"(48.213102847, 11.382751484)","{'place_id': 179627364, 'licence': 'Data © OpenStreetMap contributors, ODbL 1.0. https://osm.org/copyright', 'osm_type': 'way', 'osm_id': 326367892, 'lat': '48.213080035095075', 'lon': '11.382737891605789', 'display_name': 'A 8, Olching, Landkreis Fürstenfeldbruck, Bayern, 82140, Deutschland', 'address': {'road': 'A 8', 'town': 'Olching', 'county': 'Landkreis Fürstenfeldbruck', 'state': 'Bayern', 'postcode': '82140', 'country': 'Deutschland', 'country_code': 'de'}, 'boundingbox': ['48.2126052', '48.2153506', '11.3788717', '11.3835348']}","A 8, Olching, Landkreis Fürstenfeldbruck, Bayern, 82140, Deutschland",A 8,0,1,0,up,[48.21289624 11.38304646],67874.37373166891,67874.37373166891
82090,9,1,74,135,2016,9,22,1,2,9,7,2,0,1,0,0,0,661593.6608,5354513.5877,11.17997388,48.323140562,"(48.323140562, 11.17997388)","{'place_id': 170077890, 'licence': 'Data © OpenStreetMap contributors, ODbL 1.0. https://osm.org/copyright', 'osm_type': 'way', 'osm_id': 280688897, 'lat': '48.3231124790723', 'lon': '11.179960624117601', 'display_name': 'A 8, Eurasburg, Dasing, Landkreis Aichach-Friedberg, Bayern, 85235, Deutschland', 'address': {'road': 'A 8', 'village': 'Eurasburg', 'municipality': 'Dasing', 'county': 'Landkreis Aichach-Friedberg', 'state': 'Bayern', 'postcode': '85235', 'country': 'Deutschland', 'country_code': 'de'}, 'boundingbox': ['48.3166388', '48.340026', '11.1555112', '11.193519']}","A 8, Eurasburg, Dasing, Landkreis Aichach-Friedberg, Bayern, 85235, Deutschland",A 8,0,1,0,up,[48.32417923 11.17770148],48323.78305231537,48323.78305231537
82253,9,1,74,146,2016,9,22,6,2,2,6,2,0,1,0,0,0,668627.7191,5349860.284,11.272931732,48.279472113,"(48.279472113, 11.272931732)","{'place_id': 135294201, 'licence': 'Data © OpenStreetMap contributors, ODbL 1.0. https://osm.org/copyright', 'osm_type': 'way', 'osm_id': 143575534, 'lat': '48.27947325833965', 'lon': '11.27293226551826', 'display_name': 'A 8, Haidhof, Einsbach, Sulzemoos, Landkreis Dachau, Bayern, 85254, Deutschland', 'address': {'road': 'A 8', 'hamlet': 'Haidhof', 'village': 'Einsbach', 'county': 'Landkreis Dachau', 'state': 'Bayern', 'postcode': '85254', 'country': 'Deutschland', 'country_code': 'de'}, 'boundingbox': ['48.2709261', '48.2802015', '11.2713689', '11.2871833']}","A 8, Haidhof, Einsbach, Sulzemoos, Landkreis Dachau, Bayern, 85254, Deutschland",A 8,0,1,1,down,[48.27960778 11.27264412],18852.7342886264,56816.555989040266
82604,9,1,74,113,2016,9,22,5,3,8,7,2,0,1,0,0,1,669809.6534,5348791.2894,11.288420465,48.269546435,"(48.269546435, 11.288420465)","{'place_id': 134244450, 'licence': 'Data © OpenStreetMap contributors, ODbL 1.0. https://osm.org/copyright', 'osm_type': 'way', 'osm_id': 143578410, 'lat': '48.26953140524497', 'lon': '11.28840614293859', 'display_name': 'A 8, Hopfenau, Lauterbach, Bergkirchen, Landkreis Dachau, Bayern, 85232, Deutschland', 'address': {'road': 'A 8', 'hamlet': 'Hopfenau', 'village': 'Lauterbach', 'county': 'Landkreis Dachau', 'state': 'Bayern', 'postcode': '85232', 'country': 'Deutschland', 'country_code': 'de'}, 'boundingbox': ['48.2599717', '48.270607', '11.2872774', '11.2984073']}","A 8, Hopfenau, Lauterbach, Bergkirchen, Landkreis Dachau, Bayern, 85232, Deutschland",A 8,0,0,0,up,[48.26991411 11.28800408],58422.197768279664,58422.197768279664
82684,9,7,71,111,2016,9,14,2,3,8,1,0,0,0,0,0,1,657948.586,5357924.4361,11.132114811,48.354726742,"(48.354726742, 11.132114811)","{'place_id': 164693636, 'licence': 'Data © OpenStreetMap contributors, ODbL 1.0. https://osm.org/copyright', 'osm_type': 'way', 'osm_id': 251505068, 'lat': '48.354738994029645', 'lon': '11.132129787390465', 'display_name': 'A 8, Burgadelzhausen, Adelzhausen, Dasing, Landkreis Aichach-Friedberg, Bayern, 86559, Deutschland', 'address': {'road': 'A 8', 'village': 'Burgadelzhausen', 'municipality': 'Dasing', 'county': 'Landkreis Aichach-Friedberg', 'state': 'Bayern', 'postcode': '86559', 'country': 'Deutschland', 'country_code': 'de'}, 'boundingbox': ['48.3541399', '48.3557176', '11.1313292', '11.1326199']}","A 8, Burgadelzhausen, Adelzhausen, Dasing, Landkreis Aichach-Friedberg, Bayern, 86559, Deutschland",A 8,0,1,0,down,[48.35512424 11.13181477],32389.768700348865,43270.74459114764
82921,9,1,74,113,2016,9,6,2,3,2,6,0,0,1,0,0,0,669162.489,5349490.1926,11.279985853,48.276002486,"(48.276002486, 11.279985853)","{'place_id': 169894014, 'licence': 'Data © OpenStreetMap contributors, ODbL 1.0. https://osm.org/copyright', 'osm_type': 'way', 'osm_id': 280421998, 'lat': '48.275973502341124', 'lon': '11.279971827643369', 'display_name': 'A 8, Einsbach, Sulzemoos, Landkreis Dachau, Bayern, 85254, Deutschland', 'address': {'road': 'A 8', 'village': 'Einsbach', 'county': 'Landkreis Dachau', 'state': 'Bayern', 'postcode': '85254', 'country': 'Deutschland', 'country_code': 'de'}, 'boundingbox': ['48.2708684', '48.2776562', '11.2764074', '11.2870058']}","A 8, Einsbach, Sulzemoos, Landkreis Dachau, Bayern, 85254, Deutschland",A 8,0,0,0,up,[48.27597906 11.27995987],57465.61890773355,57465.61890773355
82966,9,7,72,147,2016,9,11,2,3,3,6,0,0,1,0,0,1,639140.4537,5364063.2002,10.880412286,48.414349505,"(48.414349505, 10.880412286)","{'place_id': 107197597, 'licence': 'Data © OpenStreetMap contributors, ODbL 1.0. https://osm.org/copyright', 'osm_type': 'way', 'osm_id': 27126750, 'lat': '48.41433018465421', 'lon': '10.880411807259055', 'display_name': 'A 8, Gersthofen, Landkreis Augsburg, Bayern, 86368, Deutschland', 'address': {'road': 'A 8', 'town': 'Gersthofen', 'county': 'Landkreis Augsburg', 'state': 'Bayern', 'postcode': '86368', 'country': 'Deutschland', 'country_code': 'de'}, 'boundingbox': ['48.4142457', '48.4143641', '10.8790431', '10.884282']}","A 8, Gersthofen, Landkreis Augsburg, Bayern, 86368, Deutschland",A 8,0,0,0,up,[48.41433484 10.8802218 ],22637.42024950791,22637.42024950791
83140,9,1,74,113,2016,9,8,5,3,2,6,0,0,1,0,0,0,673993.377,5345233.4266,11.343290934,48.236428484,"(48.236428484, 11.343290934)","{'place_id': 125641879, 'licence': 'Data © OpenStreetMap contributors, ODbL 1.0. https://osm.org/copyright', 'osm_type': 'way', 'osm_id': 105836028, 'lat': '48.23829685', 'lon': '11.342871400000007', 'display_name': 'Logicpark, A 8, Bergkirchen, Landkreis Dachau, Bayern, 85232, Deutschland', 'address': {'building': 'Logicpark', 'road': 'A 8', 'village': 'Bergkirchen', 'county': 'Landkreis Dachau', 'state': 'Bayern', 'postcode': '85232', 'country': 'Deutschland', 'country_code': 'de'}, 'boundingbox': ['48.2371782', '48.2394155', '11.3410869', '11.3446559']}","Logicpark, A 8, Bergkirchen, Landkreis Dachau, Bayern, 85232, Deutschland",A 8,0,0,0,down,[48.23637269 11.34341527],11702.216189246745,63965.716167997954
83342,9,7,61,0,2016,9,15,6,3,1,6,0,0,1,0,0,0,640680.3787,5363941.9952,10.901171087,48.412917778,"(48.412917778, 10.901171087)","{'place_id': 107051918, 'licence': 'Data © OpenStreetMap contributors, ODbL 1.0. https://osm.org/copyright', 'osm_type': 'way', 'osm_id': 27394068, 'lat': '48.41290277248414', 'lon': '10.901168846128028', 'display_name': 'A 8, Firnhaberau, Augsburg, Bayern, 86169, Deutschland', 'address': {'road': 'A 8', 'suburb': 'Firnhaberau', 'city': 'Augsburg', 'state': 'Bayern', 'postcode': '86169', 'country': 'Deutschland', 'country_code': 'de'}, 'boundingbox': ['48.4118564', '48.4140709', '10.8897511', '10.907569']}","A 8, Firnhaberau, Augsburg, Bayern, 86169, Deutschland",A 8,0,0,0,up,[48.41308481 10.89995187],24181.116856396726,24181.116856396726
83639,9,1,74,113,2016,9,8,5,3,2,6,0,0,1,0,0,0,672988.6749,5345924.3585,11.330053747,48.242914398,"(48.242914398, 11.330053747)","{'place_id': 179804010, 'licence': 'Data © OpenStreetMap contributors, ODbL 1.0. https://osm.org/copyright', 'osm_type': 'way', 'osm_id': 327464677, 'lat': '48.2428844321925', 'lon': '11.330039130472546', 'display_name': 'A 8, Palsweis, Bergkirchen, Landkreis Dachau, Bayern, 85232, Deutschland', 'address': {'road': 'A 8', 'village': 'Palsweis', 'county': 'Landkreis Dachau', 'state': 'Bayern', 'postcode': '85232', 'country': 'Deutschland', 'country_code': 'de'}, 'boundingbox': ['48.2375667', '48.2544385', '11.3063647', '11.3408042']}","A 8, Palsweis, Bergkirchen, Landkreis Dachau, Bayern, 85232, Deutschland",A 8,0,0,0,up,[48.24426675 11.32720508],62749.07564572331,62749.07564572331
83647,9,7,71,122,2016,10,7,1,3,9,7,0,0,1,0,0,0,649129.0587,5362664.1074,11.01482209,48.39948571,"(48.39948571, 11.01482209)","{'place_id': 179625445, 'licence': 'Data © OpenStreetMap contributors, ODbL 1.0. https://osm.org/copyright', 'osm_type': 'way', 'osm_id': 327495113, 'lat': '48.39946793025858', 'lon': '11.014819957931605', 'display_name': 'A 8, Sophienhof, Bitzenhofen, Dasing, Landkreis Aichach-Friedberg, Bayern, 86453, Deutschland', 'address': {'road': 'A 8', 'hamlet': 'Sophienhof', 'village': 'Bitzenhofen', 'municipality': 'Dasing', 'county': 'Landkreis Aichach-Friedberg', 'state': 'Bayern', 'postcode': '86453', 'country': 'Deutschland', 'country_code': 'de'}, 'boundingbox': ['48.3959071', '48.4010591', '10.9924061', '11.0555759']}","A 8, Sophienhof, Bitzenhofen, Dasing, Landkreis Aichach-Friedberg, Bayern, 86453, Deutschland",A 8,0,1,0,up,[48.39953939 11.01422555],32739.786147360825,32739.786147360825
83723,9,7,71,130,2016,10,18,6,3,2,6,0,0,1,0,0,0,648433.7341,5362724.1503,11.00545507,48.400189639,"(48.400189639, 11.00545507)","{'place_id': 179625445, 'licence': 'Data © OpenStreetMap contributors, ODbL 1.0. https://osm.org/copyright', 'osm_type': 'way', 'osm_id': 327495113, 'lat': '48.40016933659155', 'lon': '11.00545370324104', 'display_name': 'A 8, Sophienhof, Bitzenhofen, Dasing, Landkreis Aichach-Friedberg, Bayern, 86453, Deutschland', 'address': {'road': 'A 8', 'hamlet': 'Sophienhof', 'village': 'Bitzenhofen', 'municipality': 'Dasing', 'county': 'Landkreis Aichach-Friedberg', 'state': 'Bayern', 'postcode': '86453', 'country': 'Deutschland', 'country_code': 'de'}, 'boundingbox': ['48.3959071', '48.4010591', '10.9924061', '11.0555759']}","A 8, Sophienhof, Bitzenhofen, Dasing, Landkreis Aichach-Friedberg, Bayern, 86453, Deutschland",A 8,0,0,0,up,[48.39987764 11.00978203],32043.622125792805,32043.622125792805
83772,9,1,79,142,2016,10,18,3,3,9,1,0,0,1,0,0,0,675156.0041,5344262.6397,11.358533835,48.227381832,"(48.227381832, 11.358533835)","{'place_id': 180097007, 'licence': 'Data © OpenStreetMap contributors, ODbL 1.0. https://osm.org/copyright', 'osm_type': 'way', 'osm_id': 327462613, 'lat': '48.22735393637573', 'lon': '11.35851737814571', 'display_name': 'A 8, Graßlfing, Olching, Landkreis Fürstenfeldbruck, Bayern, 82140, Deutschland', 'address': {'road': 'A 8', 'suburb': 'Graßlfing', 'town': 'Olching', 'county': 'Landkreis Fürstenfeldbruck', 'state': 'Bayern', 'postcode': '82140', 'country': 'Deutschland', 'country_code': 'de'}, 'boundingbox': ['48.2199694', '48.2294326', '11.3549891', '11.3710404']}","A 8, Graßlfing, Olching, Landkreis Fürstenfeldbruck, Bayern, 82140, Deutschland",A 8,0,1,0,up,[48.2298097 11.3543494],65477.87089259504,65477.87089259504
83977,9,7,61,0,2016,10,16,5,3,2,6,0,0,1,0,0,0,640348.7262,5364016.3689,10.896716535,48.413660467,"(48.413660467, 10.896716535)","{'place_id': 169297776, 'licence': 'Data © OpenStreetMap contributors, ODbL 1.0. https://osm.org/copyright', 'osm_type': 'way', 'osm_id': 280726822, 'lat': '48.413661457837975', 'lon': '10.896716641754347', 'display_name': 'A 8, Firnhaberau, Augsburg, Bayern, 86169, Deutschland', 'address': {'road': 'A 8', 'suburb': 'Firnhaberau', 'city': 'Augsburg', 'state': 'Bayern', 'postcode': '86169', 'country': 'Deutschland', 'country_code': 'de'}, 'boundingbox': ['48.4126072', '48.4142339', '10.8897666', '10.9039443']}","A 8, Firnhaberau, Augsburg, Bayern, 86169, Deutschland",A 8,0,0,0,down,[48.41378919 10.89552914],51830.855078648274,23843.03512208885
83982,9,1,74,146,2016,10,9,1,2,3,6,0,0,1,0,0,0,667485.5382,5350605.146,11.257843984,48.286471395,"(48.286471395, 11.257843984)","{'place_id': 169604271, 'licence': 'Data © OpenStreetMap contributors, ODbL 1.0. https://osm.org/copyright', 'osm_type': 'way', 'osm_id': 280422003, 'lat': '48.28647215506859', 'lon': '11.2578443151742', 'display_name': 'A 8, Ziegelstadel, Sulzemoos, Landkreis Dachau, Bayern, 85254, Deutschland', 'address': {'road': 'A 8', 'hamlet': 'Ziegelstadel', 'village': 'Sulzemoos', 'county': 'Landkreis Dachau', 'state': 'Bayern', 'postcode': '85254', 'country': 'Deutschland', 'country_code': 'de'}, 'boundingbox': ['48.283379', '48.2871764', '11.2561764', '11.264606']}","A 8, Ziegelstadel, Sulzemoos, Landkreis Dachau, Bayern, 85254, Deutschland",A 8,0,0,0,down,[48.28619516 11.25847958],20214.113745948664,55455.684114902404
84036,9,1,74,146,2016,10,6,3,3,2,6,2,0,1,0,0,0,665683.6083,5351420.59,11.233891629,48.294276345,"(48.294276345, 11.233891629)","{'place_id': 108867869, 'licence': 'Data © OpenStreetMap contributors, ODbL 1.0. https://osm.org/copyright', 'osm_type': 'way', 'osm_id': 28802113, 'lat': '48.294299006928775', 'lon': '11.233898246341031', 'display_name': 'A 8, Ziegelstadel, Wiedenzhausen, Sulzemoos, Landkreis Dachau, Bayern, 85259, Deutschland', 'address': {'road': 'A 8', 'hamlet': 'Ziegelstadel', 'village': 'Wiedenzhausen', 'county': 'Landkreis Dachau', 'state': 'Bayern', 'postcode': '85259', 'country': 'Deutschland', 'country_code': 'de'}, 'boundingbox': ['48.287303', '48.2952793', '11.2306553', '11.2558719']}","A 8, Ziegelstadel, Wiedenzhausen, Sulzemoos, Landkreis Dachau, Bayern, 85259, Deutschland",A 8,0,1,0,down,[48.29479109 11.23221479],22190.399595366467,53481.76550018375
84136,9,7,71,130,2016,10,0,3,3,8,6,2,0,1,0,0,0,647795.8505,5362786.8822,10.996864308,48.400903522,"(48.400903522, 10.996864308)","{'place_id': 171593475, 'licence': 'Data © OpenStreetMap contributors, ODbL 1.0. https://osm.org/copyright', 'osm_type': 'way', 'osm_id': 288973413, 'lat': '48.400908947532564', 'lon': '10.996864665384079', 'display_name': 'A 8, Sophienhof, Bitzenhofen, Dasing, Landkreis Aichach-Friedberg, Bayern, 86453, Deutschland', 'address': {'road': 'A 8', 'hamlet': 'Sophienhof', 'village': 'Bitzenhofen', 'municipality': 'Dasing', 'county': 'Landkreis Aichach-Friedberg', 'state': 'Bayern', 'postcode': '86453', 'country': 'Deutschland', 'country_code': 'de'}, 'boundingbox': ['48.3960534', '48.4039031', '10.9564457', '11.0556046']}","A 8, Sophienhof, Bitzenhofen, Dasing, Landkreis Aichach-Friedberg, Bayern, 86453, Deutschland",A 8,0,0,0,down,[48.40072754 10.99977199],44270.45939977013,31404.60950290865
84145,9,1,74,113,2016,10,15,6,3,3,6,0,0,1,0,0,0,674027.37,5345190.518,11.343730717,48.236033439,"(48.236033439, 11.343730717)","{'place_id': 283497813, 'licence': 'Data © OpenStreetMap contributors, ODbL 1.0. https://osm.org/copyright', 'osm_type': 'node', 'osm_id': 237437, 'lat': '48.2364882', 'lon': '11.3428447', 'display_name': 'Dachau/Fürstenfeldbruck, A 8, Bergkirchen, Landkreis Dachau, Bayern, 85232, Deutschland', 'address': {'highway': 'Dachau/Fürstenfeldbruck', 'road': 'A 8', 'village': 'Bergkirchen', 'county': 'Landkreis Dachau', 'state': 'Bayern', 'postcode': '85232', 'country': 'Deutschland', 'country_code': 'de'}, 'boundingbox': ['48.2364382', '48.2365382', '11.3427947', '11.3428947']}","Dachau/Fürstenfeldbruck, A 8, Bergkirchen, Landkreis Dachau, Bayern, 85232, Deutschland",A 8,0,0,0,up,[48.23601222 11.34370601],64018.84622996615,64018.84622996615