OBJECTID,ULAND,UREGBEZ,UKREIS,UGEMEINDE,UJAHR,UMONAT,USTUNDE,UWOCHENTAG,UKATEGORIE,UART,UTYP1,ULICHTVERH,IstRad,IstPKW,IstFuss,IstKrad,IstGkfz,LINREFX,LINREFY,XGCSWGS84,YGCSWGS84,coord,location_dict,address,road,UIDENTSTLAE,STRZUSTAND,IstSonstige,lane,coord_interp,dist_interp,dist_interp_up
89647,9,7,72,223,2016,12,5,3,2,7,7,2,0,0,0,0,1,616903.0336,5362877.1427,10.579684567,48.408201383,"(48.408201383, 10.579684567)","{'place_id': 171014878, 'licence': 'Data © OpenStreetMap contributors, ODbL 1.0. https://osm.org/copyright', 'osm_type': 'way', 'osm_id': 289187283, 'lat': '48.4081661348145', 'lon': '10.57969227538758', 'display_name': 'A 8, Friedensdorf, Wollbach, Zusmarshausen, Landkreis Augsburg, Bayern, 86441, Deutschland', 'address': {'road': 'A 8', 'hamlet': 'Friedensdorf', 'village': 'Wollbach', 'county': 'Landkreis Augsburg', 'state': 'Bayern', 'postcode': '86441', 'country': 'Deutschland', 'country_code': 'de'}, 'boundingbox': ['48.407249', '48.4098', '10.575949', '10.5924484']}","A 8, Friedensdorf, Wollbach, Zusmarshausen, Landkreis Augsburg, Bayern, 86441, Deutschland",A 8,0,1,0,down,[48.40935922 10.59780884],74429.73895792245,1402.2943573015039
89717,9,7,72,147,2016,12,17,3,3,2,6,2,0,1,0,0,0,639040.6643,5364078.1951,10.879069408,48.41450636,"(48.41450636, 10.879069408)","{'place_id': 169543049, 'licence': 'Data © OpenStreetMap contributors, ODbL 1.0. https://osm.org/copyright', 'osm_type': 'way', 'osm_id': 280732481, 'lat': '48.41452470346372', 'lon': '10.879069822622329', 'display_name': 'A 8, Gersthofen, Landkreis Augsburg, Bayern, 86368, Deutschland', 'address': {'road': 'A 8', 'town': 'Gersthofen', 'county': 'Landkreis Augsburg', 'state': 'Bayern', 'postcode': '86368', 'country': 'Deutschland', 'country_code': 'de'}, 'boundingbox': ['48.4144753', '48.414542', '10.8783046', '10.8812555']}","A 8, Gersthofen, Landkreis Augsburg, Bayern, 86368, Deutschland",A 8,0,0,1,down,[48.41458378 10.87639965],53138.448405822695,22537.701297389594
89829,9,7,72,147,2016,12,14,3,3,2,6,0,0,1,0,0,0,633590.7956,5364540.0084,10.805602904,48.419837979,"(48.419837979, 10.805602904)","{'place_id': 164081832, 'licence': 'Data © OpenStreetMap contributors, ODbL 1.0. https://osm.org/copyright', 'osm_type': 'way', 'osm_id': 253368220, 'lat': '48.41981161206099', 'lon': '10.805601687217168', 'display_name': 'A 8, Gailenbach, Edenbergen, Gersthofen, Landkreis Augsburg, Bayern, 86368, Deutschland', 'address': {'road': 'A 8', 'hamlet': 'Gailenbach', 'village': 'Edenbergen', 'town': 'Gersthofen', 'county': 'Landkreis Augsburg', 'state': 'Bayern', 'postcode': '86368', 'country': 'Deutschland', 'country_code': 'de'}, 'boundingbox': ['48.419288', '48.4199152', '10.803357', '10.8131894']}","A 8, Gailenbach, Edenbergen, Gersthofen, Landkreis Augsburg, Bayern, 86368, Deutschland",A 8,0,0,0,up,[48.41984722 10.80482984],17077.629434289796,17077.629434289796
89833,9,7,71,111,2016,12,18,5,3,2,6,2,0,1,0,0,0,658571.2236,5357144.2187,11.140219687,48.347556274,"(48.347556274, 11.140219687)","{'place_id': 169057293, 'licence': 'Data © OpenStreetMap contributors, ODbL 1.0. https://osm.org/copyright', 'osm_type': 'way', 'osm_id': 280690992, 'lat': '48.347537488635915', 'lon': '11.140209209776074', 'display_name': 'A 8, Holzschuster, Burgadelzhausen, Adelzhausen, Dasing, Landkreis Aichach-Friedberg, Bayern, 86559, Deutschland', 'address': {'road': 'A 8', 'hamlet': 'Holzschuster', 'village': 'Burgadelzhausen', 'municipality': 'Dasing', 'county': 'Landkreis Aichach-Friedberg', 'state': 'Bayern', 'postcode': '86559', 'country': 'Deutschland', 'country_code': 'de'}, 'boundingbox': ['48.3451351', '48.3478008', '11.1397371', '11.1451555']}","A 8, Holzschuster, Burgadelzhausen, Adelzhausen, Dasing, Landkreis Aichach-Friedberg, Bayern, 86559, Deutschland",A 8,0,1,0,up,[48.34735419 11.14053759],44278.537561986195,44278.537561986195
89934,9,7,71,130,2016,12,18,7,1,8,7,2,0,1,0,0,0,645107.6589,5362973.4353,10.960631062,48.403205332,"(48.403205332, 10.960631062)","{'place_id': 171593475, 'licence': 'Data © OpenStreetMap contributors, ODbL 1.0. https://osm.org/copyright', 'osm_type': 'way', 'osm_id': 288973413, 'lat': '48.403223372922646', 'lon': '10.960634004646348', 'display_name': 'A 8, Sophienhof, Bitzenhofen, Dasing, Landkreis Aichach-Friedberg, Bayern, 86453, Deutschland', 'address': {'road': 'A 8', 'hamlet': 'Sophienhof', 'village': 'Bitzenhofen', 'municipality': 'Dasing', 'county': 'Landkreis Aichach-Friedberg', 'state': 'Bayern', 'postcode': '86453', 'country': 'Deutschland', 'country_code': 'de'}, 'boundingbox': ['48.3960534', '48.4039031', '10.9564457', '11.0556046']}","A 8, Sophienhof, Bitzenhofen, Dasing, Landkreis Aichach-Friedberg, Bayern, 86453, Deutschland",A 8,0,1,0,down,[48.40319018 10.96083746],46970.206181273716,28702.13769117689
89974,9,7,71,122,2016,12,19,4,3,2,6,2,0,1,0,0,0,655241.8148,5359995.5004,11.096366631,48.37401805,"(48.37401805, 11.096366631)","{'place_id': 123171715, 'licence': 'Data © OpenStreetMap contributors, ODbL 1.0. https://osm.org/copyright', 'osm_type': 'way', 'osm_id': 95261689, 'lat': '48.373993560650874', 'lon': '11.096351176609062', 'display_name': 'A 8, Burgadelzhausen, Adelzhausen, Dasing, Landkreis Aichach-Friedberg, Bayern, 86453, Deutschland', 'address': {'road': 'A 8', 'village': 'Burgadelzhausen', 'municipality': 'Dasing', 'county': 'Landkreis Aichach-Friedberg', 'state': 'Bayern', 'postcode': '86453', 'country': 'Deutschland', 'country_code': 'de'}, 'boundingbox': ['48.3561378', '48.3880253', '11.0750446', '11.1307183']}","A 8, Burgadelzhausen, Adelzhausen, Dasing, Landkreis Aichach-Friedberg, Bayern, 86453, Deutschland",A 8,0,1,0,up,[48.37413889 11.09612104],39775.72465475378,39775.72465475378
89975,9,7,71,122,2016,12,17,4,3,2,6,2,0,1,0,0,0,653649.7637,5361482.3699,11.075426091,48.387775658,"(48.387775658, 11.075426091)","{'place_id': 123171715, 'licence': 'Data © OpenStreetMap contributors, ODbL 1.0. https://osm.org/copyright', 'osm_type': 'way', 'osm_id': 95261689, 'lat': '48.38776871586707', 'lon': '11.075421363253483', 'display_name': 'A 8, Burgadelzhausen, Adelzhausen, Dasing, Landkreis Aichach-Friedberg, Bayern, 86453, Deutschland', 'address': {'road': 'A 8', 'village': 'Burgadelzhausen', 'municipality': 'Dasing', 'county': 'Landkreis Aichach-Friedberg', 'state': 'Bayern', 'postcode': '86453', 'country': 'Deutschland', 'country_code': 'de'}, 'boundingbox': ['48.3561378', '48.3880253', '11.0750446', '11.1307183']}","A 8, Burgadelzhausen, Adelzhausen, Dasing, Landkreis Aichach-Friedberg, Bayern, 86453, Deutschland",A 8,0,1,0,up,[48.38854767 11.07429244],37599.44699383585,37599.44699383585
90005,9,1,74,113,2016,12,10,2,3,0,6,0,0,1,0,0,0,672699.8317,5346122.3298,11.326247273,48.244772784,"(48.244772784, 11.326247273)","{'place_id': 179804010, 'licence': 'Data © OpenStreetMap contributors, ODbL 1.0. https://osm.org/copyright', 'osm_type': 'way', 'osm_id': 327464677, 'lat': '48.24474145399427', 'lon': '11.326231991052778', 'display_name': 'A 8, Palsweis, Bergkirchen, Landkreis Dachau, Bayern, 85232, Deutschland', 'address': {'road': 'A 8', 'village': 'Palsweis', 'county': 'Landkreis Dachau', 'state': 'Bayern', 'postcode': '85232', 'country': 'Deutschland', 'country_code': 'de'}, 'boundingbox': ['48.2375667', '48.2544385', '11.3063647', '11.3408042']}","A 8, Palsweis, Bergkirchen, Landkreis Dachau, Bayern, 85232, Deutschland",A 8,0,0,0,up,[48.2424094  11.33101268],62399.47011106408,62399.47011106408
90064,9,7,72,147,2016,12,12,3,3,2,6,0,0,1,0,0,0,634188.169,5364490.7821,10.813657006,48.419268385,"(48.419268385, 10.813657006)","{'place_id': 181099388, 'licence': 'Data © OpenStreetMap contributors, ODbL 1.0. https://osm.org/copyright', 'osm_type': 'way', 'osm_id': 330705165, 'lat': '48.41924577040607', 'lon': '10.813654954672465', 'display_name': 'A 8, Gailenbach, Edenbergen, Gersthofen, Landkreis Augsburg, Bayern, 86368, Deutschland', 'address': {'road': 'A 8', 'hamlet': 'Gailenbach', 'village': 'Edenbergen', 'town': 'Gersthofen', 'county': 'Landkreis Augsburg', 'state': 'Bayern', 'postcode': '86368', 'country': 'Deutschland', 'country_code': 'de'}, 'boundingbox': ['48.4190459', '48.419288', '10.8131894', '10.8158584']}","A 8, Gailenbach, Edenbergen, Gersthofen, Landkreis Augsburg, Bayern, 86368, Deutschland",A 8,0,0,0,up,[48.41944394 10.81127939],17675.511797689,17675.511797689
90148,9,7,61,0,2016,12,16,6,3,2,6,1,0,1,0,0,0,643453.0383,5363341.5808,10.938413768,48.406894169,"(48.406894169, 10.938413768)","{'place_id': 170078922, 'licence': 'Data © OpenStreetMap contributors, ODbL 1.0. https://osm.org/copyright', 'osm_type': 'way', 'osm_id': 280694756, 'lat': '48.4068976235982', 'lon': '10.938414342458797', 'display_name': 'A 8, Dickelsmoor, Friedberg, Landkreis Aichach-Friedberg, Bayern, 86169, Deutschland', 'address': {'road': 'A 8', 'hamlet': 'Dickelsmoor', 'town': 'Friedberg', 'county': 'Landkreis Aichach-Friedberg', 'state': 'Bayern', 'postcode': '86169', 'country': 'Deutschland', 'country_code': 'de'}, 'boundingbox': ['48.4052755', '48.4085066', '10.9287196', '10.9482169']}","A 8, Dickelsmoor, Friedberg, Landkreis Aichach-Friedberg, Bayern, 86169, Deutschland",A 8,0,1,0,down,[48.40728747 10.93604098],48661.254936073376,27011.17012344772
90312,9,1,79,142,2016,12,17,6,3,2,6,2,0,1,0,0,0,674654.7951,5344676.5972,11.351961401,48.231241193,"(48.231241193, 11.351961401)","{'place_id': 164049005, 'licence': 'Data © OpenStreetMap contributors, ODbL 1.0. https://osm.org/copyright', 'osm_type': 'way', 'osm_id': 251505090, 'lat': '48.23122114571696', 'lon': '11.351949587687505', 'display_name': 'A 8, Bergkirchen, Landkreis Dachau, Bayern, 85232, Deutschland', 'address': {'road': 'A 8', 'village': 'Bergkirchen', 'county': 'Landkreis Dachau', 'state': 'Bayern', 'postcode': '85232', 'country': 'Deutschland', 'country_code': 'de'}, 'boundingbox': ['48.2305476', '48.2364882', '11.3428447', '11.3530926']}","A 8, Bergkirchen, Landkreis Dachau, Bayern, 85232, Deutschland",A 8,0,1,0,up,[48.22955885 11.35476399],64828.70427810711,64828.70427810711
90394,9,7,72,147,2016,12,4,4,3,0,7,2,0,1,0,0,1,628780.0574,5364117.2415,10.740483321,48.417038033,"(48.417038033, 10.740483321)","{'place_id': 158562545, 'licence': 'Data © OpenStreetMap contributors, ODbL 1.0. https://osm.org/copyright', 'osm_type': 'way', 'osm_id': 231886897, 'lat': '48.417025425341585', 'lon': '10.740483930114939', 'display_name': 'A 8, Adelsried, Landkreis Augsburg, Bayern, 86477, Deutschland', 'address': {'road': 'A 8', 'village': 'Adelsried', 'county': 'Landkreis Augsburg', 'state': 'Bayern', 'postcode': '86477', 'country': 'Deutschland', 'country_code': 'de'}, 'boundingbox': ['48.4169989', '48.4170347', '10.7399349', '10.7406759']}","A 8, Adelsried, Landkreis Augsburg, Bayern, 86477, Deutschland",A 8,0,0,0,up,[48.41700829 10.74012632],12252.000717259289,12252.000717259289
71133,9,1,74,135,2017,1,19,3,3,2,6,2,0,1,0,0,0,663784.4691,5352762.4443,11.208826273000057,48.30683401400007,"(48.30683401400007, 11.208826273000057)","{'place_id': 168996356, 'licence': 'Data © OpenStreetMap contributors, ODbL 1.0. https://osm.org/copyright', 'osm_type': 'way', 'osm_id': 280422000, 'lat': '48.306866255674194', 'lon': '11.208848389009317', 'display_name': 'A 8, Taxa, Odelzhausen, Landkreis Dachau, Bayern, 85235, Deutschland', 'address': {'road': 'A 8', 'village': 'Taxa', 'county': 'Landkreis Dachau', 'state': 'Bayern', 'postcode': '85235', 'country': 'Deutschland', 'country_code': 'de'}, 'boundingbox': ['48.306587', '48.3078027', '11.2074832', '11.2092555']}","A 8, Taxa, Odelzhausen, Landkreis Dachau, Bayern, 85235, Deutschland",A 8,9170103001270006610,1,0,down,[48.30753286 11.20787688],24533.658969847307,51132.593293801205
71394,9,7,72,147,2017,1,7,1,2,8,1,2,0,1,0,0,0,631693.0735,5364473.6681,10.779945577000037,48.41964097700002,"(48.41964097700002, 10.779945577000037)","{'place_id': 169734190, 'licence': 'Data © OpenStreetMap contributors, ODbL 1.0. https://osm.org/copyright', 'osm_type': 'way', 'osm_id': 279939241, 'lat': '48.419634771780046', 'lon': '10.779946131940973', 'display_name': 'A 8, Rettenbergen, Gersthofen, Landkreis Augsburg, Bayern, 86368, Deutschland', 'address': {'road': 'A 8', 'village': 'Rettenbergen', 'town': 'Gersthofen', 'county': 'Landkreis Augsburg', 'state': 'Bayern', 'postcode': '86368', 'country': 'Deutschland', 'country_code': 'de'}, 'boundingbox': ['48.4194174', '48.4196736', '10.7776406', '10.7803803']}","A 8, Rettenbergen, Gersthofen, Landkreis Augsburg, Bayern, 86368, Deutschland",A 8,9170108007173005640,2,0,down,[48.41953892 10.77887622],60495.953314430044,15183.339443394521
71427,9,1,74,146,2017,1,10,1,3,0,6,0,0,1,0,0,0,667416.9336,5350646.5829,11.25693630400002,48.28686205000008,"(48.28686205000008, 11.25693630400002)","{'place_id': 169604271, 'licence': 'Data © OpenStreetMap contributors, ODbL 1.0. https://osm.org/copyright', 'osm_type': 'way', 'osm_id': 280422003, 'lat': '48.28685799398176', 'lon': '11.256934600677043', 'display_name': 'A 8, Ziegelstadel, Sulzemoos, Landkreis Dachau, Bayern, 85254, Deutschland', 'address': {'road': 'A 8', 'hamlet': 'Ziegelstadel', 'village': 'Sulzemoos', 'county': 'Landkreis Dachau', 'state': 'Bayern', 'postcode': '85254', 'country': 'Deutschland', 'country_code': 'de'}, 'boundingbox': ['48.283379', '48.2871764', '11.2561764', '11.264606']}","A 8, Ziegelstadel, Sulzemoos, Landkreis Dachau, Bayern, 85254, Deutschland",A 8,9170108001270429220,2,0,down,[48.28689467 11.25684622],20294.11796326538,55375.835472343046
71474,9,7,71,129,2017,1,23,7,3,9,1,2,0,1,0,0,0,660387.3272,5355477.691,11.16407883200003,48.33211528800008,"(48.332115288000075, 11.16407883200003)","{'place_id': 170077890, 'licence': 'Data © OpenStreetMap contributors, ODbL 1.0. https://osm.org/copyright', 'osm_type': 'way', 'osm_id': 280688897, 'lat': '48.332082540989234', 'lon': '11.164051019083193', 'display_name': 'A 8, Eurasburg, Dasing, Landkreis Aichach-Friedberg, Bayern, 85235, Deutschland', 'address': {'road': 'A 8', 'village': 'Eurasburg', 'municipality': 'Dasing', 'county': 'Landkreis Aichach-Friedberg', 'state': 'Bayern', 'postcode': '85235', 'country': 'Deutschland', 'country_code': 'de'}, 'boundingbox': ['48.3166388', '48.340026', '11.1555112', '11.193519']}","A 8, Eurasburg, Dasing, Landkreis Aichach-Friedberg, Bayern, 85235, Deutschland",A 8,9170107001270008250,2,0,up,[48.33182409 11.16435527],46774.141200966355,46774.141200966355
71601,9,7,71,130,2017,1,0,4,3,2,6,2,0,1,0,0,1,647896.0678,5362779.3429,10.998214828000073,48.40081223400006,"(48.40081223400006, 10.998214828000073)","{'place_id': 171593475, 'licence': 'Data © OpenStreetMap contributors, ODbL 1.0. https://osm.org/copyright', 'osm_type': 'way', 'osm_id': 288973413, 'lat': '48.40082452361735', 'lon': '10.99821559137951', 'display_name': 'A 8, Sophienhof, Bitzenhofen, Dasing, Landkreis Aichach-Friedberg, Bayern, 86453, Deutschland', 'address': {'road': 'A 8', 'hamlet': 'Sophienhof', 'village': 'Bitzenhofen', 'municipality': 'Dasing', 'county': 'Landkreis Aichach-Friedberg', 'state': 'Bayern', 'postcode': '86453', 'country': 'Deutschland', 'country_code': 'de'}, 'boundingbox': ['48.3960534', '48.4039031', '10.9564457', '11.0556046']}","A 8, Sophienhof, Bitzenhofen, Dasing, Landkreis Aichach-Friedberg, Bayern, 86453, Deutschland",A 8,9170104007173044170,1,1,down,[48.40081165 10.99842046],44170.21816460635,31504.848483425794
71694,9,7,71,129,2017,1,17,7,3,3,6,2,0,1,0,0,1,660387.3272,5355477.691,11.16407883200003,48.33211528800008,"(48.332115288000075, 11.16407883200003)","{'place_id': 170077890, 'licence': 'Data © OpenStreetMap contributors, ODbL 1.0. https://osm.org/copyright', 'osm_type': 'way', 'osm_id': 280688897, 'lat': '48.332082540989234', 'lon': '11.164051019083193', 'display_name': 'A 8, Eurasburg, Dasing, Landkreis Aichach-Friedberg, Bayern, 85235, Deutschland', 'address': {'road': 'A 8', 'village': 'Eurasburg', 'municipality': 'Dasing', 'county': 'Landkreis Aichach-Friedberg', 'state': 'Bayern', 'postcode': '85235', 'country': 'Deutschland', 'country_code': 'de'}, 'boundingbox': ['48.3166388', '48.340026', '11.1555112', '11.193519']}","A 8, Eurasburg, Dasing, Landkreis Aichach-Friedberg, Bayern, 85235, Deutschland",A 8,9170114001270007980,1,1,up,[48.33182409 11.16435527],46774.141200966355,46774.141200966355
71774,9,1,74,113,2017,1,7,6,3,0,3,0,0,1,0,0,1,674126.6731,5345112.2908,11.345034776000034,48.23530297400004,"(48.23530297400004, 11.345034776000034)","{'place_id': 164049005, 'licence': 'Data © OpenStreetMap contributors, ODbL 1.0. https://osm.org/copyright', 'osm_type': 'way', 'osm_id': 251505090, 'lat': '48.23527717961305', 'lon': '11.345020039725085', 'display_name': 'A 8, Bergkirchen, Landkreis Dachau, Bayern, 85232, Deutschland', 'address': {'road': 'A 8', 'village': 'Bergkirchen', 'county': 'Landkreis Dachau', 'state': 'Bayern', 'postcode': '85232', 'country': 'Deutschland', 'country_code': 'de'}, 'boundingbox': ['48.2305476', '48.2364882', '11.3428447', '11.3530926']}","A 8, Bergkirchen, Landkreis Dachau, Bayern, 85232, Deutschland",A 8,9170113001270008260,1,1,up,[48.23516652 11.34521434],64145.0345565487,64145.0345565487
71949,9,7,71,130,2017,1,11,3,3,2,6,0,0,1,0,0,0,644438.6747,5363122.1956,10.951648699000032,48.40469651800004,"(48.40469651800004, 10.951648699000032)","{'place_id': 163970957, 'licence': 'Data © OpenStreetMap contributors, ODbL 1.0. https://osm.org/copyright', 'osm_type': 'way', 'osm_id': 251505064, 'lat': '48.404702674482955', 'lon': '10.95164973069977', 'display_name': 'A 8, Derching, Friedberg, Landkreis Aichach-Friedberg, Bayern, 86316, Deutschland', 'address': {'road': 'A 8', 'village': 'Derching', 'town': 'Friedberg', 'county': 'Landkreis Aichach-Friedberg', 'state': 'Bayern', 'postcode': '86316', 'country': 'Deutschland', 'country_code': 'de'}, 'boundingbox': ['48.4043637', '48.4047921', '10.9511161', '10.9536725']}","A 8, Derching, Friedberg, Landkreis Aichach-Friedberg, Bayern, 86316, Deutschland",A 8,9170110007173034190,0,0,down,[48.40509835 10.94925963],47653.89762770766,28018.62235929986
71950,9,7,71,130,2017,1,11,3,3,2,6,0,0,1,0,0,0,644380.662,5363135.671,10.950869943000043,48.40483097000004,"(48.40483097000004, 10.950869943000043)","{'place_id': 154722427, 'licence': 'Data © OpenStreetMap contributors, ODbL 1.0. https://osm.org/copyright', 'osm_type': 'way', 'osm_id': 218532964, 'lat': '48.404832648913334', 'lon': '10.950870219875211', 'display_name': 'A 8, Derching, Friedberg, Landkreis Aichach-Friedberg, Bayern, 86316, Deutschland', 'address': {'road': 'A 8', 'village': 'Derching', 'town': 'Friedberg', 'county': 'Landkreis Aichach-Friedberg', 'state': 'Bayern', 'postcode': '86316', 'country': 'Deutschland', 'country_code': 'de'}, 'boundingbox': ['48.4047921', '48.4052755', '10.9482169', '10.9511161']}","A 8, Derching, Friedberg, Landkreis Aichach-Friedberg, Bayern, 86316, Deutschland",A 8,9170110007173005850,0,0,down,[48.40496949 10.95004048],47713.309644229885,27959.213021474912
71997,9,1,79,142,2017,1,12,3,3,2,6,0,0,1,0,0,0,678448.5885,5341492.7327,11.401664133000054,48.20156563000006,"(48.20156563000006, 11.401664133000054)","{'place_id': 135379645, 'licence': 'Data © OpenStreetMap contributors, ODbL 1.0. https://osm.org/copyright', 'osm_type': 'way', 'osm_id': 144193883, 'lat': '48.2015518611349', 'lon': '11.401655096350522', 'display_name': 'A 8, Olching, Landkreis Fürstenfeldbruck, Bayern, 82140, Deutschland', 'address': {'road': 'A 8', 'town': 'Olching', 'county': 'Landkreis Fürstenfeldbruck', 'state': 'Bayern', 'postcode': '82140', 'country': 'Deutschland', 'country_code': 'de'}, 'boundingbox': ['48.2013211', '48.2090145', '11.3896333', '11.4020067']}","A 8, Olching, Landkreis Fürstenfeldbruck, Bayern, 82140, Deutschland",A 8,9170110001270004730,0,0,up,[48.20094945 11.40259199],69775.58479673932,69775.58479673932
72027,9,7,71,130,2017,1,14,4,3,0,7,0,0,1,0,0,0,645096.8193,5362975.8589,10.96048552900004,48.40322961800007,"(48.40322961800007, 10.96048552900004)","{'place_id': 171593475, 'licence': 'Data © OpenStreetMap contributors, ODbL 1.0. https://osm.org/copyright', 'osm_type': 'way', 'osm_id': 288973413, 'lat': '48.40324712494761', 'lon': '10.960488384549935', 'display_name': 'A 8, Sophienhof, Bitzenhofen, Dasing, Landkreis Aichach-Friedberg, Bayern, 86453, Deutschland', 'address': {'road': 'A 8', 'hamlet': 'Sophienhof', 'village': 'Bitzenhofen', 'municipality': 'Dasing', 'county': 'Landkreis Aichach-Friedberg', 'state': 'Bayern', 'postcode': '86453', 'country': 'Deutschland', 'country_code': 'de'}, 'boundingbox': ['48.3960534', '48.4039031', '10.9564457', '11.0556046']}","A 8, Sophienhof, Bitzenhofen, Dasing, Landkreis Aichach-Friedberg, Bayern, 86453, Deutschland",A 8,9170118007173013280,0,0,down,[48.4031664  10.96098318],46981.28668871246,28691.05738392007
72103,9,7,71,111,2017,1,9,3,3,2,6,0,0,1,0,0,0,657308.5798,5358787.9067,11.123804482000024,48.36264947300003,"(48.36264947300003, 11.123804482000024)","{'place_id': 123171715, 'licence': 'Data © OpenStreetMap contributors, ODbL 1.0. https://osm.org/copyright', 'osm_type': 'way', 'osm_id': 95261689, 'lat': '48.36262930955264', 'lon': '11.123791592775783', 'display_name': 'A 8, Burgadelzhausen, Adelzhausen, Dasing, Landkreis Aichach-Friedberg, Bayern, 86453, Deutschland', 'address': {'road': 'A 8', 'village': 'Burgadelzhausen', 'municipality': 'Dasing', 'county': 'Landkreis Aichach-Friedberg', 'state': 'Bayern', 'postcode': '86453', 'country': 'Deutschland', 'country_code': 'de'}, 'boundingbox': ['48.3561378', '48.3880253', '11.0750446', '11.1307183']}","A 8, Burgadelzhausen, Adelzhausen, Dasing, Landkreis Aichach-Friedberg, Bayern, 86453, Deutschland",A 8,9170117007173028660,0,0,up,[48.36257512 11.12387668],42192.90153093067,42192.90153093067
72104,9,7,71,111,2017,1,7,3,2,3,6,0,0,0,0,0,1,658195.8242,5357517.2459,11.135296787000073,48.351004061000026,"(48.351004061000026, 11.135296787000073)","{'place_id': 169893131, 'licence': 'Data © OpenStreetMap contributors, ODbL 1.0. https://osm.org/copyright', 'osm_type': 'way', 'osm_id': 280690991, 'lat': '48.35099370889037', 'lon': '11.135287613391828', 'display_name': 'A 8, Burgadelzhausen, Adelzhausen, Dasing, Landkreis Aichach-Friedberg, Bayern, 86559, Deutschland', 'address': {'road': 'A 8', 'village': 'Burgadelzhausen', 'municipality': 'Dasing', 'county': 'Landkreis Aichach-Friedberg', 'state': 'Bayern', 'postcode': '86559', 'country': 'Deutschland', 'country_code': 'de'}, 'boundingbox': ['48.3505353', '48.3524329', '11.1338122', '11.1358104']}","A 8, Burgadelzhausen, Adelzhausen, Dasing, Landkreis Aichach-Friedberg, Bayern, 86559, Deutschland",A 8,9170117007173013270,1,1,up,[48.35020248 11.13619488],43748.19184398097,43748.19184398097
72239,9,1,74,135,2017,1,14,2,3,2,6,0,0,1,0,0,0,663523.9378,5353018.2606,11.205414545000052,48.30920121400004,"(48.30920121400004, 11.205414545000052)","{'place_id': 163859575, 'licence': 'Data © OpenStreetMap contributors, ODbL 1.0. https://osm.org/copyright', 'osm_type': 'way', 'osm_id': 251505066, 'lat': '48.30921376167098', 'lon': '11.205423206007442', 'display_name': 'A 8, Taxa, Odelzhausen, Landkreis Dachau, Bayern, 85235, Deutschland', 'address': {'road': 'A 8', 'village': 'Taxa', 'county': 'Landkreis Dachau', 'state': 'Bayern', 'postcode': '85235', 'country': 'Deutschland', 'country_code': 'de'}, 'boundingbox': ['48.3078027', '48.3092977', '11.2053016', '11.2074832']}","A 8, Taxa, Odelzhausen, Landkreis Dachau, Bayern, 85235, Deutschland",A 8,9170116001270010140,1,0,down,[48.30864265 11.20625018],24898.38019356463,50767.88597215299
72263,9,7,71,129,2017,1,16,5,3,3,6,1,0,1,0,0,0,660005.2659,5356028.7785,11.159136825000076,48.33716655500008,"(48.337166555000074, 11.159136825000076)","{'place_id': 170077890, 'licence': 'Data © OpenStreetMap contributors, ODbL 1.0. https://osm.org/copyright', 'osm_type': 'way', 'osm_id': 280688897, 'lat': '48.33715086731023', 'lon': '11.159121083969508', 'display_name': 'A 8, Eurasburg, Dasing, Landkreis Aichach-Friedberg, Bayern, 85235, Deutschland', 'address': {'road': 'A 8', 'village': 'Eurasburg', 'municipality': 'Dasing', 'county': 'Landkreis Aichach-Friedberg', 'state': 'Bayern', 'postcode': '85235', 'country': 'Deutschland', 'country_code': 'de'}, 'boundingbox': ['48.3166388', '48.340026', '11.1555112', '11.193519']}","A 8, Eurasburg, Dasing, Landkreis Aichach-Friedberg, Bayern, 85235, Deutschland",A 8,9170119001270017590,0,0,up,[48.33720291 11.15906967],46103.44712265648,46103.44712265648
72267,9,1,74,113,2017,1,22,5,3,0,3,2,0,1,0,0,0,670465.6044,5347933.8868,11.296907385000054,48.26166259200005,"(48.26166259200005, 11.296907385000054)","{'place_id': 180092636, 'licence': 'Data © OpenStreetMap contributors, ODbL 1.0. https://osm.org/copyright', 'osm_type': 'way', 'osm_id': 327464674, 'lat': '48.26166558125266', 'lon': '11.296910284379146', 'display_name': 'A 8, Hopfenau, Lauterbach, Bergkirchen, Landkreis Dachau, Bayern, 85232, Deutschland', 'address': {'road': 'A 8', 'hamlet': 'Hopfenau', 'village': 'Lauterbach', 'county': 'Landkreis Dachau', 'state': 'Bayern', 'postcode': '85232', 'country': 'Deutschland', 'country_code': 'de'}, 'boundingbox': ['48.2614451', '48.2706646', '11.2874642', '11.2971376']}","A 8, Hopfenau, Lauterbach, Bergkirchen, Landkreis Dachau, Bayern, 85232, Deutschland",A 8,9170119001270017570,0,0,down,[48.26190645 11.29666232],16162.753818028259,59500.84981716719