OBJECTID,ULAND,UREGBEZ,UKREIS,UGEMEINDE,UJAHR,UMONAT,USTUNDE,UWOCHENTAG,UKATEGORIE,UART,UTYP1,ULICHTVERH,IstRad,IstPKW,IstFuss,IstKrad,IstGkfz,LINREFX,LINREFY,XGCSWGS84,YGCSWGS84,coord,location_dict,address,road,UIDENTSTLAE,STRZUSTAND,IstSonstige,lane,coord_interp,dist_interp,dist_interp_up
72287,9,1,74,113,2017,1,7,5,3,2,6,0,0,1,0,0,0,670066.1914,5348447.0226,11.291736354000022,48.26638279900004,"(48.26638279900004, 11.291736354000022)","{'place_id': 134244450, 'licence': 'Data © OpenStreetMap contributors, ODbL 1.0. https://osm.org/copyright', 'osm_type': 'way', 'osm_id': 143578410, 'lat': '48.26636772161602', 'lon': '11.291721963353083', 'display_name': 'A 8, Hopfenau, Lauterbach, Bergkirchen, Landkreis Dachau, Bayern, 85232, Deutschland', 'address': {'road': 'A 8', 'hamlet': 'Hopfenau', 'village': 'Lauterbach', 'county': 'Landkreis Dachau', 'state': 'Bayern', 'postcode': '85232', 'country': 'Deutschland', 'country_code': 'de'}, 'boundingbox': ['48.2599717', '48.270607', '11.2872774', '11.2984073']}","A 8, Hopfenau, Lauterbach, Bergkirchen, Landkreis Dachau, Bayern, 85232, Deutschland",A 8,9170119001270017540,0,0,up,[48.27307658 11.28468556],58851.25431572242,58851.25431572242
72295,9,1,74,113,2017,1,9,5,3,2,6,0,0,1,0,0,0,671586.0965,5346885.1355,11.311567271000058,48.25193242900008,"(48.25193242900008, 11.311567271000058)","{'place_id': 179804010, 'licence': 'Data © OpenStreetMap contributors, ODbL 1.0. https://osm.org/copyright', 'osm_type': 'way', 'osm_id': 327464677, 'lat': '48.251905095249946', 'lon': '11.31155392653493', 'display_name': 'A 8, Palsweis, Bergkirchen, Landkreis Dachau, Bayern, 85232, Deutschland', 'address': {'road': 'A 8', 'village': 'Palsweis', 'county': 'Landkreis Dachau', 'state': 'Bayern', 'postcode': '85232', 'country': 'Deutschland', 'country_code': 'de'}, 'boundingbox': ['48.2375667', '48.2544385', '11.3063647', '11.3408042']}","A 8, Palsweis, Bergkirchen, Landkreis Dachau, Bayern, 85232, Deutschland",A 8,9170119001270017530,0,0,up,[48.25719884 11.30070378],61051.74766757512,61051.74766757512
72447,9,1,74,146,2017,1,19,4,2,8,1,2,0,1,0,0,0,666265.9774,5351180.3715,11.241642832000023,48.29196408300004,"(48.29196408300004, 11.241642832000023)","{'place_id': 108867869, 'licence': 'Data © OpenStreetMap contributors, ODbL 1.0. https://osm.org/copyright', 'osm_type': 'way', 'osm_id': 28802113, 'lat': '48.292000093546456', 'lon': '11.24165353408551', 'display_name': 'A 8, Ziegelstadel, Wiedenzhausen, Sulzemoos, Landkreis Dachau, Bayern, 85259, Deutschland', 'address': {'road': 'A 8', 'hamlet': 'Ziegelstadel', 'village': 'Wiedenzhausen', 'county': 'Landkreis Dachau', 'state': 'Bayern', 'postcode': '85259', 'country': 'Deutschland', 'country_code': 'de'}, 'boundingbox': ['48.287303', '48.2952793', '11.2306553', '11.2558719']}","A 8, Ziegelstadel, Wiedenzhausen, Sulzemoos, Landkreis Dachau, Bayern, 85259, Deutschland",A 8,9170125001270020110,1,0,down,[48.29155429 11.24315329],21561.76848662657,54110.53143360478
72534,9,7,71,130,2017,1,14,1,3,3,7,0,0,1,0,0,0,645010.8595,5362994.7996,10.959331328000076,48.40341969900004,"(48.40341969900004, 10.959331328000076)","{'place_id': 171593475, 'licence': 'Data © OpenStreetMap contributors, ODbL 1.0. https://osm.org/copyright', 'osm_type': 'way', 'osm_id': 288973413, 'lat': '48.40343502282301', 'lon': '10.959333811536984', 'display_name': 'A 8, Sophienhof, Bitzenhofen, Dasing, Landkreis Aichach-Friedberg, Bayern, 86453, Deutschland', 'address': {'road': 'A 8', 'hamlet': 'Sophienhof', 'village': 'Bitzenhofen', 'municipality': 'Dasing', 'county': 'Landkreis Aichach-Friedberg', 'state': 'Bayern', 'postcode': '86453', 'country': 'Deutschland', 'country_code': 'de'}, 'boundingbox': ['48.3960534', '48.4039031', '10.9564457', '11.0556046']}","A 8, Sophienhof, Bitzenhofen, Dasing, Landkreis Aichach-Friedberg, Bayern, 86453, Deutschland",A 8,9170122007173027550,0,0,down,[48.4029779  10.96213797],47069.09727298522,28603.25194645982
72712,9,7,71,111,2017,1,9,6,3,2,6,0,0,1,0,0,1,658367.9893,5357323.4107,11.137546042000054,48.34921826400006,"(48.34921826400006, 11.137546042000054)","{'place_id': 107811304, 'licence': 'Data © OpenStreetMap contributors, ODbL 1.0. https://osm.org/copyright', 'osm_type': 'way', 'osm_id': 27127128, 'lat': '48.349206014278145', 'lon': '11.137537464594562', 'display_name': 'A 8, Holzschuster, Burgadelzhausen, Adelzhausen, Dasing, Landkreis Aichach-Friedberg, Bayern, 86559, Deutschland', 'address': {'road': 'A 8', 'hamlet': 'Holzschuster', 'village': 'Burgadelzhausen', 'municipality': 'Dasing', 'county': 'Landkreis Aichach-Friedberg', 'state': 'Bayern', 'postcode': '86559', 'country': 'Deutschland', 'country_code': 'de'}, 'boundingbox': ['48.3488778', '48.3505353', '11.1358104', '11.1380062']}","A 8, Holzschuster, Burgadelzhausen, Adelzhausen, Dasing, Landkreis Aichach-Friedberg, Bayern, 86559, Deutschland",A 8,9170120001270017370,0,1,up,[48.34910732 11.13767857],44007.54779689245,44007.54779689245
72964,9,7,71,130,2017,1,9,6,3,0,7,0,0,0,0,1,0,648692.6116,5362704.7496,11.008943600000066,48.39995420600008,"(48.39995420600008, 11.008943600000066)","{'place_id': 179625445, 'licence': 'Data © OpenStreetMap contributors, ODbL 1.0. https://osm.org/copyright', 'osm_type': 'way', 'osm_id': 327495113, 'lat': '48.39993448597114', 'lon': '11.008942272446857', 'display_name': 'A 8, Sophienhof, Bitzenhofen, Dasing, Landkreis Aichach-Friedberg, Bayern, 86453, Deutschland', 'address': {'road': 'A 8', 'hamlet': 'Sophienhof', 'village': 'Bitzenhofen', 'municipality': 'Dasing', 'county': 'Landkreis Aichach-Friedberg', 'state': 'Bayern', 'postcode': '86453', 'country': 'Deutschland', 'country_code': 'de'}, 'boundingbox': ['48.3959071', '48.4010591', '10.9924061', '11.0555759']}","A 8, Sophienhof, Bitzenhofen, Dasing, Landkreis Aichach-Friedberg, Bayern, 86453, Deutschland",A 8,9170127007173023230,0,0,up,[48.39966493 11.01295246],32302.564485982624,32302.564485982624
73100,9,7,72,147,2017,1,6,3,3,8,1,2,0,1,0,0,0,638931.1434,5364043.8093,10.877578723000056,48.41422133000003,"(48.41422133000003, 10.877578723000056)","{'place_id': 194322876, 'licence': 'Data © OpenStreetMap contributors, ODbL 1.0. https://osm.org/copyright', 'osm_type': 'way', 'osm_id': 403304743, 'lat': '48.41440278610581', 'lon': '10.877583532527645', 'display_name': 'A 8, Gersthofen, Landkreis Augsburg, Bayern, 86368, Deutschland', 'address': {'road': 'A 8', 'town': 'Gersthofen', 'county': 'Landkreis Augsburg', 'state': 'Bayern', 'postcode': '86368', 'country': 'Deutschland', 'country_code': 'de'}, 'boundingbox': ['48.4143641', '48.4144426', '10.8760378', '10.8790431']}","A 8, Gersthofen, Landkreis Augsburg, Bayern, 86368, Deutschland",A 8,9170131007173034210,0,0,up,[48.41439419 10.87791228],22428.967204979464,22428.967204979464
73133,9,1,62,0,2017,1,8,3,3,2,6,0,0,1,0,0,1,680143.9655,5339937.1455,11.423800437000068,48.18710397600007,"(48.18710397600007, 11.423800437000068)","{'place_id': 169320367, 'licence': 'Data © OpenStreetMap contributors, ODbL 1.0. https://osm.org/copyright', 'osm_type': 'way', 'osm_id': 280273997, 'lat': '48.18709575344035', 'lon': '11.423794999036213', 'display_name': 'A 8, Langwied, Lochhausen, Aubing-Lochhausen-Langwied, München, Bayern, 81249, Deutschland', 'address': {'road': 'A 8', 'suburb': 'Langwied', 'city_district': 'Aubing-Lochhausen-Langwied', 'city': 'München', 'state': 'Bayern', 'postcode': '81249', 'country': 'Deutschland', 'country_code': 'de'}, 'boundingbox': ['48.1842335', '48.1942191', '11.4130426', '11.4281574']}","A 8, Langwied, Lochhausen, Aubing-Lochhausen-Langwied, München, Bayern, 81249, Deutschland",A 8,9170131001270028520,1,1,down,[48.18702781 11.42389823],3593.1537120958783,72073.50562182904
73303,9,1,74,113,2017,2,7,2,3,2,6,1,0,1,0,0,0,673896.7061,5345305.7395,11.342019813000036,48.23710504300004,"(48.23710504300004, 11.342019813000036)","{'place_id': 125641879, 'licence': 'Data © OpenStreetMap contributors, ODbL 1.0. https://osm.org/copyright', 'osm_type': 'way', 'osm_id': 105836028, 'lat': '48.23829685', 'lon': '11.342871400000007', 'display_name': 'Logicpark, A 8, Bergkirchen, Landkreis Dachau, Bayern, 85232, Deutschland', 'address': {'building': 'Logicpark', 'road': 'A 8', 'village': 'Bergkirchen', 'county': 'Landkreis Dachau', 'state': 'Bayern', 'postcode': '85232', 'country': 'Deutschland', 'country_code': 'de'}, 'boundingbox': ['48.2371782', '48.2394155', '11.3410869', '11.3446559']}","Logicpark, A 8, Bergkirchen, Landkreis Dachau, Bayern, 85232, Deutschland",A 8,9170206001270050230,0,0,down,[48.2371945  11.34189024],11822.78700957251,63845.51376984547
73462,9,7,71,129,2017,2,11,7,3,3,6,0,0,1,0,0,0,660283.894,5355613.6763,11.16273598300006,48.33336407000007,"(48.33336407000007, 11.16273598300006)","{'place_id': 170077890, 'licence': 'Data © OpenStreetMap contributors, ODbL 1.0. https://osm.org/copyright', 'osm_type': 'way', 'osm_id': 280688897, 'lat': '48.33337086929666', 'lon': '11.162743248915053', 'display_name': 'A 8, Eurasburg, Dasing, Landkreis Aichach-Friedberg, Bayern, 85235, Deutschland', 'address': {'road': 'A 8', 'village': 'Eurasburg', 'municipality': 'Dasing', 'county': 'Landkreis Aichach-Friedberg', 'state': 'Bayern', 'postcode': '85235', 'country': 'Deutschland', 'country_code': 'de'}, 'boundingbox': ['48.3166388', '48.340026', '11.1555112', '11.193519']}","A 8, Eurasburg, Dasing, Landkreis Aichach-Friedberg, Bayern, 85235, Deutschland",A 8,9170204001270074890,0,0,up,[48.33312792 11.16297032],46603.13006108583,46603.13006108583
73497,9,1,74,113,2017,2,19,4,3,2,6,2,0,0,0,0,1,670827.0315,5347455.1665,11.301580006000052,48.25726178300005,"(48.25726178300005, 11.301580006000052)","{'place_id': 163653495, 'licence': 'Data © OpenStreetMap contributors, ODbL 1.0. https://osm.org/copyright', 'osm_type': 'way', 'osm_id': 251505089, 'lat': '48.25724263975577', 'lon': '11.301565913646597', 'display_name': 'A 8, Palsweis, Bergkirchen, Landkreis Dachau, Bayern, 85232, Deutschland', 'address': {'road': 'A 8', 'village': 'Palsweis', 'county': 'Landkreis Dachau', 'state': 'Bayern', 'postcode': '85232', 'country': 'Deutschland', 'country_code': 'de'}, 'boundingbox': ['48.2563245', '48.2581997', '11.3003286', '11.3029315']}","A 8, Palsweis, Bergkirchen, Landkreis Dachau, Bayern, 85232, Deutschland",A 8,9170208001270050660,0,1,up,[48.25756245 11.30113198],60101.43242790715,60101.43242790715
73554,9,1,62,0,2017,2,22,6,3,2,6,2,0,1,0,0,0,678962.9067,5341018.0665,11.408379672000024,48.19715413400007,"(48.19715413400007, 11.408379672000024)","{'place_id': 177130550, 'licence': 'Data © OpenStreetMap contributors, ODbL 1.0. https://osm.org/copyright', 'osm_type': 'way', 'osm_id': 313844121, 'lat': '48.19710653529824', 'lon': '11.408348224036894', 'display_name': 'A 8, Lochhausen, Aubing-Lochhausen-Langwied, München, Bayern, 81249, Deutschland', 'address': {'road': 'A 8', 'suburb': 'Lochhausen', 'city_district': 'Aubing-Lochhausen-Langwied', 'city': 'München', 'state': 'Bayern', 'postcode': '81249', 'country': 'Deutschland', 'country_code': 'de'}, 'boundingbox': ['48.1958521', '48.197138', '11.4083006', '11.4102469']}","A 8, Lochhausen, Aubing-Lochhausen-Langwied, München, Bayern, 81249, Deutschland",A 8,9170203001270048440,1,0,up,[48.19587022 11.41021943],70474.58707854166,70474.58707854166
73693,9,7,71,122,2017,2,20,2,3,3,6,2,0,1,0,0,1,652558.8893,5362301.173,11.060998437000023,48.395402098000034,"(48.395402098000034, 11.060998437000023)","{'place_id': 166505457, 'licence': 'Data © OpenStreetMap contributors, ODbL 1.0. https://osm.org/copyright', 'osm_type': 'way', 'osm_id': 265045938, 'lat': '48.39541472094239', 'lon': '11.061001618954366', 'display_name': 'A 8, Lindl, Dasing, Landkreis Aichach-Friedberg, Bayern, 86453, Deutschland', 'address': {'road': 'A 8', 'village': 'Lindl', 'municipality': 'Dasing', 'county': 'Landkreis Aichach-Friedberg', 'state': 'Bayern', 'postcode': '86453', 'country': 'Deutschland', 'country_code': 'de'}, 'boundingbox': ['48.3953934', '48.395536', '11.0605205', '11.0610862']}","A 8, Lindl, Dasing, Landkreis Aichach-Friedberg, Bayern, 86453, Deutschland",A 8,9170206007173050620,0,1,down,[48.3955155  11.06060201],39441.84740653921,36229.44724505453
73938,9,1,74,113,2017,2,7,3,3,2,6,1,0,1,0,0,0,669994.4321,5348543.3194,11.290808867000068,48.267267727000046,"(48.267267727000046, 11.290808867000068)","{'place_id': 134244450, 'licence': 'Data © OpenStreetMap contributors, ODbL 1.0. https://osm.org/copyright', 'osm_type': 'way', 'osm_id': 143578410, 'lat': '48.267252814082', 'lon': '11.290794633328051', 'display_name': 'A 8, Hopfenau, Lauterbach, Bergkirchen, Landkreis Dachau, Bayern, 85232, Deutschland', 'address': {'road': 'A 8', 'hamlet': 'Hopfenau', 'village': 'Lauterbach', 'county': 'Landkreis Dachau', 'state': 'Bayern', 'postcode': '85232', 'country': 'Deutschland', 'country_code': 'de'}, 'boundingbox': ['48.2599717', '48.270607', '11.2872774', '11.2984073']}","A 8, Hopfenau, Lauterbach, Bergkirchen, Landkreis Dachau, Bayern, 85232, Deutschland",A 8,9170214001270058330,1,0,up,[48.27219198 11.28561381],58731.23954832975,58731.23954832975
73970,9,1,62,0,2017,2,17,6,3,2,6,0,0,1,0,0,1,680525.1936,5339583.9037,11.42877489700004,48.18382053100004,"(48.18382053100004, 11.42877489700004)","{'place_id': 148112756, 'licence': 'Data © OpenStreetMap contributors, ODbL 1.0. https://osm.org/copyright', 'osm_type': 'way', 'osm_id': 198366313, 'lat': '48.18382047959302', 'lon': '11.428774863228645', 'display_name': 'A 8, Langwied, Lochhausen, Aubing-Lochhausen-Langwied, München, Bayern, 81249, Deutschland', 'address': {'road': 'A 8', 'suburb': 'Langwied', 'city_district': 'Aubing-Lochhausen-Langwied', 'city': 'München', 'state': 'Bayern', 'postcode': '81249', 'country': 'Deutschland', 'country_code': 'de'}, 'boundingbox': ['48.1830339', '48.1838242', '11.4287692', '11.4299722']}","A 8, Langwied, Lochhausen, Aubing-Lochhausen-Langwied, München, Bayern, 81249, Deutschland",A 8,9170217001270058360,1,1,down,[48.18423771 11.42815146],3074.049319561121,72592.68220658654
74097,9,1,79,142,2017,2,23,1,2,2,6,2,0,1,0,0,0,676087.4412,5343491.0647,11.37074433600003,48.22018817300005,"(48.22018817300005, 11.37074433600003)","{'place_id': 180097007, 'licence': 'Data © OpenStreetMap contributors, ODbL 1.0. https://osm.org/copyright', 'osm_type': 'way', 'osm_id': 327462613, 'lat': '48.22015535479574', 'lon': '11.370724987668142', 'display_name': 'A 8, Graßlfing, Olching, Landkreis Fürstenfeldbruck, Bayern, 82140, Deutschland', 'address': {'road': 'A 8', 'suburb': 'Graßlfing', 'town': 'Olching', 'county': 'Landkreis Fürstenfeldbruck', 'state': 'Bayern', 'postcode': '82140', 'country': 'Deutschland', 'country_code': 'de'}, 'boundingbox': ['48.2199694', '48.2294326', '11.3549891', '11.3710404']}","A 8, Graßlfing, Olching, Landkreis Fürstenfeldbruck, Bayern, 82140, Deutschland",A 8,9170212001270058320,0,0,up,[48.21626606 11.37732414],66685.7172356404,66685.7172356404
74219,9,1,74,113,2017,2,15,5,3,2,6,0,0,1,0,0,0,671346.6639,5347066.3646,11.30841778000007,48.253626361000045,"(48.253626361000045, 11.30841778000007)","{'place_id': 107811431, 'licence': 'Data © OpenStreetMap contributors, ODbL 1.0. https://osm.org/copyright', 'osm_type': 'way', 'osm_id': 28801887, 'lat': '48.25362741509025', 'lon': '11.308418295780413', 'display_name': 'A 8, Palsweis, Bergkirchen, Landkreis Dachau, Bayern, 85232, Deutschland', 'address': {'road': 'A 8', 'village': 'Palsweis', 'county': 'Landkreis Dachau', 'state': 'Bayern', 'postcode': '85232', 'country': 'Deutschland', 'country_code': 'de'}, 'boundingbox': ['48.2425147', '48.2563862', '11.3031077', '11.331198']}","A 8, Palsweis, Bergkirchen, Landkreis Dachau, Bayern, 85232, Deutschland",A 8,9170216001270058350,0,0,down,[48.2539126  11.30783609],14916.808869579749,60752.24504318306
74329,9,1,74,113,2017,2,7,5,3,2,6,0,0,1,0,0,0,670102.3199,5348398.5459,11.292203305000044,48.26593731500003,"(48.26593731500003, 11.292203305000044)","{'place_id': 134244450, 'licence': 'Data © OpenStreetMap contributors, ODbL 1.0. https://osm.org/copyright', 'osm_type': 'way', 'osm_id': 143578410, 'lat': '48.2659221337154', 'lon': '11.292188815184868', 'display_name': 'A 8, Hopfenau, Lauterbach, Bergkirchen, Landkreis Dachau, Bayern, 85232, Deutschland', 'address': {'road': 'A 8', 'hamlet': 'Hopfenau', 'village': 'Lauterbach', 'county': 'Landkreis Dachau', 'state': 'Bayern', 'postcode': '85232', 'country': 'Deutschland', 'country_code': 'de'}, 'boundingbox': ['48.2599717', '48.270607', '11.2872774', '11.2984073']}","A 8, Hopfenau, Lauterbach, Bergkirchen, Landkreis Dachau, Bayern, 85232, Deutschland",A 8,9170223001270061930,0,0,up,[48.26494619 11.29321129],58911.67233190256,58911.67233190256
74448,9,7,71,130,2017,2,19,2,3,3,6,2,0,1,0,0,0,643557.5305,5363303.5099,10.93981185800004,48.406528069000046,"(48.406528069000046, 10.93981185800004)","{'place_id': 169491747, 'licence': 'Data © OpenStreetMap contributors, ODbL 1.0. https://osm.org/copyright', 'osm_type': 'way', 'osm_id': 280695156, 'lat': '48.406511667257114', 'lon': '10.939809130216371', 'display_name': 'A 8, Dickelsmoor, Friedberg, Landkreis Aichach-Friedberg, Bayern, 86167, Deutschland', 'address': {'road': 'A 8', 'hamlet': 'Dickelsmoor', 'town': 'Friedberg', 'county': 'Landkreis Aichach-Friedberg', 'state': 'Bayern', 'postcode': '86167', 'country': 'Deutschland', 'country_code': 'de'}, 'boundingbox': ['48.4051416', '48.4081703', '10.929844', '10.9481348']}","A 8, Dickelsmoor, Friedberg, Landkreis Aichach-Friedberg, Bayern, 86167, Deutschland",A 8,9170220007173060040,1,0,up,[48.40636081 10.94071713],27121.218840421097,27121.218840421097
74511,9,7,72,147,2017,2,20,1,3,7,7,2,0,1,0,0,0,637534.1324,5364150.8063,10.858744350000052,48.415489880000045,"(48.415489880000045, 10.858744350000052)","{'place_id': 158972608, 'licence': 'Data © OpenStreetMap contributors, ODbL 1.0. https://osm.org/copyright', 'osm_type': 'way', 'osm_id': 230124430, 'lat': '48.415506889358305', 'lon': '10.858745848399273', 'display_name': 'A 8, Hirblingen, Gersthofen, Landkreis Augsburg, Bayern, 86368, Deutschland', 'address': {'road': 'A 8', 'village': 'Hirblingen', 'town': 'Gersthofen', 'county': 'Landkreis Augsburg', 'state': 'Bayern', 'postcode': '86368', 'country': 'Deutschland', 'country_code': 'de'}, 'boundingbox': ['48.4152777', '48.4170922', '10.8397014', '10.8611428']}","A 8, Hirblingen, Gersthofen, Landkreis Augsburg, Bayern, 86368, Deutschland",A 8,9170219007173073410,0,0,down,[48.41554249 10.85833833],54644.174710169624,21030.439040211528
74540,9,1,62,0,2017,2,0,1,3,3,6,2,0,1,0,0,0,681224.259,5338916.728,11.437886724000066,48.17762443100003,"(48.17762443100003, 11.437886724000066)","{'place_id': 179664377, 'licence': 'Data © OpenStreetMap contributors, ODbL 1.0. https://osm.org/copyright', 'osm_type': 'way', 'osm_id': 326360859, 'lat': '48.17762012463197', 'lon': '11.43788386221648', 'display_name': 'A 8, Langwied, Lochhausen, Aubing-Lochhausen-Langwied, München, Bayern, 81249, Deutschland', 'address': {'road': 'A 8', 'suburb': 'Langwied', 'city_district': 'Aubing-Lochhausen-Langwied', 'city': 'München', 'state': 'Bayern', 'postcode': '81249', 'country': 'Deutschland', 'country_code': 'de'}, 'boundingbox': ['48.177296', '48.177714', '11.4377426', '11.4383716']}","A 8, Langwied, Lochhausen, Aubing-Lochhausen-Langwied, München, Bayern, 81249, Deutschland",A 8,9170219001270058370,0,0,up,[48.17738855 11.43823273],73557.80593269652,73557.80593269652
74582,9,7,72,111,2017,2,7,3,3,8,7,0,0,1,0,0,0,625693.2393,5364217.016,10.698813691000057,48.41855861800008,"(48.41855861800008, 10.698813691000057)","{'place_id': 172330239, 'licence': 'Data © OpenStreetMap contributors, ODbL 1.0. https://osm.org/copyright', 'osm_type': 'way', 'osm_id': 295617761, 'lat': '48.41851875709539', 'lon': '10.698810862315254', 'display_name': 'A 8, Adelsried, Landkreis Augsburg, Bayern, 86477, Deutschland', 'address': {'road': 'A 8', 'village': 'Adelsried', 'county': 'Landkreis Augsburg', 'state': 'Bayern', 'postcode': '86477', 'country': 'Deutschland', 'country_code': 'de'}, 'boundingbox': ['48.4170752', '48.4187014', '10.6962877', '10.7191709']}","A 8, Adelsried, Landkreis Augsburg, Bayern, 86477, Deutschland",A 8,9170228007173069260,1,0,up,[48.41846772 10.69953365],9163.86119445434,9163.86119445434
74713,9,7,72,111,2017,2,2,7,3,2,7,2,0,1,0,0,0,626372.7945,5364172.8452,10.707980712000053,48.41802547300006,"(48.41802547300006, 10.707980712000053)","{'place_id': 179285986, 'licence': 'Data © OpenStreetMap contributors, ODbL 1.0. https://osm.org/copyright', 'osm_type': 'way', 'osm_id': 327667395, 'lat': '48.41805848513802', 'lon': '10.707982892679848', 'display_name': 'A 8, Adelsried, Landkreis Augsburg, Bayern, 86477, Deutschland', 'address': {'road': 'A 8', 'village': 'Adelsried', 'county': 'Landkreis Augsburg', 'state': 'Bayern', 'postcode': '86477', 'country': 'Deutschland', 'country_code': 'de'}, 'boundingbox': ['48.4173813', '48.4201097', '10.6826043', '10.717102']}","A 8, Adelsried, Landkreis Augsburg, Bayern, 86477, Deutschland",A 8,9170225007173069100,0,0,down,[48.41812541 10.70696934],65832.29672291866,9843.178066286511
74907,9,1,74,146,2017,3,6,2,3,2,6,0,0,1,0,0,0,667882.8575,5350334.5549,11.263088321000057,48.28393361000008,"(48.28393361000008, 11.263088321000057)","{'place_id': 148630884, 'licence': 'Data © OpenStreetMap contributors, ODbL 1.0. https://osm.org/copyright', 'osm_type': 'way', 'osm_id': 197697279, 'lat': '48.28391196563523', 'lon': '11.263078183681289', 'display_name': 'A 8, Haidhof, Einsbach, Sulzemoos, Landkreis Dachau, Bayern, 85254, Deutschland', 'address': {'road': 'A 8', 'hamlet': 'Haidhof', 'village': 'Einsbach', 'county': 'Landkreis Dachau', 'state': 'Bayern', 'postcode': '85254', 'country': 'Deutschland', 'country_code': 'de'}, 'boundingbox': ['48.2809649', '48.287056', '11.2560819', '11.2693599']}","A 8, Haidhof, Einsbach, Sulzemoos, Landkreis Dachau, Bayern, 85254, Deutschland",A 8,9170306001270232030,0,0,up,[48.28320613 11.26458643],55935.09609794982,55935.09609794982
75014,9,7,72,223,2017,3,11,6,3,2,3,0,0,1,0,0,0,618436.8964,5363094.5571,10.60046432100006,48.40987022400003,"(48.40987022400003, 10.60046432100006)","{'place_id': 107694652, 'licence': 'Data © OpenStreetMap contributors, ODbL 1.0. https://osm.org/copyright', 'osm_type': 'way', 'osm_id': 28768104, 'lat': '48.40987656865533', 'lon': '10.600464381093067', 'display_name': 'A 8, Wollbach, Zusmarshausen, Landkreis Augsburg, Bayern, 86441, Deutschland', 'address': {'road': 'A 8', 'village': 'Wollbach', 'county': 'Landkreis Augsburg', 'state': 'Bayern', 'postcode': '86441', 'country': 'Deutschland', 'country_code': 'de'}, 'boundingbox': ['48.4098719', '48.4098924', '10.5987929', '10.6009573']}","A 8, Wollbach, Zusmarshausen, Landkreis Augsburg, Bayern, 86441, Deutschland",A 8,9170303007173088780,0,0,up,[48.40986165 10.6024786 ],1644.412112910838,1644.412112910838
75015,9,7,61,0,2017,3,17,6,3,0,1,0,0,1,0,0,0,641705.4076,5363715.3826,10.914938888000052,48.41065053300008,"(48.41065053300008, 10.914938888000052)","{'place_id': 106960766, 'licence': 'Data © OpenStreetMap contributors, ODbL 1.0. https://osm.org/copyright', 'osm_type': 'way', 'osm_id': 27126890, 'lat': '48.410638966629065', 'lon': '10.914936987034897', 'display_name': 'A 8, Hammerschmiede, Augsburg, Bayern, 86169, Deutschland', 'address': {'road': 'A 8', 'suburb': 'Hammerschmiede', 'city': 'Augsburg', 'state': 'Bayern', 'postcode': '86169', 'country': 'Deutschland', 'country_code': 'de'}, 'boundingbox': ['48.4085277', '48.4114704', '10.9098781', '10.9277055']}","A 8, Hammerschmiede, Augsburg, Bayern, 86169, Deutschland",A 8,9170303007173085640,0,0,up,[48.41054485 10.91551034],25228.37893632702,25228.37893632702
75087,9,7,61,0,2017,3,8,5,3,2,6,0,0,1,0,0,0,640956.8908,5363896.2335,10.904890382000076,48.41244452100005,"(48.41244452100005, 10.904890382000076)","{'place_id': 107800681, 'licence': 'Data © OpenStreetMap contributors, ODbL 1.0. https://osm.org/copyright', 'osm_type': 'way', 'osm_id': 27126891, 'lat': '48.41244921807489', 'lon': '10.90489116569397', 'display_name': 'A 8, Hammerschmiede, Augsburg, Bayern, 86169, Deutschland', 'address': {'road': 'A 8', 'suburb': 'Hammerschmiede', 'city': 'Augsburg', 'state': 'Bayern', 'postcode': '86169', 'country': 'Deutschland', 'country_code': 'de'}, 'boundingbox': ['48.41233', '48.4126072', '10.9039443', '10.9056057']}","A 8, Hammerschmiede, Augsburg, Bayern, 86169, Deutschland",A 8,9170302007173081490,1,0,down,[48.41248801 10.90465793],51212.22227390306,24460.254848762703
75245,9,7,72,223,2017,3,16,6,3,3,6,0,0,1,0,0,0,615950.7718,5362579.5029,10.566739652000024,48.405700566000064,"(48.405700566000064, 10.566739652000024)","{'place_id': 143669431, 'licence': 'Data © OpenStreetMap contributors, ODbL 1.0. https://osm.org/copyright', 'osm_type': 'way', 'osm_id': 180119699, 'lat': '48.40566156729329', 'lon': '10.566747221591964', 'display_name': 'A 8, Vallried, Wollbach, Zusmarshausen, Jettingen-Scheppach, Landkreis Augsburg, Bayern, 86441, Deutschland', 'address': {'road': 'A 8', 'hamlet': 'Vallried', 'village': 'Wollbach', 'municipality': 'Jettingen-Scheppach', 'county': 'Landkreis Augsburg', 'state': 'Bayern', 'postcode': '86441', 'country': 'Deutschland', 'country_code': 'de'}, 'boundingbox': ['48.399835', '48.407249', '10.5221641', '10.575949']}","A 8, Vallried, Wollbach, Zusmarshausen, Jettingen-Scheppach, Landkreis Augsburg, Bayern, 86441, Deutschland",A 8,9170310007173084660,0,0,,,,