OBJECTID,ULAND,UREGBEZ,UKREIS,UGEMEINDE,UJAHR,UMONAT,USTUNDE,UWOCHENTAG,UKATEGORIE,UART,UTYP1,ULICHTVERH,IstRad,IstPKW,IstFuss,IstKrad,IstGkfz,LINREFX,LINREFY,XGCSWGS84,YGCSWGS84,coord,location_dict,address,road,UIDENTSTLAE,STRZUSTAND,IstSonstige,lane,coord_interp,dist_interp,dist_interp_up
75747,9,7,72,223,2017,3,11,5,3,2,1,0,0,1,0,0,1,619999.8632,5363182.3762,10.621601414000054,48.41036431300006,"(48.41036431300006, 10.621601414000054)","{'place_id': 170982864, 'licence': 'Data © OpenStreetMap contributors, ODbL 1.0. https://osm.org/copyright', 'osm_type': 'way', 'osm_id': 289187276, 'lat': '48.41032412148411', 'lon': '10.621598989491552', 'display_name': 'A 8, Zusmarshausen, Landkreis Augsburg, Bayern, 86441, Deutschland', 'address': {'road': 'A 8', 'village': 'Zusmarshausen', 'county': 'Landkreis Augsburg', 'state': 'Bayern', 'postcode': '86441', 'country': 'Deutschland', 'country_code': 'de'}, 'boundingbox': ['48.4094857', '48.4103677', '10.612932', '10.6338294']}","A 8, Zusmarshausen, Landkreis Augsburg, Bayern, 86441, Deutschland",A 8,9170316007173084680,0,1,up,[48.41026061 10.62265803],3208.772365423325,3208.772365423325
75824,9,1,74,146,2017,3,14,5,3,2,6,0,0,1,0,0,1,667832.5995,5350367.7116,11.262424554000065,48.28424500500006,"(48.28424500500006, 11.262424554000065)","{'place_id': 148630884, 'licence': 'Data © OpenStreetMap contributors, ODbL 1.0. https://osm.org/copyright', 'osm_type': 'way', 'osm_id': 197697279, 'lat': '48.28422390541617', 'lon': '11.262414631280624', 'display_name': 'A 8, Haidhof, Einsbach, Sulzemoos, Landkreis Dachau, Bayern, 85254, Deutschland', 'address': {'road': 'A 8', 'hamlet': 'Haidhof', 'village': 'Einsbach', 'county': 'Landkreis Dachau', 'state': 'Bayern', 'postcode': '85254', 'country': 'Deutschland', 'country_code': 'de'}, 'boundingbox': ['48.2809649', '48.287056', '11.2560819', '11.2693599']}","A 8, Haidhof, Einsbach, Sulzemoos, Landkreis Dachau, Bayern, 85254, Deutschland",A 8,9170316001270095330,0,1,up,[48.28458716 11.26164269],55874.97988949816,55874.97988949816
76102,9,7,71,130,2017,3,9,1,2,8,1,0,0,1,0,0,0,645321.6358,5362925.5931,10.963503897000066,48.40272588100004,"(48.40272588100004, 10.963503897000066)","{'place_id': 171593475, 'licence': 'Data © OpenStreetMap contributors, ODbL 1.0. https://osm.org/copyright', 'osm_type': 'way', 'osm_id': 288973413, 'lat': '48.402741287679675', 'lon': '10.963506616719588', 'display_name': 'A 8, Sophienhof, Bitzenhofen, Dasing, Landkreis Aichach-Friedberg, Bayern, 86453, Deutschland', 'address': {'road': 'A 8', 'hamlet': 'Sophienhof', 'village': 'Bitzenhofen', 'municipality': 'Dasing', 'county': 'Landkreis Aichach-Friedberg', 'state': 'Bayern', 'postcode': '86453', 'country': 'Deutschland', 'country_code': 'de'}, 'boundingbox': ['48.3960534', '48.4039031', '10.9564457', '11.0556046']}","A 8, Sophienhof, Bitzenhofen, Dasing, Landkreis Aichach-Friedberg, Bayern, 86453, Deutschland",A 8,9170319007173084690,1,0,down,[48.40308914 10.96146657],46751.45150981349,28920.88826620218
76325,9,1,74,146,2017,3,14,1,3,2,6,0,0,1,0,0,0,668007.9202,5350252.0474,11.26474001200006,48.28315871500007,"(48.28315871500007, 11.26474001200006)","{'place_id': 83739291, 'licence': 'Data © OpenStreetMap contributors, ODbL 1.0. https://osm.org/copyright', 'osm_type': 'node', 'osm_id': 8314805841, 'lat': '48.2822326', 'lon': '11.2643887', 'display_name': 'Plus-Caravaning- Service, A 8, Haidhof, Einsbach, Sulzemoos, Landkreis Dachau, Bayern, 85254, Deutschland', 'address': {'office': 'Plus-Caravaning- Service', 'road': 'A 8', 'hamlet': 'Haidhof', 'village': 'Einsbach', 'county': 'Landkreis Dachau', 'state': 'Bayern', 'postcode': '85254', 'country': 'Deutschland', 'country_code': 'de'}, 'boundingbox': ['48.2821826', '48.2822826', '11.2643387', '11.2644387']}","Plus-Caravaning- Service, A 8, Haidhof, Einsbach, Sulzemoos, Landkreis Dachau, Bayern, 85254, Deutschland",A 8,9170319001270095360,0,0,up,[48.28282568 11.26539834],56084.67216638621,56084.67216638621
76518,9,7,71,130,2017,3,17,6,3,2,6,0,0,1,0,0,0,644911.3396,5363016.697,10.957995030000063,48.40363946900004,"(48.40363946900004, 10.957995030000063)","{'place_id': 171593475, 'licence': 'Data © OpenStreetMap contributors, ODbL 1.0. https://osm.org/copyright', 'osm_type': 'way', 'osm_id': 288973413, 'lat': '48.40365167886848', 'lon': '10.957997008857358', 'display_name': 'A 8, Sophienhof, Bitzenhofen, Dasing, Landkreis Aichach-Friedberg, Bayern, 86453, Deutschland', 'address': {'road': 'A 8', 'hamlet': 'Sophienhof', 'village': 'Bitzenhofen', 'municipality': 'Dasing', 'county': 'Landkreis Aichach-Friedberg', 'state': 'Bayern', 'postcode': '86453', 'country': 'Deutschland', 'country_code': 'de'}, 'boundingbox': ['48.3960534', '48.4039031', '10.9564457', '11.0556046']}","A 8, Sophienhof, Bitzenhofen, Dasing, Landkreis Aichach-Friedberg, Bayern, 86453, Deutschland",A 8,9170331007173116700,0,0,down,[48.40362067 10.95818861],47170.75578055416,28501.891697472012
76763,9,1,74,113,2017,3,14,6,3,2,6,0,0,1,0,0,0,670936.1235,5347350.7879,11.303006423000056,48.25629405200005,"(48.25629405200005, 11.303006423000056)","{'place_id': 163721307, 'licence': 'Data © OpenStreetMap contributors, ODbL 1.0. https://osm.org/copyright', 'osm_type': 'way', 'osm_id': 251505092, 'lat': '48.25628113069983', 'lon': '11.302997995553055', 'display_name': 'A 8, Palsweis, Bergkirchen, Landkreis Dachau, Bayern, 85232, Deutschland', 'address': {'road': 'A 8', 'village': 'Palsweis', 'county': 'Landkreis Dachau', 'state': 'Bayern', 'postcode': '85232', 'country': 'Deutschland', 'country_code': 'de'}, 'boundingbox': ['48.2549929', '48.2563245', '11.3029315', '11.3052413']}","A 8, Palsweis, Bergkirchen, Landkreis Dachau, Bayern, 85232, Deutschland",A 8,9170331001270106570,0,0,up,[48.25667531 11.30237443],60252.44389624221,60252.44389624221
76891,9,7,72,147,2017,3,20,1,3,9,6,1,0,1,0,0,0,635230.1972,5364368.8868,10.827694093000048,48.417949512000064,"(48.417949512000064, 10.827694093000048)","{'place_id': 175020668, 'licence': 'Data © OpenStreetMap contributors, ODbL 1.0. https://osm.org/copyright', 'osm_type': 'way', 'osm_id': 304768102, 'lat': '48.417945270038686', 'lon': '10.827693751845732', 'display_name': 'A 8, Hirblingen, Gersthofen, Landkreis Augsburg, Bayern, 86368, Deutschland', 'address': {'road': 'A 8', 'village': 'Hirblingen', 'town': 'Gersthofen', 'county': 'Landkreis Augsburg', 'state': 'Bayern', 'postcode': '86368', 'country': 'Deutschland', 'country_code': 'de'}, 'boundingbox': ['48.4174646', '48.418235', '10.8243339', '10.8333386']}","A 8, Hirblingen, Gersthofen, Landkreis Augsburg, Bayern, 86368, Deutschland",A 8,9170326007173111240,0,0,up,[48.41791474 10.82807269],18722.069786318203,18722.069786318203
77127,9,7,72,147,2017,4,20,5,3,3,6,2,0,1,0,0,0,637325.7688,5364171.5145,10.855936679000024,48.41572152800006,"(48.41572152800006, 10.855936679000024)","{'place_id': 158972608, 'licence': 'Data © OpenStreetMap contributors, ODbL 1.0. https://osm.org/copyright', 'osm_type': 'way', 'osm_id': 230124430, 'lat': '48.415747040642785', 'lon': '10.855938785548487', 'display_name': 'A 8, Hirblingen, Gersthofen, Landkreis Augsburg, Bayern, 86368, Deutschland', 'address': {'road': 'A 8', 'village': 'Hirblingen', 'town': 'Gersthofen', 'county': 'Landkreis Augsburg', 'state': 'Bayern', 'postcode': '86368', 'country': 'Deutschland', 'country_code': 'de'}, 'boundingbox': ['48.4152777', '48.4170922', '10.8397014', '10.8611428']}","A 8, Hirblingen, Gersthofen, Landkreis Augsburg, Bayern, 86368, Deutschland",A 8,9170406007173136340,0,0,down,[48.41558128 10.85790328],54853.04961901999,20821.548637100026
77132,9,7,72,147,2017,4,17,2,3,3,6,0,0,1,0,0,1,630711.7795,5364283.3196,10.766629800000032,48.41813367100008,"(48.41813367100008, 10.766629800000032)","{'place_id': 172400300, 'licence': 'Data © OpenStreetMap contributors, ODbL 1.0. https://osm.org/copyright', 'osm_type': 'way', 'osm_id': 295617776, 'lat': '48.4181209486441', 'lon': '10.766630588822393', 'display_name': 'A 8, Rettenbergen, Gersthofen, Landkreis Augsburg, Bayern, 86368, Deutschland', 'address': {'road': 'A 8', 'village': 'Rettenbergen', 'town': 'Gersthofen', 'county': 'Landkreis Augsburg', 'state': 'Bayern', 'postcode': '86368', 'country': 'Deutschland', 'country_code': 'de'}, 'boundingbox': ['48.417199', '48.418131', '10.7449092', '10.7667927']}","A 8, Rettenbergen, Gersthofen, Landkreis Augsburg, Bayern, 86368, Deutschland",A 8,9170403007173131750,0,1,up,[48.4182882  10.76886264],14186.15437298133,14186.15437298133
77236,9,1,74,146,2017,4,16,2,3,2,6,0,0,1,0,0,0,665941.6462,5351313.9955,11.237326082000038,48.29325046600008,"(48.29325046600008, 11.237326082000038)","{'place_id': 108867869, 'licence': 'Data © OpenStreetMap contributors, ODbL 1.0. https://osm.org/copyright', 'osm_type': 'way', 'osm_id': 28802113, 'lat': '48.29328317634997', 'lon': '11.237335801289827', 'display_name': 'A 8, Ziegelstadel, Wiedenzhausen, Sulzemoos, Landkreis Dachau, Bayern, 85259, Deutschland', 'address': {'road': 'A 8', 'hamlet': 'Ziegelstadel', 'village': 'Wiedenzhausen', 'county': 'Landkreis Dachau', 'state': 'Bayern', 'postcode': '85259', 'country': 'Deutschland', 'country_code': 'de'}, 'boundingbox': ['48.287303', '48.2952793', '11.2306553', '11.2558719']}","A 8, Ziegelstadel, Wiedenzhausen, Sulzemoos, Landkreis Dachau, Bayern, 85259, Deutschland",A 8,9170403001270131090,0,0,down,[48.29313973 11.23781891],21911.79424856352,53760.389659014225
77518,9,1,74,146,2017,4,10,7,3,2,6,0,0,1,0,0,0,667915.7486,5350312.8557,11.263522715000022,48.28372981800004,"(48.28372981800004, 11.263522715000022)","{'place_id': 148630884, 'licence': 'Data © OpenStreetMap contributors, ODbL 1.0. https://osm.org/copyright', 'osm_type': 'way', 'osm_id': 197697279, 'lat': '48.283708452427604', 'lon': '11.263512708256023', 'display_name': 'A 8, Haidhof, Einsbach, Sulzemoos, Landkreis Dachau, Bayern, 85254, Deutschland', 'address': {'road': 'A 8', 'hamlet': 'Haidhof', 'village': 'Einsbach', 'county': 'Landkreis Dachau', 'state': 'Bayern', 'postcode': '85254', 'country': 'Deutschland', 'country_code': 'de'}, 'boundingbox': ['48.2809649', '48.287056', '11.2560819', '11.2693599']}","A 8, Haidhof, Einsbach, Sulzemoos, Landkreis Dachau, Bayern, 85254, Deutschland",A 8,9170401001270127530,0,0,up,[48.28340956 11.26415165],55974.43448946872,55974.43448946872
77628,9,7,61,0,2017,4,7,3,3,2,6,0,0,1,0,0,1,639790.2401,5364066.8031,10.889190063000058,48.414238090000026,"(48.414238090000026, 10.889190063000058)","{'place_id': 108221378, 'licence': 'Data © OpenStreetMap contributors, ODbL 1.0. https://osm.org/copyright', 'osm_type': 'way', 'osm_id': 27394066, 'lat': '48.41425788800347', 'lon': '10.88919088791681', 'display_name': 'A 8, Firnhaberau, Gersthofen, Landkreis Augsburg, Bayern, 86169, Deutschland', 'address': {'road': 'A 8', 'suburb': 'Firnhaberau', 'town': 'Gersthofen', 'county': 'Landkreis Augsburg', 'state': 'Bayern', 'postcode': '86169', 'country': 'Deutschland', 'country_code': 'de'}, 'boundingbox': ['48.4142339', '48.4142974', '10.8882426', '10.8897666']}","A 8, Firnhaberau, Gersthofen, Landkreis Augsburg, Bayern, 86169, Deutschland",A 8,9170411007173138290,0,1,down,[48.41427323 10.88881809],52390.598796167804,23285.081536211117
77693,9,7,72,147,2017,4,18,4,3,2,6,0,0,1,0,0,0,639090.3815,5364063.7057,10.879736132000062,48.41436510400007,"(48.41436510400007, 10.879736132000062)","{'place_id': 107197597, 'licence': 'Data © OpenStreetMap contributors, ODbL 1.0. https://osm.org/copyright', 'osm_type': 'way', 'osm_id': 27126750, 'lat': '48.414346938438555', 'lon': '10.87973568187358', 'display_name': 'A 8, Gersthofen, Landkreis Augsburg, Bayern, 86368, Deutschland', 'address': {'road': 'A 8', 'town': 'Gersthofen', 'county': 'Landkreis Augsburg', 'state': 'Bayern', 'postcode': '86368', 'country': 'Deutschland', 'country_code': 'de'}, 'boundingbox': ['48.4142457', '48.4143641', '10.8790431', '10.884282']}","A 8, Gersthofen, Landkreis Augsburg, Bayern, 86368, Deutschland",A 8,9170412007173138300,0,0,up,[48.41431812 10.88089789],22587.473049962267,22587.473049962267
77786,9,7,71,130,2017,4,21,1,3,8,6,2,0,1,0,0,0,644932.2327,5363012.0883,10.958275568000031,48.403593228000034,"(48.403593228000034, 10.958275568000031)","{'place_id': 171593475, 'licence': 'Data © OpenStreetMap contributors, ODbL 1.0. https://osm.org/copyright', 'osm_type': 'way', 'osm_id': 288973413, 'lat': '48.4036061921704', 'lon': '10.958277669107318', 'display_name': 'A 8, Sophienhof, Bitzenhofen, Dasing, Landkreis Aichach-Friedberg, Bayern, 86453, Deutschland', 'address': {'road': 'A 8', 'hamlet': 'Sophienhof', 'village': 'Bitzenhofen', 'municipality': 'Dasing', 'county': 'Landkreis Aichach-Friedberg', 'state': 'Bayern', 'postcode': '86453', 'country': 'Deutschland', 'country_code': 'de'}, 'boundingbox': ['48.3960534', '48.4039031', '10.9564457', '11.0556046']}","A 8, Sophienhof, Bitzenhofen, Dasing, Landkreis Aichach-Friedberg, Bayern, 86453, Deutschland",A 8,9170416007173141950,1,0,down,[48.40366617 10.9579078 ],47149.41186077374,28523.23429157287
78091,9,1,74,113,2017,4,16,7,3,2,6,0,0,1,0,0,0,671140.8715,5347191.0303,11.30569804700002,48.254802649000055,"(48.254802649000055, 11.30569804700002)","{'place_id': 261419851, 'licence': 'Data © OpenStreetMap contributors, ODbL 1.0. https://osm.org/copyright', 'osm_type': 'way', 'osm_id': 830912806, 'lat': '48.254773027310286', 'lon': '11.305683312108194', 'display_name': 'A 8, Palsweis, Bergkirchen, Landkreis Dachau, Bayern, 85232, Deutschland', 'address': {'road': 'A 8', 'village': 'Palsweis', 'county': 'Landkreis Dachau', 'state': 'Bayern', 'postcode': '85232', 'country': 'Deutschland', 'country_code': 'de'}, 'boundingbox': ['48.2544385', '48.2549929', '11.3052413', '11.3063647']}","A 8, Palsweis, Bergkirchen, Landkreis Dachau, Bayern, 85232, Deutschland",A 8,9170415001270156650,0,0,up,[48.25488696 11.30545441],60512.41046159078,60512.41046159078
78142,9,7,71,122,2017,4,12,6,3,9,7,0,0,1,0,0,0,653359.9005,5361758.2807,11.071614149000029,48.39032682900007,"(48.39032682900007, 11.071614149000029)","{'place_id': 179227628, 'licence': 'Data © OpenStreetMap contributors, ODbL 1.0. https://osm.org/copyright', 'osm_type': 'way', 'osm_id': 327494536, 'lat': '48.3903382531568', 'lon': '11.071621336948912', 'display_name': 'A 8, Lindl, Dasing, Landkreis Aichach-Friedberg, Bayern, 86453, Deutschland', 'address': {'road': 'A 8', 'village': 'Lindl', 'municipality': 'Dasing', 'county': 'Landkreis Aichach-Friedberg', 'state': 'Bayern', 'postcode': '86453', 'country': 'Deutschland', 'country_code': 'de'}, 'boundingbox': ['48.3903099', '48.3913032', '11.0700877', '11.0716664']}","A 8, Lindl, Dasing, Landkreis Aichach-Friedberg, Bayern, 86453, Deutschland",A 8,9170414007173141170,0,0,up,[48.38940726 11.07300725],37199.7161868826,37199.7161868826
78143,9,7,61,0,2017,4,12,7,3,9,1,0,0,1,0,0,0,639840.3553,5364050.6475,10.889861574000063,48.41408170500006,"(48.41408170500006, 10.889861574000063)","{'place_id': 107051918, 'licence': 'Data © OpenStreetMap contributors, ODbL 1.0. https://osm.org/copyright', 'osm_type': 'way', 'osm_id': 27394068, 'lat': '48.41406387464861', 'lon': '10.889860428234828', 'display_name': 'A 8, Firnhaberau, Augsburg, Bayern, 86169, Deutschland', 'address': {'road': 'A 8', 'suburb': 'Firnhaberau', 'city': 'Augsburg', 'state': 'Bayern', 'postcode': '86169', 'country': 'Deutschland', 'country_code': 'de'}, 'boundingbox': ['48.4118564', '48.4140709', '10.8897511', '10.907569']}","A 8, Firnhaberau, Augsburg, Bayern, 86169, Deutschland",A 8,9170408007173138270,0,0,up,[48.41413958 10.88811788],23335.655666446757,23335.655666446757
78147,9,7,72,223,2017,4,15,7,2,9,1,0,0,0,0,1,0,618356.779,5363094.775,10.599382177000052,48.40988723500004,"(48.40988723500004, 10.599382177000052)","{'place_id': 107694652, 'licence': 'Data © OpenStreetMap contributors, ODbL 1.0. https://osm.org/copyright', 'osm_type': 'way', 'osm_id': 28768104, 'lat': '48.40988681873144', 'lon': '10.599382173057336', 'display_name': 'A 8, Wollbach, Zusmarshausen, Landkreis Augsburg, Bayern, 86441, Deutschland', 'address': {'road': 'A 8', 'village': 'Wollbach', 'county': 'Landkreis Augsburg', 'state': 'Bayern', 'postcode': '86441', 'country': 'Deutschland', 'country_code': 'de'}, 'boundingbox': ['48.4098719', '48.4098924', '10.5987929', '10.6009573']}","A 8, Wollbach, Zusmarshausen, Landkreis Augsburg, Bayern, 86441, Deutschland",A 8,9170408007170134470,0,0,down,[48.40993643 10.59937605],74643.3162196298,1562.6385183029395
78324,9,7,72,147,2017,4,15,3,3,8,1,0,0,1,0,0,0,630622.3399,5364272.2201,10.765418123000076,48.41805241100008,"(48.41805241100008, 10.765418123000076)","{'place_id': 172400300, 'licence': 'Data © OpenStreetMap contributors, ODbL 1.0. https://osm.org/copyright', 'osm_type': 'way', 'osm_id': 295617776, 'lat': '48.418045797724815', 'lon': '10.765418533041945', 'display_name': 'A 8, Rettenbergen, Gersthofen, Landkreis Augsburg, Bayern, 86368, Deutschland', 'address': {'road': 'A 8', 'village': 'Rettenbergen', 'town': 'Gersthofen', 'county': 'Landkreis Augsburg', 'state': 'Bayern', 'postcode': '86368', 'country': 'Deutschland', 'country_code': 'de'}, 'boundingbox': ['48.417199', '48.418131', '10.7449092', '10.7667927']}","A 8, Rettenbergen, Gersthofen, Landkreis Augsburg, Bayern, 86368, Deutschland",A 8,9170418007173137460,1,0,up,[48.41806417 10.76571495],14096.223615852534,14096.223615852534
78445,9,1,74,146,2017,4,16,6,3,2,6,0,0,1,0,0,0,668461.2983,5349969.8109,11.270734037000068,48.280501023000056,"(48.280501023000056, 11.270734037000068)","{'place_id': 169893936, 'licence': 'Data © OpenStreetMap contributors, ODbL 1.0. https://osm.org/copyright', 'osm_type': 'way', 'osm_id': 280421285, 'lat': '48.28050211371602', 'lon': '11.270734553885323', 'display_name': 'A 8, Haidhof, Einsbach, Sulzemoos, Landkreis Dachau, Bayern, 85254, Deutschland', 'address': {'road': 'A 8', 'hamlet': 'Haidhof', 'village': 'Einsbach', 'county': 'Landkreis Dachau', 'state': 'Bayern', 'postcode': '85254', 'country': 'Deutschland', 'country_code': 'de'}, 'boundingbox': ['48.2802015', '48.281347', '11.2689517', '11.2713689']}","A 8, Haidhof, Einsbach, Sulzemoos, Landkreis Dachau, Bayern, 85254, Deutschland",A 8,9170421001270146970,0,0,down,[48.2810468  11.26958571],19051.630368762693,56617.62727406344
78446,9,1,74,113,2017,4,15,6,3,3,6,0,0,1,0,0,1,670364.3191,5348070.0985,11.29559862900004,48.26291431600004,"(48.26291431600004, 11.29559862900004)","{'place_id': 180092636, 'licence': 'Data © OpenStreetMap contributors, ODbL 1.0. https://osm.org/copyright', 'osm_type': 'way', 'osm_id': 327464674, 'lat': '48.26291865472453', 'lon': '11.295602758419616', 'display_name': 'A 8, Hopfenau, Lauterbach, Bergkirchen, Landkreis Dachau, Bayern, 85232, Deutschland', 'address': {'road': 'A 8', 'hamlet': 'Hopfenau', 'village': 'Lauterbach', 'county': 'Landkreis Dachau', 'state': 'Bayern', 'postcode': '85232', 'country': 'Deutschland', 'country_code': 'de'}, 'boundingbox': ['48.2614451', '48.2706646', '11.2874642', '11.2971376']}","A 8, Hopfenau, Lauterbach, Bergkirchen, Landkreis Dachau, Bayern, 85232, Deutschland",A 8,9170421001270144830,0,1,down,[48.260649   11.29795854],16332.38094444841,59331.21951924596
78448,9,1,74,146,2017,4,18,6,3,2,6,0,0,1,0,0,0,664655.9151,5351970.9131,11.220260822000055,48.29949195300002,"(48.29949195300002, 11.220260822000055)","{'place_id': 207325858, 'licence': 'Data © OpenStreetMap contributors, ODbL 1.0. https://osm.org/copyright', 'osm_type': 'way', 'osm_id': 477921133, 'lat': '48.2995045010618', 'lon': '11.220267551646478', 'display_name': 'A 8, Lukka, Taxa, Odelzhausen, Landkreis Dachau, Bayern, 85259, Deutschland', 'address': {'road': 'A 8', 'hamlet': 'Lukka', 'village': 'Taxa', 'county': 'Landkreis Dachau', 'state': 'Bayern', 'postcode': '85259', 'country': 'Deutschland', 'country_code': 'de'}, 'boundingbox': ['48.295503', '48.306587', '11.2092555', '11.2299598']}","A 8, Lukka, Taxa, Odelzhausen, Landkreis Dachau, Bayern, 85259, Deutschland",A 8,9170421001270141800,0,0,down,[48.29997025 11.2193993 ],23357.15097753397,52311.14278745563
78569,9,7,72,111,2017,4,9,3,2,9,3,0,0,1,0,0,1,627550.2864,5364055.6233,10.723851894000063,48.41673408600008,"(48.41673408600008, 10.723851894000063)","{'place_id': 163936664, 'licence': 'Data © OpenStreetMap contributors, ODbL 1.0. https://osm.org/copyright', 'osm_type': 'way', 'osm_id': 253360623, 'lat': '48.4167812287053', 'lon': '10.723854593859052', 'display_name': 'A 8, Adelsried, Landkreis Augsburg, Bayern, 86477, Deutschland', 'address': {'road': 'A 8', 'village': 'Adelsried', 'county': 'Landkreis Augsburg', 'state': 'Bayern', 'postcode': '86477', 'country': 'Deutschland', 'country_code': 'de'}, 'boundingbox': ['48.4167736', '48.4169264', '10.7212829', '10.7239878']}","A 8, Adelsried, Landkreis Augsburg, Bayern, 86477, Deutschland",A 8,9170425007173163750,1,1,up,[48.41682957 10.72301596],11023.284289930692,11023.284289930692
78570,9,7,61,0,2017,4,6,3,3,3,6,0,0,1,0,0,1,639829.6609,5364051.1538,10.889717296000072,48.41408863100003,"(48.41408863100003, 10.889717296000072)","{'place_id': 107925123, 'licence': 'Data © OpenStreetMap contributors, ODbL 1.0. https://osm.org/copyright', 'osm_type': 'way', 'osm_id': 27394069, 'lat': '48.41407233918795', 'lon': '10.889716616060866', 'display_name': 'A 8, Oberhausen-Nord, Firnhaberau, Gersthofen, Landkreis Augsburg, Bayern, 86169, Deutschland', 'address': {'road': 'A 8', 'neighbourhood': 'Oberhausen-Nord', 'suburb': 'Firnhaberau', 'town': 'Gersthofen', 'county': 'Landkreis Augsburg', 'state': 'Bayern', 'postcode': '86169', 'country': 'Deutschland', 'country_code': 'de'}, 'boundingbox': ['48.4140709', '48.4141345', '10.8882272', '10.8897511']}","A 8, Oberhausen-Nord, Firnhaberau, Gersthofen, Landkreis Augsburg, Bayern, 86169, Deutschland",A 8,9170425007173163740,1,1,up,[48.41413352 10.88826224],23324.97686712517,23324.97686712517
78713,9,1,74,146,2017,4,18,2,3,0,7,0,0,1,0,0,1,665756.7804,5351390.3018,11.234865531000024,48.29398489600004,"(48.29398489600004, 11.234865531000024)","{'place_id': 108867869, 'licence': 'Data © OpenStreetMap contributors, ODbL 1.0. https://osm.org/copyright', 'osm_type': 'way', 'osm_id': 28802113, 'lat': '48.29401196408449', 'lon': '11.234873499418729', 'display_name': 'A 8, Ziegelstadel, Wiedenzhausen, Sulzemoos, Landkreis Dachau, Bayern, 85259, Deutschland', 'address': {'road': 'A 8', 'hamlet': 'Ziegelstadel', 'village': 'Wiedenzhausen', 'county': 'Landkreis Dachau', 'state': 'Bayern', 'postcode': '85259', 'country': 'Deutschland', 'country_code': 'de'}, 'boundingbox': ['48.287303', '48.2952793', '11.2306553', '11.2558719']}","A 8, Ziegelstadel, Wiedenzhausen, Sulzemoos, Landkreis Dachau, Bayern, 85259, Deutschland",A 8,9170424001270156690,0,1,down,[48.29399042 11.23494706],22111.371983381643,53560.82553273546
78720,9,7,71,122,2017,4,18,1,3,3,6,0,0,1,0,0,1,652229.6994,5362390.9679,11.05658677200006,48.39628897900008,"(48.39628897900008, 11.05658677200006)","{'place_id': 107079111, 'licence': 'Data © OpenStreetMap contributors, ODbL 1.0. https://osm.org/copyright', 'osm_type': 'way', 'osm_id': 27455448, 'lat': '48.39629700657177', 'lon': '11.056587922633543', 'display_name': 'A 8, Taiting, Dasing, Landkreis Aichach-Friedberg, Bayern, 86453, Deutschland', 'address': {'road': 'A 8', 'village': 'Taiting', 'municipality': 'Dasing', 'county': 'Landkreis Aichach-Friedberg', 'state': 'Bayern', 'postcode': '86453', 'country': 'Deutschland', 'country_code': 'de'}, 'boundingbox': ['48.396099', '48.3964212', '11.0556046', '11.0578196']}","A 8, Taiting, Dasing, Landkreis Aichach-Friedberg, Bayern, 86453, Deutschland",A 8,9170423007173161960,0,1,down,[48.39627413 11.05674766],39782.78697070227,35891.60071320538
78955,9,7,71,122,2017,4,23,6,3,2,6,2,0,1,0,0,1,657203.3361,5358895.5553,11.122424839000075,48.36364349600007,"(48.36364349600007, 11.122424839000075)","{'place_id': 112409051, 'licence': 'Data © OpenStreetMap contributors, ODbL 1.0. https://osm.org/copyright', 'osm_type': 'way', 'osm_id': 42400874, 'lat': '48.36366267968196', 'lon': '11.122434972324033', 'display_name': 'A 8, Burgadelzhausen, Adelzhausen, Dasing, Landkreis Aichach-Friedberg, Bayern, 86453, Deutschland', 'address': {'road': 'A 8', 'village': 'Burgadelzhausen', 'municipality': 'Dasing', 'county': 'Landkreis Aichach-Friedberg', 'state': 'Bayern', 'postcode': '86453', 'country': 'Deutschland', 'country_code': 'de'}, 'boundingbox': ['48.3561686', '48.3880438', '11.0753176', '11.1309595']}","A 8, Burgadelzhausen, Adelzhausen, Dasing, Landkreis Aichach-Friedberg, Bayern, 86453, Deutschland",A 8,9170428007173164170,0,1,down,[48.36381141 11.12215313],33623.52229010327,42043.92531510581
79108,9,1,74,113,2017,4,9,5,3,2,6,0,0,1,0,0,0,671346.6639,5347066.3646,11.30841778000007,48.253626361000045,"(48.253626361000045, 11.30841778000007)","{'place_id': 107811431, 'licence': 'Data © OpenStreetMap contributors, ODbL 1.0. https://osm.org/copyright', 'osm_type': 'way', 'osm_id': 28801887, 'lat': '48.25362741509025', 'lon': '11.308418295780413', 'display_name': 'A 8, Palsweis, Bergkirchen, Landkreis Dachau, Bayern, 85232, Deutschland', 'address': {'road': 'A 8', 'village': 'Palsweis', 'county': 'Landkreis Dachau', 'state': 'Bayern', 'postcode': '85232', 'country': 'Deutschland', 'country_code': 'de'}, 'boundingbox': ['48.2425147', '48.2563862', '11.3031077', '11.331198']}","A 8, Palsweis, Bergkirchen, Landkreis Dachau, Bayern, 85232, Deutschland",A 8,9170427001270156700,1,0,down,[48.2539126  11.30783609],14916.808869579749,60752.24504318306
79126,9,7,72,147,2017,4,10,4,3,3,1,0,0,1,0,0,0,639429.9542,5364060.4282,10.884321617000069,48.414260590000026,"(48.414260590000026, 10.884321617000069)","{'place_id': 174083771, 'licence': 'Data © OpenStreetMap contributors, ODbL 1.0. https://osm.org/copyright', 'osm_type': 'way', 'osm_id': 300908997, 'lat': '48.41424484967649', 'lon': '10.884321276224705', 'display_name': 'A 8, Gersthofen, Landkreis Augsburg, Bayern, 86368, Deutschland', 'address': {'road': 'A 8', 'town': 'Gersthofen', 'county': 'Landkreis Augsburg', 'state': 'Bayern', 'postcode': '86368', 'country': 'Deutschland', 'country_code': 'de'}, 'boundingbox': ['48.4141586', '48.4142457', '10.884282', '10.887599']}","A 8, Gersthofen, Landkreis Augsburg, Bayern, 86368, Deutschland",A 8,9170426007173163770,1,0,up,[48.41422686 10.88514416],22926.206711963514,22926.206711963514