OBJECTID,ULAND,UREGBEZ,UKREIS,UGEMEINDE,UJAHR,UMONAT,USTUNDE,UWOCHENTAG,UKATEGORIE,UART,UTYP1,ULICHTVERH,IstRad,IstPKW,IstFuss,IstKrad,IstGkfz,LINREFX,LINREFY,XGCSWGS84,YGCSWGS84,coord,location_dict,address,road,UIDENTSTLAE,STRZUSTAND,IstSonstige,lane,coord_interp,dist_interp,dist_interp_up
79159,9,7,72,111,2017,5,1,5,3,0,7,2,0,1,0,0,0,627922.642,5364072.2452,10.728886998000064,48.41680807000006,"(48.41680807000006, 10.728886998000064)","{'place_id': 148284748, 'licence': 'Data © OpenStreetMap contributors, ODbL 1.0. https://osm.org/copyright', 'osm_type': 'way', 'osm_id': 199150240, 'lat': '48.416804484876614', 'lon': '10.728887010759744', 'display_name': 'A 8, Adelsried, Landkreis Augsburg, Bayern, 86477, Deutschland', 'address': {'road': 'A 8', 'village': 'Adelsried', 'county': 'Landkreis Augsburg', 'state': 'Bayern', 'postcode': '86477', 'country': 'Deutschland', 'country_code': 'de'}, 'boundingbox': ['48.4168031', '48.4169679', '10.7254633', '10.7355185']}","A 8, Adelsried, Landkreis Augsburg, Bayern, 86477, Deutschland",A 8,9170504007173184680,0,0,down,[48.41680542 10.72909197],64282.255477126935,11394.506212914914
79412,9,7,71,130,2017,5,23,2,3,9,1,2,0,1,0,0,0,646059.2818,5362804.6298,10.973422331000052,48.40146780300007,"(48.40146780300007, 10.973422331000052)","{'place_id': 169711243, 'licence': 'Data © OpenStreetMap contributors, ODbL 1.0. https://osm.org/copyright', 'osm_type': 'way', 'osm_id': 280694759, 'lat': '48.401458687584196', 'lon': '10.973422182120052', 'display_name': 'A 8, Derching, Friedberg, Landkreis Aichach-Friedberg, Bayern, 86316, Deutschland', 'address': {'road': 'A 8', 'village': 'Derching', 'town': 'Friedberg', 'county': 'Landkreis Aichach-Friedberg', 'state': 'Bayern', 'postcode': '86316', 'country': 'Deutschland', 'country_code': 'de'}, 'boundingbox': ['48.401446', '48.4037486', '10.9564506', '10.981465']}","A 8, Derching, Friedberg, Landkreis Aichach-Friedberg, Bayern, 86316, Deutschland",A 8,9170501007173180980,1,0,up,[48.40146122 10.97327401],29670.17967230909,29670.17967230909
79692,9,1,74,113,2017,5,22,1,3,2,6,2,0,1,0,0,0,670006.5254,5348527.0905,11.290965175000052,48.26711859100004,"(48.26711859100004, 11.290965175000052)","{'place_id': 134244450, 'licence': 'Data © OpenStreetMap contributors, ODbL 1.0. https://osm.org/copyright', 'osm_type': 'way', 'osm_id': 143578410, 'lat': '48.2671036505766', 'lon': '11.290950915075452', 'display_name': 'A 8, Hopfenau, Lauterbach, Bergkirchen, Landkreis Dachau, Bayern, 85232, Deutschland', 'address': {'road': 'A 8', 'hamlet': 'Hopfenau', 'village': 'Lauterbach', 'county': 'Landkreis Dachau', 'state': 'Bayern', 'postcode': '85232', 'country': 'Deutschland', 'country_code': 'de'}, 'boundingbox': ['48.2599717', '48.270607', '11.2872774', '11.2984073']}","A 8, Hopfenau, Lauterbach, Bergkirchen, Landkreis Dachau, Bayern, 85232, Deutschland",A 8,9170507001270177500,1,0,up,[48.27234106 11.28545737],58751.46544713514,58751.46544713514
79836,9,1,74,146,2017,5,11,7,2,3,6,0,0,1,0,0,0,666607.0639,5351038.0343,11.246181637000063,48.29059480100005,"(48.29059480100005, 11.246181637000063)","{'place_id': 108867869, 'licence': 'Data © OpenStreetMap contributors, ODbL 1.0. https://osm.org/copyright', 'osm_type': 'way', 'osm_id': 28802113, 'lat': '48.29064510171742', 'lon': '11.246196958794016', 'display_name': 'A 8, Ziegelstadel, Wiedenzhausen, Sulzemoos, Landkreis Dachau, Bayern, 85259, Deutschland', 'address': {'road': 'A 8', 'hamlet': 'Ziegelstadel', 'village': 'Wiedenzhausen', 'county': 'Landkreis Dachau', 'state': 'Bayern', 'postcode': '85259', 'country': 'Deutschland', 'country_code': 'de'}, 'boundingbox': ['48.287303', '48.2952793', '11.2306553', '11.2558719']}","A 8, Ziegelstadel, Wiedenzhausen, Sulzemoos, Landkreis Dachau, Bayern, 85259, Deutschland",A 8,9170506001270177470,0,0,down,[48.29001887 11.24825218],21192.91685272906,54479.26876742323
79948,9,1,74,113,2017,5,16,1,3,2,6,0,0,1,0,0,0,672576.1156,5346207.1275,11.324616817000049,48.24556875400003,"(48.24556875400003, 11.324616817000049)","{'place_id': 179804010, 'licence': 'Data © OpenStreetMap contributors, ODbL 1.0. https://osm.org/copyright', 'osm_type': 'way', 'osm_id': 327464677, 'lat': '48.24553687732444', 'lon': '11.324601268401711', 'display_name': 'A 8, Palsweis, Bergkirchen, Landkreis Dachau, Bayern, 85232, Deutschland', 'address': {'road': 'A 8', 'village': 'Palsweis', 'county': 'Landkreis Dachau', 'state': 'Bayern', 'postcode': '85232', 'country': 'Deutschland', 'country_code': 'de'}, 'boundingbox': ['48.2375667', '48.2544385', '11.3063647', '11.3408042']}","A 8, Palsweis, Bergkirchen, Landkreis Dachau, Bayern, 85232, Deutschland",A 8,9170514001270184240,1,0,up,[48.24161386 11.33264355],62249.726504647406,62249.726504647406
79949,9,1,74,113,2017,5,16,1,3,3,1,0,0,1,0,0,0,673728.6893,5345413.7758,11.339803251000037,48.23812226800004,"(48.23812226800004, 11.339803251000037)","{'place_id': 179804010, 'licence': 'Data © OpenStreetMap contributors, ODbL 1.0. https://osm.org/copyright', 'osm_type': 'way', 'osm_id': 327464677, 'lat': '48.238080203934885', 'lon': '11.33978211761269', 'display_name': 'A 8, Palsweis, Bergkirchen, Landkreis Dachau, Bayern, 85232, Deutschland', 'address': {'road': 'A 8', 'village': 'Palsweis', 'county': 'Landkreis Dachau', 'state': 'Bayern', 'postcode': '85232', 'country': 'Deutschland', 'country_code': 'de'}, 'boundingbox': ['48.2375667', '48.2544385', '11.3063647', '11.3408042']}","A 8, Palsweis, Bergkirchen, Landkreis Dachau, Bayern, 85232, Deutschland",A 8,9170514001270182480,1,0,up,[48.23594882 11.3438649 ],63646.55761059851,63646.55761059851
79951,9,1,62,0,2017,5,16,1,3,3,6,0,0,1,0,0,0,679315.5628,5340706.6431,11.412989625000025,48.19425529800003,"(48.19425529800003, 11.412989625000025)","{'place_id': 169591660, 'licence': 'Data © OpenStreetMap contributors, ODbL 1.0. https://osm.org/copyright', 'osm_type': 'way', 'osm_id': 280342519, 'lat': '48.19425462294094', 'lon': '11.412989176135369', 'display_name': 'A 8, Lochhausen, Aubing-Lochhausen-Langwied, München, Bayern, 81249, Deutschland', 'address': {'road': 'A 8', 'suburb': 'Lochhausen', 'city_district': 'Aubing-Lochhausen-Langwied', 'city': 'München', 'state': 'Bayern', 'postcode': '81249', 'country': 'Deutschland', 'country_code': 'de'}, 'boundingbox': ['48.1942191', '48.1958239', '11.4106291', '11.4130426']}","A 8, Lochhausen, Aubing-Lochhausen-Langwied, München, Bayern, 81249, Deutschland",A 8,9170514001270182460,1,0,down,[48.19578811 11.41068298],4722.438174171447,70944.37045472587
80191,9,7,72,147,2017,5,20,5,3,8,7,1,0,1,0,0,0,635341.8093,5364371.819,10.829202725000073,48.41795191300008,"(48.41795191300008, 10.829202725000073)","{'place_id': 158176609, 'licence': 'Data © OpenStreetMap contributors, ODbL 1.0. https://osm.org/copyright', 'osm_type': 'way', 'osm_id': 230124431, 'lat': '48.4179635703952', 'lon': '10.829203717516958', 'display_name': 'A 8, Hirblingen, Gersthofen, Landkreis Augsburg, Bayern, 86368, Deutschland', 'address': {'road': 'A 8', 'village': 'Hirblingen', 'town': 'Gersthofen', 'county': 'Landkreis Augsburg', 'state': 'Bayern', 'postcode': '86368', 'country': 'Deutschland', 'country_code': 'de'}, 'boundingbox': ['48.4176478', '48.4183817', '10.8243274', '10.8328784']}","A 8, Hirblingen, Gersthofen, Landkreis Augsburg, Bayern, 86368, Deutschland",A 8,9170511007173184730,1,0,down,[48.4177889  10.83124811],56842.18636691266,18832.595632864563
80193,9,7,72,111,2017,5,9,5,2,2,6,0,0,1,0,0,0,627511.8357,5364065.0691,10.723335346000056,48.41682680900004,"(48.41682680900004, 10.723335346000056)","{'place_id': 163936664, 'licence': 'Data © OpenStreetMap contributors, ODbL 1.0. https://osm.org/copyright', 'osm_type': 'way', 'osm_id': 253360623, 'lat': '48.41681101778238', 'lon': '10.723334441638201', 'display_name': 'A 8, Adelsried, Landkreis Augsburg, Bayern, 86477, Deutschland', 'address': {'road': 'A 8', 'village': 'Adelsried', 'county': 'Landkreis Augsburg', 'state': 'Bayern', 'postcode': '86477', 'country': 'Deutschland', 'country_code': 'de'}, 'boundingbox': ['48.4167736', '48.4169264', '10.7212829', '10.7239878']}","A 8, Adelsried, Landkreis Augsburg, Bayern, 86477, Deutschland",A 8,9170511007173184710,0,0,up,[48.41679957 10.72354065],10984.407444721683,10984.407444721683
80207,9,1,74,113,2017,5,18,2,3,9,1,0,0,1,0,0,0,669857.3791,5348727.2423,11.28903737500002,48.268957882000045,"(48.268957882000045, 11.28903737500002)","{'place_id': 134244450, 'licence': 'Data © OpenStreetMap contributors, ODbL 1.0. https://osm.org/copyright', 'osm_type': 'way', 'osm_id': 143578410, 'lat': '48.26894321435914', 'lon': '11.28902339800219', 'display_name': 'A 8, Hopfenau, Lauterbach, Bergkirchen, Landkreis Dachau, Bayern, 85232, Deutschland', 'address': {'road': 'A 8', 'hamlet': 'Hopfenau', 'village': 'Lauterbach', 'county': 'Landkreis Dachau', 'state': 'Bayern', 'postcode': '85232', 'country': 'Deutschland', 'country_code': 'de'}, 'boundingbox': ['48.2599717', '48.270607', '11.2872774', '11.2984073']}","A 8, Hopfenau, Lauterbach, Bergkirchen, Landkreis Dachau, Bayern, 85232, Deutschland",A 8,9170515001270184250,1,0,up,[48.27050245 11.28738671],58502.01882447552,58502.01882447552
80258,9,7,72,223,2017,5,14,1,3,8,1,0,0,1,0,0,0,619503.8883,5363145.8651,10.614891503000024,48.41013021500004,"(48.41013021500004, 10.614891503000024)","{'place_id': 170982864, 'licence': 'Data © OpenStreetMap contributors, ODbL 1.0. https://osm.org/copyright', 'osm_type': 'way', 'osm_id': 289187276, 'lat': '48.41010497509517', 'lon': '10.614893786775655', 'display_name': 'A 8, Zusmarshausen, Landkreis Augsburg, Bayern, 86441, Deutschland', 'address': {'road': 'A 8', 'village': 'Zusmarshausen', 'county': 'Landkreis Augsburg', 'state': 'Bayern', 'postcode': '86441', 'country': 'Deutschland', 'country_code': 'de'}, 'boundingbox': ['48.4094857', '48.4103677', '10.612932', '10.6338294']}","A 8, Zusmarshausen, Landkreis Augsburg, Bayern, 86441, Deutschland",A 8,9170514007173184740,1,0,up,[48.41012166 10.61507843],2712.439339170713,2712.439339170713
80352,9,7,71,130,2017,5,16,4,3,1,6,0,0,1,0,0,0,644669.7401,5363072.3228,10.954751766000072,48.40419510900006,"(48.40419510900006, 10.954751766000072)","{'place_id': 169045335, 'licence': 'Data © OpenStreetMap contributors, ODbL 1.0. https://osm.org/copyright', 'osm_type': 'way', 'osm_id': 280694758, 'lat': '48.40419166009859', 'lon': '10.954751178686449', 'display_name': 'A 8, Derching, Friedberg, Landkreis Aichach-Friedberg, Bayern, 86316, Deutschland', 'address': {'road': 'A 8', 'village': 'Derching', 'town': 'Friedberg', 'county': 'Landkreis Aichach-Friedberg', 'state': 'Bayern', 'postcode': '86316', 'country': 'Deutschland', 'country_code': 'de'}, 'boundingbox': ['48.4039031', '48.4043637', '10.9536725', '10.9564457']}","A 8, Derching, Friedberg, Landkreis Aichach-Friedberg, Bayern, 86316, Deutschland",A 8,9170510007121181320,0,0,down,[48.40440901 10.95338392],47418.07473975116,28254.196248446773
80463,9,1,79,142,2017,5,8,5,3,3,1,0,0,1,0,0,0,674832.3428,5344546.5959,11.354296590000049,48.23002366600008,"(48.23002366600008, 11.354296590000049)","{'place_id': 115264999, 'licence': 'Data © OpenStreetMap contributors, ODbL 1.0. https://osm.org/copyright', 'osm_type': 'way', 'osm_id': 55706469, 'lat': '48.23003695835812', 'lon': '11.354304439037936', 'display_name': 'A 8, Graßlfing, Olching, Landkreis Fürstenfeldbruck, Bayern, 82140, Deutschland', 'address': {'road': 'A 8', 'suburb': 'Graßlfing', 'town': 'Olching', 'county': 'Landkreis Fürstenfeldbruck', 'state': 'Bayern', 'postcode': '82140', 'country': 'Deutschland', 'country_code': 'de'}, 'boundingbox': ['48.2116422', '48.230365', '11.3537489', '11.3855279']}","A 8, Graßlfing, Olching, Landkreis Fürstenfeldbruck, Bayern, 82140, Deutschland",A 8,9170518001270188100,0,0,down,[48.22990416 11.35452988],10619.367137693087,65048.060409298814
80484,9,7,72,223,2017,5,16,6,3,9,1,0,0,1,0,0,0,616338.3469,5362676.1096,10.572001343000068,48.40649794900003,"(48.40649794900003, 10.572001343000068)","{'place_id': 143669431, 'licence': 'Data © OpenStreetMap contributors, ODbL 1.0. https://osm.org/copyright', 'osm_type': 'way', 'osm_id': 180119699, 'lat': '48.406477855690724', 'lon': '10.572004690176637', 'display_name': 'A 8, Vallried, Wollbach, Zusmarshausen, Jettingen-Scheppach, Landkreis Augsburg, Bayern, 86441, Deutschland', 'address': {'road': 'A 8', 'hamlet': 'Vallried', 'village': 'Wollbach', 'municipality': 'Jettingen-Scheppach', 'county': 'Landkreis Augsburg', 'state': 'Bayern', 'postcode': '86441', 'country': 'Deutschland', 'country_code': 'de'}, 'boundingbox': ['48.399835', '48.407249', '10.5221641', '10.575949']}","A 8, Vallried, Wollbach, Zusmarshausen, Jettingen-Scheppach, Landkreis Augsburg, Bayern, 86441, Deutschland",A 8,9170519007173199320,1,0,up,[48.40194622 10.59662426],373.6896102443243,373.6896102443243
80485,9,7,71,130,2017,5,1,6,3,8,1,2,0,1,0,0,0,646139.5529,5362806.2941,10.974506791000069,48.40146416500005,"(48.40146416500005, 10.974506791000069)","{'place_id': 169711243, 'licence': 'Data © OpenStreetMap contributors, ODbL 1.0. https://osm.org/copyright', 'osm_type': 'way', 'osm_id': 280694759, 'lat': '48.401451783107035', 'lon': '10.97450702346869', 'display_name': 'A 8, Derching, Friedberg, Landkreis Aichach-Friedberg, Bayern, 86316, Deutschland', 'address': {'road': 'A 8', 'village': 'Derching', 'town': 'Friedberg', 'county': 'Landkreis Aichach-Friedberg', 'state': 'Bayern', 'postcode': '86316', 'country': 'Deutschland', 'country_code': 'de'}, 'boundingbox': ['48.401446', '48.4037486', '10.9564506', '10.981465']}","A 8, Derching, Friedberg, Landkreis Aichach-Friedberg, Bayern, 86316, Deutschland",A 8,9170519007173191470,0,0,up,[48.40147905 10.97219008],29750.24589515959,29750.24589515959
80527,9,7,71,122,2017,5,21,4,2,2,6,2,0,0,0,1,1,651132.5294,5362363.7704,11.041764305000072,48.39630837200008,"(48.39630837200008, 11.041764305000072)","{'place_id': 171593475, 'licence': 'Data © OpenStreetMap contributors, ODbL 1.0. https://osm.org/copyright', 'osm_type': 'way', 'osm_id': 288973413, 'lat': '48.39633455378911', 'lon': '11.041763242802475', 'display_name': 'A 8, Sophienhof, Bitzenhofen, Dasing, Landkreis Aichach-Friedberg, Bayern, 86453, Deutschland', 'address': {'road': 'A 8', 'hamlet': 'Sophienhof', 'village': 'Bitzenhofen', 'municipality': 'Dasing', 'county': 'Landkreis Aichach-Friedberg', 'state': 'Bayern', 'postcode': '86453', 'country': 'Deutschland', 'country_code': 'de'}, 'boundingbox': ['48.3960534', '48.4039031', '10.9564457', '11.0556046']}","A 8, Sophienhof, Bitzenhofen, Dasing, Landkreis Aichach-Friedberg, Bayern, 86453, Deutschland",A 8,9170517007173188110,0,1,down,[48.39596854 11.03328755],40881.9461594523,34796.89164272086
80926,9,7,72,223,2017,5,21,4,3,9,7,2,0,1,0,0,0,617777.6645,5363081.9142,10.591556009000044,48.40988007000004,"(48.40988007000004, 10.591556009000044)","{'place_id': 161862030, 'licence': 'Data © OpenStreetMap contributors, ODbL 1.0. https://osm.org/copyright', 'osm_type': 'way', 'osm_id': 246271668, 'lat': '48.40990753726934', 'lon': '10.591554321647342', 'display_name': 'A 8, Friedensdorf, Wollbach, Zusmarshausen, Landkreis Augsburg, Bayern, 86441, Deutschland', 'address': {'road': 'A 8', 'hamlet': 'Friedensdorf', 'village': 'Wollbach', 'county': 'Landkreis Augsburg', 'state': 'Bayern', 'postcode': '86441', 'country': 'Deutschland', 'country_code': 'de'}, 'boundingbox': ['48.407462', '48.4099617', '10.5760621', '10.592436']}","A 8, Friedensdorf, Wollbach, Zusmarshausen, Landkreis Augsburg, Bayern, 86441, Deutschland",A 8,9170524007173201920,1,0,down,[48.41003577 10.59749615],74351.02677414476,1443.7527752002782
81054,9,1,74,146,2017,5,0,4,3,0,6,2,0,1,0,0,1,668341.0556,5350049.059,11.269146143000055,48.28124542000006,"(48.28124542000006, 11.269146143000055)","{'place_id': 190534, 'licence': 'Data © OpenStreetMap contributors, ODbL 1.0. https://osm.org/copyright', 'osm_type': 'node', 'osm_id': 34035916, 'lat': '48.281347', 'lon': '11.2689517', 'display_name': 'Sulzemoos, A 8, Haidhof, Einsbach, Sulzemoos, Landkreis Dachau, Bayern, 85254, Deutschland', 'address': {'highway': 'Sulzemoos', 'road': 'A 8', 'hamlet': 'Haidhof', 'village': 'Einsbach', 'county': 'Landkreis Dachau', 'state': 'Bayern', 'postcode': '85254', 'country': 'Deutschland', 'country_code': 'de'}, 'boundingbox': ['48.281297', '48.281397', '11.2689017', '11.2690017']}","Sulzemoos, A 8, Haidhof, Einsbach, Sulzemoos, Landkreis Dachau, Bayern, 85254, Deutschland",A 8,9170524001270201810,0,1,down,[48.2802972  11.27116804],19195.397596195002,56473.85834099338
81271,9,7,72,223,2017,5,19,2,3,3,1,0,0,1,0,0,1,617385.0252,5363004.3009,10.586230592000048,48.40925534200005,"(48.40925534200005, 10.586230592000048)","{'place_id': 171014878, 'licence': 'Data © OpenStreetMap contributors, ODbL 1.0. https://osm.org/copyright', 'osm_type': 'way', 'osm_id': 289187283, 'lat': '48.409232414529455', 'lon': '10.586232701203109', 'display_name': 'A 8, Friedensdorf, Wollbach, Zusmarshausen, Landkreis Augsburg, Bayern, 86441, Deutschland', 'address': {'road': 'A 8', 'hamlet': 'Friedensdorf', 'village': 'Wollbach', 'county': 'Landkreis Augsburg', 'state': 'Bayern', 'postcode': '86441', 'country': 'Deutschland', 'country_code': 'de'}, 'boundingbox': ['48.407249', '48.4098', '10.575949', '10.5924484']}","A 8, Friedensdorf, Wollbach, Zusmarshausen, Landkreis Augsburg, Bayern, 86441, Deutschland",A 8,9170522007173199330,0,1,down,[48.40961516 10.59769055],74399.96189737521,1478.6334505483017
81272,9,7,71,122,2017,5,11,2,3,2,6,0,0,1,0,0,0,650387.0293,5362322.0502,11.03168443900006,48.396111510000026,"(48.396111510000026, 11.03168443900006)","{'place_id': 171593475, 'licence': 'Data © OpenStreetMap contributors, ODbL 1.0. https://osm.org/copyright', 'osm_type': 'way', 'osm_id': 288973413, 'lat': '48.3961492982008', 'lon': '11.031687137624717', 'display_name': 'A 8, Sophienhof, Bitzenhofen, Dasing, Landkreis Aichach-Friedberg, Bayern, 86453, Deutschland', 'address': {'road': 'A 8', 'hamlet': 'Sophienhof', 'village': 'Bitzenhofen', 'municipality': 'Dasing', 'county': 'Landkreis Aichach-Friedberg', 'state': 'Bayern', 'postcode': '86453', 'country': 'Deutschland', 'country_code': 'de'}, 'boundingbox': ['48.3960534', '48.4039031', '10.9564457', '11.0556046']}","A 8, Sophienhof, Bitzenhofen, Dasing, Landkreis Aichach-Friedberg, Bayern, 86453, Deutschland",A 8,9170522007173191240,0,0,down,[48.39615872 11.03155748],41627.063340917215,34049.449141375204
81403,9,7,72,223,2017,5,21,1,3,8,1,2,0,1,0,0,0,615786.0615,5362536.5333,10.56450307700004,48.40534441100005,"(48.40534441100005, 10.56450307700004)","{'place_id': 155528377, 'licence': 'Data © OpenStreetMap contributors, ODbL 1.0. https://osm.org/copyright', 'osm_type': 'way', 'osm_id': 221957359, 'lat': '48.40536804131322', 'lon': '10.564497086464213', 'display_name': 'A 8, Vallried, Wollbach, Zusmarshausen, Landkreis Augsburg, Bayern, 86441, Deutschland', 'address': {'road': 'A 8', 'hamlet': 'Vallried', 'village': 'Wollbach', 'county': 'Landkreis Augsburg', 'state': 'Bayern', 'postcode': '86441', 'country': 'Deutschland', 'country_code': 'de'}, 'boundingbox': ['48.4012138', '48.407462', '10.5537176', '10.5760621']}","A 8, Vallried, Wollbach, Zusmarshausen, Landkreis Augsburg, Bayern, 86441, Deutschland",A 8,9170521007173191440,0,0,,,,
81456,9,7,71,122,2017,5,11,1,3,2,6,0,0,1,0,0,0,649131.5007,5362675.9253,11.014859259000048,48.39959138700005,"(48.39959138700005, 11.014859259000048)","{'place_id': 171593475, 'licence': 'Data © OpenStreetMap contributors, ODbL 1.0. https://osm.org/copyright', 'osm_type': 'way', 'osm_id': 288973413, 'lat': '48.39961300450685', 'lon': '11.01486178635024', 'display_name': 'A 8, Sophienhof, Bitzenhofen, Dasing, Landkreis Aichach-Friedberg, Bayern, 86453, Deutschland', 'address': {'road': 'A 8', 'hamlet': 'Sophienhof', 'village': 'Bitzenhofen', 'municipality': 'Dasing', 'county': 'Landkreis Aichach-Friedberg', 'state': 'Bayern', 'postcode': '86453', 'country': 'Deutschland', 'country_code': 'de'}, 'boundingbox': ['48.3960534', '48.4039031', '10.9564457', '11.0556046']}","A 8, Sophienhof, Bitzenhofen, Dasing, Landkreis Aichach-Friedberg, Bayern, 86453, Deutschland",A 8,9170528007173219060,0,0,down,[48.39968956 11.01421012],42933.261814385274,32740.403992713957
81457,9,7,71,122,2017,5,13,1,3,2,6,0,0,1,0,0,0,656360.4024,5359305.4173,11.11120468100006,48.36753770300004,"(48.36753770300004, 11.11120468100006)","{'place_id': 112409051, 'licence': 'Data © OpenStreetMap contributors, ODbL 1.0. https://osm.org/copyright', 'osm_type': 'way', 'osm_id': 42400874, 'lat': '48.367562932115376', 'lon': '11.111210728417666', 'display_name': 'A 8, Burgadelzhausen, Adelzhausen, Dasing, Landkreis Aichach-Friedberg, Bayern, 86453, Deutschland', 'address': {'road': 'A 8', 'village': 'Burgadelzhausen', 'municipality': 'Dasing', 'county': 'Landkreis Aichach-Friedberg', 'state': 'Bayern', 'postcode': '86453', 'country': 'Deutschland', 'country_code': 'de'}, 'boundingbox': ['48.3561686', '48.3880438', '11.0753176', '11.1309595']}","A 8, Burgadelzhausen, Adelzhausen, Dasing, Landkreis Aichach-Friedberg, Bayern, 86453, Deutschland",A 8,9170528007173204200,0,0,down,[48.3672068  11.11268244],34565.54569894338,41107.87007699442
81641,9,7,71,122,2017,5,15,3,3,8,7,0,0,1,0,0,0,652908.0536,5362148.1354,11.065656575000048,48.39394161100006,"(48.39394161100006, 11.065656575000048)","{'place_id': 132785040, 'licence': 'Data © OpenStreetMap contributors, ODbL 1.0. https://osm.org/copyright', 'osm_type': 'way', 'osm_id': 134464651, 'lat': '48.39433015', 'lon': '11.065991577839691', 'display_name': 'A+ (Autobahn A8), A 8, Neulwirth, Lindl, Dasing, Landkreis Aichach-Friedberg, Bayern, 86453, Deutschland', 'address': {'man_made': 'A+ (Autobahn A8)', 'road': 'A 8', 'hamlet': 'Neulwirth', 'village': 'Lindl', 'municipality': 'Dasing', 'county': 'Landkreis Aichach-Friedberg', 'state': 'Bayern', 'postcode': '86453', 'country': 'Deutschland', 'country_code': 'de'}, 'boundingbox': ['48.3938943', '48.3948202', '11.0657495', '11.0668734']}","A+ (Autobahn A8), A 8, Neulwirth, Lindl, Dasing, Landkreis Aichach-Friedberg, Bayern, 86453, Deutschland",A 8,9170530007173204220,0,0,down,[48.39362328 11.06610345],39062.18872349378,36606.07390721996
81649,9,1,74,113,2017,6,4,5,3,9,7,2,0,1,0,0,1,670756.7279,5347552.7773,11.300672978000025,48.25815820600008,"(48.25815820600008, 11.300672978000025)","{'place_id': 163325048, 'licence': 'Data © OpenStreetMap contributors, ODbL 1.0. https://osm.org/copyright', 'osm_type': 'way', 'osm_id': 251505081, 'lat': '48.25815370905401', 'lon': '11.300669358122247', 'display_name': 'A 8, Lauterbach, Bergkirchen, Landkreis Dachau, Bayern, 85232, Deutschland', 'address': {'road': 'A 8', 'village': 'Lauterbach', 'county': 'Landkreis Dachau', 'state': 'Bayern', 'postcode': '85232', 'country': 'Deutschland', 'country_code': 'de'}, 'boundingbox': ['48.2576971', '48.2600198', '11.2986502', '11.3012366']}","A 8, Lauterbach, Bergkirchen, Landkreis Dachau, Bayern, 85232, Deutschland",A 8,9170601001270238950,0,1,down,[48.2578358  11.30106448],15683.36494460356,59981.29925020292
81800,9,1,74,146,2017,5,20,3,3,8,1,2,0,1,0,0,0,666864.7429,5350929.7926,11.24961010100003,48.28955384900007,"(48.28955384900007, 11.24961010100003)","{'place_id': 108867869, 'licence': 'Data © OpenStreetMap contributors, ODbL 1.0. https://osm.org/copyright', 'osm_type': 'way', 'osm_id': 28802113, 'lat': '48.28957956409399', 'lon': '11.249618771660433', 'display_name': 'A 8, Ziegelstadel, Wiedenzhausen, Sulzemoos, Landkreis Dachau, Bayern, 85259, Deutschland', 'address': {'road': 'A 8', 'hamlet': 'Ziegelstadel', 'village': 'Wiedenzhausen', 'county': 'Landkreis Dachau', 'state': 'Bayern', 'postcode': '85259', 'country': 'Deutschland', 'country_code': 'de'}, 'boundingbox': ['48.287303', '48.2952793', '11.2306553', '11.2558719']}","A 8, Ziegelstadel, Wiedenzhausen, Sulzemoos, Landkreis Dachau, Bayern, 85259, Deutschland",A 8,9170530001270205490,1,0,down,[48.28928057 11.2505047 ],20913.864377537455,54757.72539425234
81848,9,7,71,130,2017,5,19,2,3,3,1,0,0,1,0,0,0,647387.858,5362817.4418,10.991366134000032,48.40127379900008,"(48.40127379900008, 10.991366134000032)","{'place_id': 171593475, 'licence': 'Data © OpenStreetMap contributors, ODbL 1.0. https://osm.org/copyright', 'osm_type': 'way', 'osm_id': 288973413, 'lat': '48.4012741039285', 'lon': '10.991366154893578', 'display_name': 'A 8, Sophienhof, Bitzenhofen, Dasing, Landkreis Aichach-Friedberg, Bayern, 86453, Deutschland', 'address': {'road': 'A 8', 'hamlet': 'Sophienhof', 'village': 'Bitzenhofen', 'municipality': 'Dasing', 'county': 'Landkreis Aichach-Friedberg', 'state': 'Bayern', 'postcode': '86453', 'country': 'Deutschland', 'country_code': 'de'}, 'boundingbox': ['48.3960534', '48.4039031', '10.9564457', '11.0556046']}","A 8, Sophienhof, Bitzenhofen, Dasing, Landkreis Aichach-Friedberg, Bayern, 86453, Deutschland",A 8,9170529007173204210,0,0,down,[48.40149711 10.98811486],44678.54918508795,30996.390788643203
81981,9,1,74,146,2017,5,16,2,3,0,7,0,0,0,0,1,1,668292.4815,5350110.8244,11.268516522000027,48.28181358500007,"(48.28181358500007, 11.268516522000027)","{'place_id': 111312768, 'licence': 'Data © OpenStreetMap contributors, ODbL 1.0. https://osm.org/copyright', 'osm_type': 'way', 'osm_id': 38902727, 'lat': '48.28159834564577', 'lon': '11.268415607550402', 'display_name': 'A 8, Haidhof, Einsbach, Sulzemoos, Landkreis Dachau, Bayern, 85254, Deutschland', 'address': {'road': 'A 8', 'hamlet': 'Haidhof', 'village': 'Einsbach', 'county': 'Landkreis Dachau', 'state': 'Bayern', 'postcode': '85254', 'country': 'Deutschland', 'country_code': 'de'}, 'boundingbox': ['48.281347', '48.282323', '11.26687', '11.2689517']}","A 8, Haidhof, Einsbach, Sulzemoos, Landkreis Dachau, Bayern, 85254, Deutschland",A 8,9170529001270205470,1,1,down,[48.28203181 11.26749116],19269.895231276078,56399.31414061663