OBJECTID,ULAND,UREGBEZ,UKREIS,UGEMEINDE,UJAHR,UMONAT,USTUNDE,UWOCHENTAG,UKATEGORIE,UART,UTYP1,ULICHTVERH,IstRad,IstPKW,IstFuss,IstKrad,IstGkfz,LINREFX,LINREFY,XGCSWGS84,YGCSWGS84,coord,location_dict,address,road,UIDENTSTLAE,STRZUSTAND,IstSonstige,lane,coord_interp,dist_interp,dist_interp_up
82094,9,7,71,122,2017,6,3,6,2,2,1,2,0,1,0,0,1,656426.5386,5359284.4403,11.112089231000027,48.36733272300006,"(48.36733272300006, 11.112089231000027)","{'place_id': 112409051, 'licence': 'Data © OpenStreetMap contributors, ODbL 1.0. https://osm.org/copyright', 'osm_type': 'way', 'osm_id': 42400874, 'lat': '48.36734966124596', 'lon': '11.112093326219746', 'display_name': 'A 8, Burgadelzhausen, Adelzhausen, Dasing, Landkreis Aichach-Friedberg, Bayern, 86453, Deutschland', 'address': {'road': 'A 8', 'village': 'Burgadelzhausen', 'municipality': 'Dasing', 'county': 'Landkreis Aichach-Friedberg', 'state': 'Bayern', 'postcode': '86453', 'country': 'Deutschland', 'country_code': 'de'}, 'boundingbox': ['48.3561686', '48.3880438', '11.0753176', '11.1309595']}","A 8, Burgadelzhausen, Adelzhausen, Dasing, Landkreis Aichach-Friedberg, Bayern, 86453, Deutschland",A 8,9170602007173246330,0,1,down,[48.36741974 11.11180226],34496.327581019556,41177.09316377088
82451,9,1,74,146,2017,6,1,3,3,2,6,2,0,1,0,0,1,668435.5681,5349986.7449,11.270394245000034,48.280660100000034,"(48.280660100000034, 11.270394245000034)","{'place_id': 169893936, 'licence': 'Data © OpenStreetMap contributors, ODbL 1.0. https://osm.org/copyright', 'osm_type': 'way', 'osm_id': 280421285, 'lat': '48.28066278218105', 'lon': '11.270395516073304', 'display_name': 'A 8, Haidhof, Einsbach, Sulzemoos, Landkreis Dachau, Bayern, 85254, Deutschland', 'address': {'road': 'A 8', 'hamlet': 'Haidhof', 'village': 'Einsbach', 'county': 'Landkreis Dachau', 'state': 'Bayern', 'postcode': '85254', 'country': 'Deutschland', 'country_code': 'de'}, 'boundingbox': ['48.2802015', '48.281347', '11.2689517', '11.2713689']}","A 8, Haidhof, Einsbach, Sulzemoos, Landkreis Dachau, Bayern, 85254, Deutschland",A 8,9170606001270240890,0,1,down,[48.28088646 11.26992415],19082.381181304605,56586.875982730766
82512,9,1,74,113,2017,6,17,2,3,9,1,0,0,0,0,1,0,674532.4197,5344746.5839,11.350343718000032,48.23190400800007,"(48.23190400800007, 11.350343718000032)","{'place_id': 164049005, 'licence': 'Data © OpenStreetMap contributors, ODbL 1.0. https://osm.org/copyright', 'osm_type': 'way', 'osm_id': 251505090, 'lat': '48.23209954268472', 'lon': '11.350458941211482', 'display_name': 'A 8, Bergkirchen, Landkreis Dachau, Bayern, 85232, Deutschland', 'address': {'road': 'A 8', 'village': 'Bergkirchen', 'county': 'Landkreis Dachau', 'state': 'Bayern', 'postcode': '85232', 'country': 'Deutschland', 'country_code': 'de'}, 'boundingbox': ['48.2305476', '48.2364882', '11.3428447', '11.3530926']}","A 8, Bergkirchen, Landkreis Dachau, Bayern, 85232, Deutschland",A 8,9170605001270240870,1,0,up,[48.23167013 11.35118802],64690.08797066,64690.08797066
82520,9,7,71,122,2017,6,8,1,3,9,7,0,0,1,0,0,0,654304.5134,5360866.6342,11.084037943000055,48.38207997800004,"(48.38207997800004, 11.084037943000055)","{'place_id': 112409051, 'licence': 'Data © OpenStreetMap contributors, ODbL 1.0. https://osm.org/copyright', 'osm_type': 'way', 'osm_id': 42400874, 'lat': '48.382097546520725', 'lon': '11.084049605167735', 'display_name': 'A 8, Burgadelzhausen, Adelzhausen, Dasing, Landkreis Aichach-Friedberg, Bayern, 86453, Deutschland', 'address': {'road': 'A 8', 'village': 'Burgadelzhausen', 'municipality': 'Dasing', 'county': 'Landkreis Aichach-Friedberg', 'state': 'Bayern', 'postcode': '86453', 'country': 'Deutschland', 'country_code': 'de'}, 'boundingbox': ['48.3561686', '48.3880438', '11.0753176', '11.1309595']}","A 8, Burgadelzhausen, Adelzhausen, Dasing, Landkreis Aichach-Friedberg, Bayern, 86453, Deutschland",A 8,9170604007173246350,1,0,down,[48.38101758 11.08567635],37167.605100301196,38497.26642135459
82624,9,7,72,223,2017,6,12,1,3,2,6,0,0,1,0,0,0,618945.6491,5363107.7147,10.607340132000049,48.40989273600008,"(48.40989273600008, 10.607340132000049)","{'place_id': 174879336, 'licence': 'Data © OpenStreetMap contributors, ODbL 1.0. https://osm.org/copyright', 'osm_type': 'way', 'osm_id': 304768088, 'lat': '48.409907975327414', 'lon': '10.607340465658195', 'display_name': 'A 8, Wollbach, Zusmarshausen, Landkreis Augsburg, Bayern, 86441, Deutschland', 'address': {'road': 'A 8', 'village': 'Wollbach', 'county': 'Landkreis Augsburg', 'state': 'Bayern', 'postcode': '86441', 'country': 'Deutschland', 'country_code': 'de'}, 'boundingbox': ['48.4098941', '48.4100096', '10.601268', '10.6079742']}","A 8, Wollbach, Zusmarshausen, Landkreis Augsburg, Bayern, 86441, Deutschland",A 8,9170611007173260610,0,0,down,[48.40994407 10.60569811],73528.28714766672,2151.7087408559373
82958,9,7,72,111,2017,6,13,4,2,2,6,0,0,1,0,0,0,627117.1444,5364095.9483,10.718012911000072,48.41718424200008,"(48.41718424200008, 10.718012911000072)","{'place_id': 172330239, 'licence': 'Data © OpenStreetMap contributors, ODbL 1.0. https://osm.org/copyright', 'osm_type': 'way', 'osm_id': 295617761, 'lat': '48.41716010046549', 'lon': '10.71801114370843', 'display_name': 'A 8, Adelsried, Landkreis Augsburg, Bayern, 86477, Deutschland', 'address': {'road': 'A 8', 'village': 'Adelsried', 'county': 'Landkreis Augsburg', 'state': 'Bayern', 'postcode': '86477', 'country': 'Deutschland', 'country_code': 'de'}, 'boundingbox': ['48.4170752', '48.4187014', '10.6962877', '10.7191709']}","A 8, Adelsried, Landkreis Augsburg, Bayern, 86477, Deutschland",A 8,9170614007173261050,0,0,up,[48.41713904 10.71829512],10589.412618367447,10589.412618367447
82959,9,7,72,223,2017,6,9,4,2,3,6,0,0,1,0,0,1,618506.8092,5363094.3673,10.601408631000028,48.40985537500006,"(48.40985537500006, 10.601408631000028)","{'place_id': 179996451, 'licence': 'Data © OpenStreetMap contributors, ODbL 1.0. https://osm.org/copyright', 'osm_type': 'way', 'osm_id': 327667396, 'lat': '48.40986865232719', 'lon': '10.60140872652034', 'display_name': 'A 8, Wollbach, Zusmarshausen, Landkreis Augsburg, Bayern, 86441, Deutschland', 'address': {'road': 'A 8', 'village': 'Wollbach', 'county': 'Landkreis Augsburg', 'state': 'Bayern', 'postcode': '86441', 'country': 'Deutschland', 'country_code': 'de'}, 'boundingbox': ['48.4097528', '48.4098719', '10.6009573', '10.6099358']}","A 8, Wollbach, Zusmarshausen, Landkreis Augsburg, Bayern, 86441, Deutschland",A 8,9170614007173261040,0,1,up,[48.40986807 10.60153416],1714.145418694694,1714.145418694694
83053,9,1,74,146,2017,6,11,4,3,2,6,0,0,1,0,0,1,665914.31,5351325.196,11.236962211000048,48.293358324000046,"(48.293358324000046, 11.236962211000048)","{'place_id': 108867869, 'licence': 'Data © OpenStreetMap contributors, ODbL 1.0. https://osm.org/copyright', 'osm_type': 'way', 'osm_id': 28802113, 'lat': '48.29339127297911', 'lon': '11.236972001194166', 'display_name': 'A 8, Ziegelstadel, Wiedenzhausen, Sulzemoos, Landkreis Dachau, Bayern, 85259, Deutschland', 'address': {'road': 'A 8', 'hamlet': 'Ziegelstadel', 'village': 'Wiedenzhausen', 'county': 'Landkreis Dachau', 'state': 'Bayern', 'postcode': '85259', 'country': 'Deutschland', 'country_code': 'de'}, 'boundingbox': ['48.287303', '48.2952793', '11.2306553', '11.2558719']}","A 8, Ziegelstadel, Wiedenzhausen, Sulzemoos, Landkreis Dachau, Bayern, 85259, Deutschland",A 8,9170614001270249840,0,1,down,[48.29303163 11.23818262],21941.272520951796,53730.91211675227
83200,9,1,79,142,2017,6,14,5,3,0,6,0,0,1,0,0,0,675156.0041,5344262.6397,11.35853383500006,48.22738183200005,"(48.22738183200005, 11.35853383500006)","{'place_id': 180097007, 'licence': 'Data © OpenStreetMap contributors, ODbL 1.0. https://osm.org/copyright', 'osm_type': 'way', 'osm_id': 327462613, 'lat': '48.22735393637573', 'lon': '11.35851737814571', 'display_name': 'A 8, Graßlfing, Olching, Landkreis Fürstenfeldbruck, Bayern, 82140, Deutschland', 'address': {'road': 'A 8', 'suburb': 'Graßlfing', 'town': 'Olching', 'county': 'Landkreis Fürstenfeldbruck', 'state': 'Bayern', 'postcode': '82140', 'country': 'Deutschland', 'country_code': 'de'}, 'boundingbox': ['48.2199694', '48.2294326', '11.3549891', '11.3710404']}","A 8, Graßlfing, Olching, Landkreis Fürstenfeldbruck, Bayern, 82140, Deutschland",A 8,9170615001270286910,0,0,up,[48.2298097 11.3543494],65477.87089259493,65477.87089259493
83573,9,1,74,135,2017,6,14,7,3,3,6,0,0,1,0,0,0,662790.706,5353696.8415,11.19579501000004,48.31549085200004,"(48.31549085200004, 11.19579501000004)","{'place_id': 119808418, 'licence': 'Data © OpenStreetMap contributors, ODbL 1.0. https://osm.org/copyright', 'osm_type': 'way', 'osm_id': 79797069, 'lat': '48.31558017353546', 'lon': '11.195848026417897', 'display_name': 'A 8, Spindelhafner, Höfa, Odelzhausen, Landkreis Dachau, Bayern, 85235, Deutschland', 'address': {'road': 'A 8', 'hamlet': 'Spindelhafner', 'village': 'Höfa', 'county': 'Landkreis Dachau', 'state': 'Bayern', 'postcode': '85235', 'country': 'Deutschland', 'country_code': 'de'}, 'boundingbox': ['48.314895', '48.3164179', '11.1943966', '11.1970024']}","A 8, Spindelhafner, Höfa, Odelzhausen, Landkreis Dachau, Bayern, 85235, Deutschland",A 8,9170617001270249800,0,0,down,[48.31495881 11.19689456],25897.241592458984,49770.307982256265
83574,9,1,74,113,2017,6,0,7,3,9,7,2,0,1,0,0,0,669349.8071,5349341.791,11.28244901100004,48.27461834700006,"(48.27461834700006, 11.28244901100004)","{'place_id': 169894014, 'licence': 'Data © OpenStreetMap contributors, ODbL 1.0. https://osm.org/copyright', 'osm_type': 'way', 'osm_id': 280421998, 'lat': '48.27459939942612', 'lon': '11.282437134593911', 'display_name': 'A 8, Einsbach, Sulzemoos, Landkreis Dachau, Bayern, 85254, Deutschland', 'address': {'road': 'A 8', 'village': 'Einsbach', 'county': 'Landkreis Dachau', 'state': 'Bayern', 'postcode': '85254', 'country': 'Deutschland', 'country_code': 'de'}, 'boundingbox': ['48.2708684', '48.2776562', '11.2764074', '11.2870058']}","A 8, Einsbach, Sulzemoos, Landkreis Dachau, Bayern, 85254, Deutschland",A 8,9170617001270249790,0,0,up,[48.27497469 11.28183783],57704.19331768672,57704.19331768672
83595,9,7,71,130,2017,6,13,6,3,2,6,0,0,1,0,0,0,646487.3627,5362840.5872,10.979215139000075,48.40169178100008,"(48.401691781000075, 10.979215139000075)","{'place_id': 171593475, 'licence': 'Data © OpenStreetMap contributors, ODbL 1.0. https://osm.org/copyright', 'osm_type': 'way', 'osm_id': 288973413, 'lat': '48.401702734629865', 'lon': '10.979214907346439', 'display_name': 'A 8, Sophienhof, Bitzenhofen, Dasing, Landkreis Aichach-Friedberg, Bayern, 86453, Deutschland', 'address': {'road': 'A 8', 'hamlet': 'Sophienhof', 'village': 'Bitzenhofen', 'municipality': 'Dasing', 'county': 'Landkreis Aichach-Friedberg', 'state': 'Bayern', 'postcode': '86453', 'country': 'Deutschland', 'country_code': 'de'}, 'boundingbox': ['48.3960534', '48.4039031', '10.9564457', '11.0556046']}","A 8, Sophienhof, Bitzenhofen, Dasing, Landkreis Aichach-Friedberg, Bayern, 86453, Deutschland",A 8,9170616007173266150,0,0,down,[48.40170017 10.9790894 ],45578.384898017575,30098.728020251125
83596,9,7,72,147,2017,6,10,6,3,9,1,0,0,1,0,0,0,636793.1786,5364225.0709,10.848760176000042,48.41631894500006,"(48.41631894500006, 10.848760176000042)","{'place_id': 158972608, 'licence': 'Data © OpenStreetMap contributors, ODbL 1.0. https://osm.org/copyright', 'osm_type': 'way', 'osm_id': 230124430, 'lat': '48.416343486040475', 'lon': '10.848762020809948', 'display_name': 'A 8, Hirblingen, Gersthofen, Landkreis Augsburg, Bayern, 86368, Deutschland', 'address': {'road': 'A 8', 'village': 'Hirblingen', 'town': 'Gersthofen', 'county': 'Landkreis Augsburg', 'state': 'Bayern', 'postcode': '86368', 'country': 'Deutschland', 'country_code': 'de'}, 'boundingbox': ['48.4152777', '48.4170922', '10.8397014', '10.8611428']}","A 8, Hirblingen, Gersthofen, Landkreis Augsburg, Bayern, 86368, Deutschland",A 8,9170616007173266140,0,0,down,[48.41642708 10.84764473],55387.03304292514,20287.75496251891
83675,9,1,74,135,2017,6,16,6,2,2,6,0,0,1,0,0,0,663677.4819,5352868.6568,11.207425735000072,48.30781655800007,"(48.30781655800007, 11.207425735000072)","{'place_id': 283577537, 'licence': 'Data © OpenStreetMap contributors, ODbL 1.0. https://osm.org/copyright', 'osm_type': 'node', 'osm_id': 138131, 'lat': '48.3078027', 'lon': '11.2074832', 'display_name': 'Odelzhausen, A 8, Taxa, Odelzhausen, Landkreis Dachau, Bayern, 85235, Deutschland', 'address': {'highway': 'Odelzhausen', 'road': 'A 8', 'village': 'Taxa', 'county': 'Landkreis Dachau', 'state': 'Bayern', 'postcode': '85235', 'country': 'Deutschland', 'country_code': 'de'}, 'boundingbox': ['48.3077527', '48.3078527', '11.2074332', '11.2075332']}","Odelzhausen, A 8, Taxa, Odelzhausen, Landkreis Dachau, Bayern, 85235, Deutschland",A 8,9170616001270249780,0,0,down,[48.30852903 11.20641519],24684.2523523326,50981.90668140872
83890,9,7,72,147,2017,6,15,6,3,9,1,0,0,1,0,0,0,639590.5898,5364072.2516,10.886495232000073,48.41433133900006,"(48.41433133900006, 10.886495232000073)","{'place_id': 107068875, 'licence': 'Data © OpenStreetMap contributors, ODbL 1.0. https://osm.org/copyright', 'osm_type': 'way', 'osm_id': 27394070, 'lat': '48.41434992673727', 'lon': '10.886495661784755', 'display_name': 'A 8, Gersthofen, Landkreis Augsburg, Bayern, 86368, Deutschland', 'address': {'road': 'A 8', 'town': 'Gersthofen', 'county': 'Landkreis Augsburg', 'state': 'Bayern', 'postcode': '86368', 'country': 'Deutschland', 'country_code': 'de'}, 'boundingbox': ['48.4142974', '48.4144025', '10.8841503', '10.8882426']}","A 8, Gersthofen, Landkreis Augsburg, Bayern, 86368, Deutschland",A 8,9170623007173268570,0,0,down,[48.41436292 10.88593579],52589.88663942978,23086.194223407405
84020,9,7,71,129,2017,6,21,4,3,9,1,1,0,1,0,0,0,659868.2569,5356199.1007,11.157354001000044,48.33873247700007,"(48.33873247700007, 11.157354001000044)","{'place_id': 170077890, 'licence': 'Data © OpenStreetMap contributors, ODbL 1.0. https://osm.org/copyright', 'osm_type': 'way', 'osm_id': 280688897, 'lat': '48.33871634904242', 'lon': '11.157341423243619', 'display_name': 'A 8, Eurasburg, Dasing, Landkreis Aichach-Friedberg, Bayern, 85235, Deutschland', 'address': {'road': 'A 8', 'village': 'Eurasburg', 'municipality': 'Dasing', 'county': 'Landkreis Aichach-Friedberg', 'state': 'Bayern', 'postcode': '85235', 'country': 'Deutschland', 'country_code': 'de'}, 'boundingbox': ['48.3166388', '48.340026', '11.1555112', '11.193519']}","A 8, Eurasburg, Dasing, Landkreis Aichach-Friedberg, Bayern, 85235, Deutschland",A 8,9170621001270257320,1,0,up,[48.33856636 11.15753412],45885.018711371566,45885.018711371566
84245,9,1,74,146,2017,6,7,5,3,8,1,0,0,1,0,0,0,667638.4741,5350510.0205,11.259866276000023,48.28557576000002,"(48.28557576000002, 11.259866276000023)","{'place_id': 169604271, 'licence': 'Data © OpenStreetMap contributors, ODbL 1.0. https://osm.org/copyright', 'osm_type': 'way', 'osm_id': 280422003, 'lat': '48.28557029926016', 'lon': '11.259863791870043', 'display_name': 'A 8, Ziegelstadel, Sulzemoos, Landkreis Dachau, Bayern, 85254, Deutschland', 'address': {'road': 'A 8', 'hamlet': 'Ziegelstadel', 'village': 'Sulzemoos', 'county': 'Landkreis Dachau', 'state': 'Bayern', 'postcode': '85254', 'country': 'Deutschland', 'country_code': 'de'}, 'boundingbox': ['48.283379', '48.2871764', '11.2561764', '11.264606']}","A 8, Ziegelstadel, Sulzemoos, Landkreis Dachau, Bayern, 85254, Deutschland",A 8,9170629001270272950,1,0,down,[48.28548885 11.26004246],20034.317474829608,55635.20532272811
84359,9,7,72,147,2017,6,15,1,3,8,7,0,0,1,0,0,0,637077.0443,5364196.4418,10.852585181000052,48.41599982800005,"(48.41599982800005, 10.852585181000052)","{'place_id': 158972608, 'licence': 'Data © OpenStreetMap contributors, ODbL 1.0. https://osm.org/copyright', 'osm_type': 'way', 'osm_id': 230124430, 'lat': '48.41602599742811', 'lon': '10.852587395081674', 'display_name': 'A 8, Hirblingen, Gersthofen, Landkreis Augsburg, Bayern, 86368, Deutschland', 'address': {'road': 'A 8', 'village': 'Hirblingen', 'town': 'Gersthofen', 'county': 'Landkreis Augsburg', 'state': 'Bayern', 'postcode': '86368', 'country': 'Deutschland', 'country_code': 'de'}, 'boundingbox': ['48.4152777', '48.4170922', '10.8397014', '10.8611428']}","A 8, Hirblingen, Gersthofen, Landkreis Augsburg, Bayern, 86368, Deutschland",A 8,9170625007173268770,0,0,down,[48.41620144 10.85050988],55102.39768635573,20572.24436774842
84431,9,7,71,122,2017,6,20,3,3,8,1,0,0,1,0,0,0,654090.2832,5361074.8583,11.081222887000024,48.38400440700008,"(48.38400440700008, 11.081222887000024)","{'place_id': 112409051, 'licence': 'Data © OpenStreetMap contributors, ODbL 1.0. https://osm.org/copyright', 'osm_type': 'way', 'osm_id': 42400874, 'lat': '48.384017217699856', 'lon': '11.081231618148907', 'display_name': 'A 8, Burgadelzhausen, Adelzhausen, Dasing, Landkreis Aichach-Friedberg, Bayern, 86453, Deutschland', 'address': {'road': 'A 8', 'village': 'Burgadelzhausen', 'municipality': 'Dasing', 'county': 'Landkreis Aichach-Friedberg', 'state': 'Bayern', 'postcode': '86453', 'country': 'Deutschland', 'country_code': 'de'}, 'boundingbox': ['48.3561686', '48.3880438', '11.0753176', '11.1309595']}","A 8, Burgadelzhausen, Adelzhausen, Dasing, Landkreis Aichach-Friedberg, Bayern, 86453, Deutschland",A 8,9170627007173290990,1,0,down,[48.38539548 11.07921698],37466.00453068305,38198.72884591156
84432,9,7,61,0,2017,6,19,3,3,9,1,0,0,1,0,0,0,639889.2369,5364048.1735,10.890520982000057,48.414048611000055,"(48.414048611000055, 10.890520982000057)","{'place_id': 107051918, 'licence': 'Data © OpenStreetMap contributors, ODbL 1.0. https://osm.org/copyright', 'osm_type': 'way', 'osm_id': 27394068, 'lat': '48.41402153973704', 'lon': '10.890519242420694', 'display_name': 'A 8, Firnhaberau, Augsburg, Bayern, 86169, Deutschland', 'address': {'road': 'A 8', 'suburb': 'Firnhaberau', 'city': 'Augsburg', 'state': 'Bayern', 'postcode': '86169', 'country': 'Deutschland', 'country_code': 'de'}, 'boundingbox': ['48.4118564', '48.4140709', '10.8897511', '10.907569']}","A 8, Firnhaberau, Augsburg, Bayern, 86169, Deutschland",A 8,9170627007173270950,1,0,up,[48.41394637 10.89168496],23384.403016487504,23384.403016487504
84433,9,7,72,223,2017,6,5,3,3,9,1,2,0,1,0,0,0,623826.6486,5364221.0022,10.673598145000028,48.418964088000045,"(48.418964088000045, 10.673598145000028)","{'place_id': 190915435, 'licence': 'Data © OpenStreetMap contributors, ODbL 1.0. https://osm.org/copyright', 'osm_type': 'way', 'osm_id': 383249717, 'lat': '48.41897805884284', 'lon': '10.673594270585905', 'display_name': 'A 8, Streitheim, Zusmarshausen, Landkreis Augsburg, Bayern, 86441, Deutschland', 'address': {'road': 'A 8', 'village': 'Streitheim', 'county': 'Landkreis Augsburg', 'state': 'Bayern', 'postcode': '86441', 'country': 'Deutschland', 'country_code': 'de'}, 'boundingbox': ['48.4124994', '48.420022', '10.6545948', '10.6794187']}","A 8, Streitheim, Zusmarshausen, Landkreis Augsburg, Bayern, 86441, Deutschland",A 8,9170627007173270220,1,0,down,[48.41916879 10.6742821 ],68403.40138838998,7282.1529275262155
84434,9,7,71,122,2017,6,20,3,3,2,6,0,0,1,0,0,0,649876.1813,5362416.1996,11.024821127000052,48.39707962900008,"(48.39707962900008, 11.024821127000052)","{'place_id': 179625445, 'licence': 'Data © OpenStreetMap contributors, ODbL 1.0. https://osm.org/copyright', 'osm_type': 'way', 'osm_id': 327495113, 'lat': '48.39704927247364', 'lon': '11.024812968253148', 'display_name': 'A 8, Sophienhof, Bitzenhofen, Dasing, Landkreis Aichach-Friedberg, Bayern, 86453, Deutschland', 'address': {'road': 'A 8', 'hamlet': 'Sophienhof', 'village': 'Bitzenhofen', 'municipality': 'Dasing', 'county': 'Landkreis Aichach-Friedberg', 'state': 'Bayern', 'postcode': '86453', 'country': 'Deutschland', 'country_code': 'de'}, 'boundingbox': ['48.3959071', '48.4010591', '10.9924061', '11.0555759']}","A 8, Sophienhof, Bitzenhofen, Dasing, Landkreis Aichach-Friedberg, Bayern, 86453, Deutschland",A 8,9170627007173268980,1,0,up,[48.39719355 11.02427609],33526.81147234461,33526.81147234461
84622,9,7,71,122,2017,6,16,2,3,2,6,0,0,1,0,0,0,653823.6691,5361332.8455,11.077718770000049,48.38638894900004,"(48.38638894900004, 11.077718770000049)","{'place_id': 112409051, 'licence': 'Data © OpenStreetMap contributors, ODbL 1.0. https://osm.org/copyright', 'osm_type': 'way', 'osm_id': 42400874, 'lat': '48.386403858984785', 'lon': '11.077728929287654', 'display_name': 'A 8, Burgadelzhausen, Adelzhausen, Dasing, Landkreis Aichach-Friedberg, Bayern, 86453, Deutschland', 'address': {'road': 'A 8', 'village': 'Burgadelzhausen', 'municipality': 'Dasing', 'county': 'Landkreis Aichach-Friedberg', 'state': 'Bayern', 'postcode': '86453', 'country': 'Deutschland', 'country_code': 'de'}, 'boundingbox': ['48.3561686', '48.3880438', '11.0753176', '11.1309595']}","A 8, Burgadelzhausen, Adelzhausen, Dasing, Landkreis Aichach-Friedberg, Bayern, 86453, Deutschland",A 8,9170626007173264850,0,0,down,[48.38654643 11.07751981],37836.6047933594,37828.20501109498
84909,9,1,74,135,2017,6,16,6,3,2,6,0,0,1,0,0,0,663402.0089,5353136.1141,11.203817021000075,48.310292232000045,"(48.310292232000045, 11.203817021000075)","{'place_id': 163441191, 'licence': 'Data © OpenStreetMap contributors, ODbL 1.0. https://osm.org/copyright', 'osm_type': 'way', 'osm_id': 251505086, 'lat': '48.31030391949251', 'lon': '11.203824985286605', 'display_name': 'A 8, Taxa, Odelzhausen, Landkreis Dachau, Bayern, 85235, Deutschland', 'address': {'road': 'A 8', 'village': 'Taxa', 'county': 'Landkreis Dachau', 'state': 'Bayern', 'postcode': '85235', 'country': 'Deutschland', 'country_code': 'de'}, 'boundingbox': ['48.3092977', '48.3107187', '11.2032163', '11.2053016']}","A 8, Taxa, Odelzhausen, Landkreis Dachau, Bayern, 85235, Deutschland",A 8,9170630001270286280,0,0,down,[48.3097163  11.20468794],25067.779037356533,50598.468860163644
85124,9,7,72,111,2017,7,14,7,3,2,6,0,0,1,0,0,0,627361.0402,5364075.232,10.721301373000074,48.416948698000056,"(48.416948698000056, 10.721301373000074)","{'place_id': 289212, 'licence': 'Data © OpenStreetMap contributors, ODbL 1.0. https://osm.org/copyright', 'osm_type': 'node', 'osm_id': 106212589, 'lat': '48.4169264', 'lon': '10.7212829', 'display_name': 'Adelsried, A 8, Adelsried, Landkreis Augsburg, Bayern, 86477, Deutschland', 'address': {'highway': 'Adelsried', 'road': 'A 8', 'village': 'Adelsried', 'county': 'Landkreis Augsburg', 'state': 'Bayern', 'postcode': '86477', 'country': 'Deutschland', 'country_code': 'de'}, 'boundingbox': ['48.4168764', '48.4169764', '10.7212329', '10.7213329']}","Adelsried, A 8, Adelsried, Landkreis Augsburg, Bayern, 86477, Deutschland",A 8,9170701007173306030,0,0,up,[48.41683786 10.7228706 ],10833.652996940697,10833.652996940697
85252,9,7,72,223,2017,6,11,6,3,3,6,0,0,1,0,0,1,616898.9307,5362890.5429,10.579632880000077,48.40832265400008,"(48.40832265400008, 10.579632880000077)","{'place_id': 161862030, 'licence': 'Data © OpenStreetMap contributors, ODbL 1.0. https://osm.org/copyright', 'osm_type': 'way', 'osm_id': 246271668, 'lat': '48.40833587336613', 'lon': '10.5796299741172', 'display_name': 'A 8, Friedensdorf, Wollbach, Zusmarshausen, Landkreis Augsburg, Bayern, 86441, Deutschland', 'address': {'road': 'A 8', 'hamlet': 'Friedensdorf', 'village': 'Wollbach', 'county': 'Landkreis Augsburg', 'state': 'Bayern', 'postcode': '86441', 'country': 'Deutschland', 'country_code': 'de'}, 'boundingbox': ['48.407462', '48.4099617', '10.5760621', '10.592436']}","A 8, Friedensdorf, Wollbach, Zusmarshausen, Landkreis Augsburg, Bayern, 86441, Deutschland",A 8,9170630007173273590,0,1,down,[48.40923876 10.59786451],74443.75350169219,1416.0552172590271
85485,9,1,74,146,2017,7,6,2,3,2,6,0,0,1,0,0,0,665032.442,5351725.3601,11.225238044000037,48.29718635300002,"(48.29718635300002, 11.225238044000037)","{'place_id': 207325858, 'licence': 'Data © OpenStreetMap contributors, ODbL 1.0. https://osm.org/copyright', 'osm_type': 'way', 'osm_id': 477921133, 'lat': '48.29719824023885', 'lon': '11.225243002412467', 'display_name': 'A 8, Lukka, Taxa, Odelzhausen, Landkreis Dachau, Bayern, 85259, Deutschland', 'address': {'road': 'A 8', 'hamlet': 'Lukka', 'village': 'Taxa', 'county': 'Landkreis Dachau', 'state': 'Bayern', 'postcode': '85259', 'country': 'Deutschland', 'country_code': 'de'}, 'boundingbox': ['48.295503', '48.306587', '11.2092555', '11.2299598']}","A 8, Lukka, Taxa, Odelzhausen, Landkreis Dachau, Bayern, 85259, Deutschland",A 8,9170710001270311580,0,0,down,[48.29767571 11.22409859],22908.275896603165,52761.66699165647
85514,9,1,74,146,2017,7,17,6,3,2,6,0,0,1,0,0,0,667732.1185,5350433.8975,11.26109741600004,48.28486662900008,"(48.28486662900008, 11.26109741600004)","{'place_id': 148630884, 'licence': 'Data © OpenStreetMap contributors, ODbL 1.0. https://osm.org/copyright', 'osm_type': 'way', 'osm_id': 197697279, 'lat': '48.28484757902266', 'lon': '11.261088457170251', 'display_name': 'A 8, Haidhof, Einsbach, Sulzemoos, Landkreis Dachau, Bayern, 85254, Deutschland', 'address': {'road': 'A 8', 'hamlet': 'Haidhof', 'village': 'Einsbach', 'county': 'Landkreis Dachau', 'state': 'Bayern', 'postcode': '85254', 'country': 'Deutschland', 'country_code': 'de'}, 'boundingbox': ['48.2809649', '48.287056', '11.2560819', '11.2693599']}","A 8, Haidhof, Einsbach, Sulzemoos, Landkreis Dachau, Bayern, 85254, Deutschland",A 8,9170707001270311510,0,0,up,[48.28396362 11.26296779],55754.860065626504,55754.860065626504