OBJECTID,ULAND,UREGBEZ,UKREIS,UGEMEINDE,UJAHR,UMONAT,USTUNDE,UWOCHENTAG,UKATEGORIE,UART,UTYP1,ULICHTVERH,IstRad,IstPKW,IstFuss,IstKrad,IstGkfz,LINREFX,LINREFY,XGCSWGS84,YGCSWGS84,coord,location_dict,address,road,UIDENTSTLAE,STRZUSTAND,IstSonstige,lane,coord_interp,dist_interp,dist_interp_up
85550,9,7,72,147,2017,7,17,1,3,8,1,0,0,1,0,0,0,629875.4596,5364207.1784,10.755308511000068,48.417621936000046,"(48.417621936000046, 10.755308511000068)","{'place_id': 172400300, 'licence': 'Data © OpenStreetMap contributors, ODbL 1.0. https://osm.org/copyright', 'osm_type': 'way', 'osm_id': 295617776, 'lat': '48.417608134685864', 'lon': '10.755309056527837', 'display_name': 'A 8, Rettenbergen, Gersthofen, Landkreis Augsburg, Bayern, 86368, Deutschland', 'address': {'road': 'A 8', 'village': 'Rettenbergen', 'town': 'Gersthofen', 'county': 'Landkreis Augsburg', 'state': 'Bayern', 'postcode': '86368', 'country': 'Deutschland', 'country_code': 'de'}, 'boundingbox': ['48.417199', '48.418131', '10.7449092', '10.7667927']}","A 8, Rettenbergen, Gersthofen, Landkreis Augsburg, Bayern, 86368, Deutschland",A 8,9170709007173325400,1,0,up,[48.41752502 10.75321124],13348.330996501398,13348.330996501398
85552,9,7,72,223,2017,7,17,1,3,3,1,0,0,1,0,0,0,616492.2565,5362720.146,10.574092428000029,48.40686554800004,"(48.40686554800004, 10.574092428000029)","{'place_id': 143669431, 'licence': 'Data © OpenStreetMap contributors, ODbL 1.0. https://osm.org/copyright', 'osm_type': 'way', 'osm_id': 180119699, 'lat': '48.40685348212012', 'lon': '10.574094761611471', 'display_name': 'A 8, Vallried, Wollbach, Zusmarshausen, Jettingen-Scheppach, Landkreis Augsburg, Bayern, 86441, Deutschland', 'address': {'road': 'A 8', 'hamlet': 'Vallried', 'village': 'Wollbach', 'municipality': 'Jettingen-Scheppach', 'county': 'Landkreis Augsburg', 'state': 'Bayern', 'postcode': '86441', 'country': 'Deutschland', 'country_code': 'de'}, 'boundingbox': ['48.399835', '48.407249', '10.5221641', '10.575949']}","A 8, Vallried, Wollbach, Zusmarshausen, Jettingen-Scheppach, Landkreis Augsburg, Bayern, 86441, Deutschland",A 8,9170709007173325390,1,0,up,[48.40128103 10.59638083],449.828927070121,449.828927070121
85556,9,7,72,111,2017,7,9,1,3,8,1,0,0,1,0,0,0,627639.1152,5364059.5869,10.725053062000027,48.416751740000045,"(48.416751740000045, 10.725053062000027)","{'place_id': 157161824, 'licence': 'Data © OpenStreetMap contributors, ODbL 1.0. https://osm.org/copyright', 'osm_type': 'way', 'osm_id': 227628061, 'lat': '48.41674112922929', 'lon': '10.725052738469662', 'display_name': 'A 8, Adelsried, Landkreis Augsburg, Bayern, 86477, Deutschland', 'address': {'road': 'A 8', 'village': 'Adelsried', 'county': 'Landkreis Augsburg', 'state': 'Bayern', 'postcode': '86477', 'country': 'Deutschland', 'country_code': 'de'}, 'boundingbox': ['48.4166978', '48.4167736', '10.7239878', '10.7264738']}","A 8, Adelsried, Landkreis Augsburg, Bayern, 86477, Deutschland",A 8,9170709007173325370,1,0,up,[48.41673054 10.72540965],11111.569149045956,11111.569149045956
85703,9,1,74,135,2017,7,14,1,3,2,6,0,0,1,0,0,1,662388.2604,5353993.2652,11.190484898000022,48.31825920700004,"(48.31825920700004, 11.190484898000022)","{'place_id': 170077890, 'licence': 'Data © OpenStreetMap contributors, ODbL 1.0. https://osm.org/copyright', 'osm_type': 'way', 'osm_id': 280688897, 'lat': '48.31822732434848', 'lon': '11.190469359154058', 'display_name': 'A 8, Eurasburg, Dasing, Landkreis Aichach-Friedberg, Bayern, 85235, Deutschland', 'address': {'road': 'A 8', 'village': 'Eurasburg', 'municipality': 'Dasing', 'county': 'Landkreis Aichach-Friedberg', 'state': 'Bayern', 'postcode': '85235', 'country': 'Deutschland', 'country_code': 'de'}, 'boundingbox': ['48.3166388', '48.340026', '11.1555112', '11.193519']}","A 8, Eurasburg, Dasing, Landkreis Aichach-Friedberg, Bayern, 85235, Deutschland",A 8,9170709001270311560,0,1,up,[48.31910821 11.18866313],49272.04136921647,49272.04136921647
85704,9,1,74,113,2017,7,8,1,2,9,1,0,0,1,0,0,1,670759.6118,5347528.5777,11.300702035000027,48.25793988600003,"(48.25793988600003, 11.300702035000027)","{'place_id': 163653495, 'licence': 'Data © OpenStreetMap contributors, ODbL 1.0. https://osm.org/copyright', 'osm_type': 'way', 'osm_id': 251505089, 'lat': '48.25791105582648', 'lon': '11.300679018179169', 'display_name': 'A 8, Palsweis, Bergkirchen, Landkreis Dachau, Bayern, 85232, Deutschland', 'address': {'road': 'A 8', 'village': 'Palsweis', 'county': 'Landkreis Dachau', 'state': 'Bayern', 'postcode': '85232', 'country': 'Deutschland', 'country_code': 'de'}, 'boundingbox': ['48.2563245', '48.2581997', '11.3003286', '11.3029315']}","A 8, Palsweis, Bergkirchen, Landkreis Dachau, Bayern, 85232, Deutschland",A 8,9170709001270311550,1,1,up,[48.25777563 11.30084899],60001.73241877041,60001.73241877041
85956,9,1,79,142,2017,7,3,5,3,2,6,2,0,1,0,0,0,675540.4543,5343944.1325,11.363574113000029,48.22441244500004,"(48.22441244500004, 11.363574113000029)","{'place_id': 180097007, 'licence': 'Data © OpenStreetMap contributors, ODbL 1.0. https://osm.org/copyright', 'osm_type': 'way', 'osm_id': 327462613, 'lat': '48.22438186155605', 'lon': '11.363556082195563', 'display_name': 'A 8, Graßlfing, Olching, Landkreis Fürstenfeldbruck, Bayern, 82140, Deutschland', 'address': {'road': 'A 8', 'suburb': 'Graßlfing', 'town': 'Olching', 'county': 'Landkreis Fürstenfeldbruck', 'state': 'Bayern', 'postcode': '82140', 'country': 'Deutschland', 'country_code': 'de'}, 'boundingbox': ['48.2199694', '48.2294326', '11.3549891', '11.3710404']}","A 8, Graßlfing, Olching, Landkreis Fürstenfeldbruck, Bayern, 82140, Deutschland",A 8,9170713001270429870,0,0,up,[48.22846677 11.35663171],65976.43210833038,65976.43210833038
85957,9,1,74,113,2017,7,17,5,2,0,6,0,0,1,0,0,0,671751.4864,5346772.2798,11.313747686000056,48.25087312000005,"(48.25087312000005, 11.313747686000056)","{'place_id': 179804010, 'licence': 'Data © OpenStreetMap contributors, ODbL 1.0. https://osm.org/copyright', 'osm_type': 'way', 'osm_id': 327464677, 'lat': '48.250841603375434', 'lon': '11.313732299435962', 'display_name': 'A 8, Palsweis, Bergkirchen, Landkreis Dachau, Bayern, 85232, Deutschland', 'address': {'road': 'A 8', 'village': 'Palsweis', 'county': 'Landkreis Dachau', 'state': 'Bayern', 'postcode': '85232', 'country': 'Deutschland', 'country_code': 'de'}, 'boundingbox': ['48.2375667', '48.2544385', '11.3063647', '11.3408042']}","A 8, Palsweis, Bergkirchen, Landkreis Dachau, Bayern, 85232, Deutschland",A 8,9170713001270315620,0,0,up,[48.25088794 11.31363816],61251.64448078599,61251.64448078599
86071,9,1,74,135,2017,7,20,4,3,3,1,0,0,1,0,0,1,664194.8014,5352367.9205,11.21420230800004,48.30318087500007,"(48.30318087500007, 11.21420230800004)","{'place_id': 207325858, 'licence': 'Data © OpenStreetMap contributors, ODbL 1.0. https://osm.org/copyright', 'osm_type': 'way', 'osm_id': 477921133, 'lat': '48.30319898141775', 'lon': '11.214214355438884', 'display_name': 'A 8, Lukka, Taxa, Odelzhausen, Landkreis Dachau, Bayern, 85259, Deutschland', 'address': {'road': 'A 8', 'hamlet': 'Lukka', 'village': 'Taxa', 'county': 'Landkreis Dachau', 'state': 'Bayern', 'postcode': '85259', 'country': 'Deutschland', 'country_code': 'de'}, 'boundingbox': ['48.295503', '48.306587', '11.2092555', '11.2299598']}","A 8, Lukka, Taxa, Odelzhausen, Landkreis Dachau, Bayern, 85259, Deutschland",A 8,9170712001270314410,1,1,down,[48.30236896 11.2154619 ],23965.096468548687,51701.3320075551
86174,9,1,74,113,2017,7,8,3,2,3,6,0,0,1,0,1,0,674032.5301,5345186.453,11.343798481000022,48.23599548200008,"(48.23599548200008, 11.343798481000022)","{'place_id': 164049005, 'licence': 'Data © OpenStreetMap contributors, ODbL 1.0. https://osm.org/copyright', 'osm_type': 'way', 'osm_id': 251505090, 'lat': '48.2359689969223', 'lon': '11.343783838718101', 'display_name': 'A 8, Bergkirchen, Landkreis Dachau, Bayern, 85232, Deutschland', 'address': {'road': 'A 8', 'village': 'Bergkirchen', 'county': 'Landkreis Dachau', 'state': 'Bayern', 'postcode': '85232', 'country': 'Deutschland', 'country_code': 'de'}, 'boundingbox': ['48.2305476', '48.2364882', '11.3428447', '11.3530926']}","A 8, Bergkirchen, Landkreis Dachau, Bayern, 85232, Deutschland",A 8,9170711001270314380,0,0,up,[48.23604987 11.34363787],64025.405527038434,64025.405527038434
86312,9,7,72,111,2017,7,21,6,3,2,6,1,0,1,0,0,0,628071.9815,5364063.4267,10.730901685000047,48.41669843300008,"(48.41669843300008, 10.730901685000047)","{'place_id': 179548866, 'licence': 'Data © OpenStreetMap contributors, ODbL 1.0. https://osm.org/copyright', 'osm_type': 'way', 'osm_id': 327667397, 'lat': '48.41668961620103', 'lon': '10.730901747413009', 'display_name': 'A 8, Adelsried, Landkreis Augsburg, Bayern, 86477, Deutschland', 'address': {'road': 'A 8', 'village': 'Adelsried', 'county': 'Landkreis Augsburg', 'state': 'Bayern', 'postcode': '86477', 'country': 'Deutschland', 'country_code': 'de'}, 'boundingbox': ['48.4166728', '48.4168325', '10.7264738', '10.7355252']}","A 8, Adelsried, Landkreis Augsburg, Bayern, 86477, Deutschland",A 8,9170714007173335890,0,0,up,[48.41667726 10.72913118],11543.534733650782,11543.534733650782
86433,9,7,71,130,2017,7,17,5,3,2,6,0,0,1,0,0,1,648832.0008,5362694.357,11.010821958000063,48.399827877000064,"(48.399827877000064, 11.010821958000063)","{'place_id': 179625445, 'licence': 'Data © OpenStreetMap contributors, ODbL 1.0. https://osm.org/copyright', 'osm_type': 'way', 'osm_id': 327495113, 'lat': '48.39980830464421', 'lon': '11.010820645773524', 'display_name': 'A 8, Sophienhof, Bitzenhofen, Dasing, Landkreis Aichach-Friedberg, Bayern, 86453, Deutschland', 'address': {'road': 'A 8', 'hamlet': 'Sophienhof', 'village': 'Bitzenhofen', 'municipality': 'Dasing', 'county': 'Landkreis Aichach-Friedberg', 'state': 'Bayern', 'postcode': '86453', 'country': 'Deutschland', 'country_code': 'de'}, 'boundingbox': ['48.3959071', '48.4010591', '10.9924061', '11.0555759']}","A 8, Sophienhof, Bitzenhofen, Dasing, Landkreis Aichach-Friedberg, Bayern, 86453, Deutschland",A 8,9170713007173333640,0,1,up,[48.39979094 11.01107406],32441.98397123565,32441.98397123565
86565,9,1,74,146,2017,7,17,4,3,3,6,0,0,1,0,0,1,665297.1007,5351586.4224,11.228749411000024,48.29586823600005,"(48.29586823600005, 11.228749411000024)","{'place_id': 207325858, 'licence': 'Data © OpenStreetMap contributors, ODbL 1.0. https://osm.org/copyright', 'osm_type': 'way', 'osm_id': 477921133, 'lat': '48.295894830185915', 'lon': '11.228758082258192', 'display_name': 'A 8, Lukka, Taxa, Odelzhausen, Landkreis Dachau, Bayern, 85259, Deutschland', 'address': {'road': 'A 8', 'hamlet': 'Lukka', 'village': 'Taxa', 'county': 'Landkreis Dachau', 'state': 'Bayern', 'postcode': '85259', 'country': 'Deutschland', 'country_code': 'de'}, 'boundingbox': ['48.295503', '48.306587', '11.2092555', '11.2299598']}","A 8, Lukka, Taxa, Odelzhausen, Landkreis Dachau, Bayern, 85259, Deutschland",A 8,9170719001270326470,0,1,down,[48.29551135 11.22993436],22610.041335759164,53061.605250409004
86597,9,7,61,0,2017,7,4,3,3,2,6,2,0,0,0,0,1,640189.5308,5364036.735,10.894573149000053,48.41387902600008,"(48.41387902600008, 10.894573149000053)","{'place_id': 169297776, 'licence': 'Data © OpenStreetMap contributors, ODbL 1.0. https://osm.org/copyright', 'osm_type': 'way', 'osm_id': 280726822, 'lat': '48.413880965796125', 'lon': '10.89457333180248', 'display_name': 'A 8, Firnhaberau, Augsburg, Bayern, 86169, Deutschland', 'address': {'road': 'A 8', 'suburb': 'Firnhaberau', 'city': 'Augsburg', 'state': 'Bayern', 'postcode': '86169', 'country': 'Deutschland', 'country_code': 'de'}, 'boundingbox': ['48.4126072', '48.4142339', '10.8897666', '10.9039443']}","A 8, Firnhaberau, Augsburg, Bayern, 86169, Deutschland",A 8,9170718007173345280,0,1,down,[48.41387716 10.89461246],51990.959469547124,23683.41729931428
86671,9,1,74,146,2017,7,7,3,3,2,6,0,0,0,0,0,1,664704.4352,5351934.8866,11.22090051300006,48.29915544800008,"(48.29915544800008, 11.22090051300006)","{'place_id': 207325858, 'licence': 'Data © OpenStreetMap contributors, ODbL 1.0. https://osm.org/copyright', 'osm_type': 'way', 'osm_id': 477921133, 'lat': '48.29917873912248', 'lon': '11.220912166033871', 'display_name': 'A 8, Lukka, Taxa, Odelzhausen, Landkreis Dachau, Bayern, 85259, Deutschland', 'address': {'road': 'A 8', 'hamlet': 'Lukka', 'village': 'Taxa', 'county': 'Landkreis Dachau', 'state': 'Bayern', 'postcode': '85259', 'country': 'Deutschland', 'country_code': 'de'}, 'boundingbox': ['48.295503', '48.306587', '11.2092555', '11.2299598']}","A 8, Lukka, Taxa, Odelzhausen, Landkreis Dachau, Bayern, 85259, Deutschland",A 8,9170718001270327270,0,1,down,[48.299192   11.22088551],23296.86870737276,52371.874776535915
86777,9,1,74,113,2017,7,10,2,3,8,1,0,0,0,0,0,1,670185.6379,5348286.6548,11.293280096000046,48.264909085000056,"(48.264909085000056, 11.293280096000046)","{'place_id': 134244450, 'licence': 'Data © OpenStreetMap contributors, ODbL 1.0. https://osm.org/copyright', 'osm_type': 'way', 'osm_id': 143578410, 'lat': '48.2648941570577', 'lon': '11.293265847988064', 'display_name': 'A 8, Hopfenau, Lauterbach, Bergkirchen, Landkreis Dachau, Bayern, 85232, Deutschland', 'address': {'road': 'A 8', 'hamlet': 'Hopfenau', 'village': 'Lauterbach', 'county': 'Landkreis Dachau', 'state': 'Bayern', 'postcode': '85232', 'country': 'Deutschland', 'country_code': 'de'}, 'boundingbox': ['48.2599717', '48.270607', '11.2872774', '11.2984073']}","A 8, Hopfenau, Lauterbach, Bergkirchen, Landkreis Dachau, Bayern, 85232, Deutschland",A 8,9170717001270327260,0,1,up,[48.26597423 11.29213407],59051.08542694284,59051.08542694284
86778,9,1,74,146,2017,7,6,2,3,8,7,0,0,1,0,0,0,666837.098,5350941.342,11.249242263000042,48.289664963000064,"(48.289664963000064, 11.249242263000042)","{'place_id': 108867869, 'licence': 'Data © OpenStreetMap contributors, ODbL 1.0. https://osm.org/copyright', 'osm_type': 'way', 'osm_id': 28802113, 'lat': '48.28970227399892', 'lon': '11.24925484358797', 'display_name': 'A 8, Ziegelstadel, Wiedenzhausen, Sulzemoos, Landkreis Dachau, Bayern, 85259, Deutschland', 'address': {'road': 'A 8', 'hamlet': 'Ziegelstadel', 'village': 'Wiedenzhausen', 'county': 'Landkreis Dachau', 'state': 'Bayern', 'postcode': '85259', 'country': 'Deutschland', 'country_code': 'de'}, 'boundingbox': ['48.287303', '48.2952793', '11.2306553', '11.2558719']}","A 8, Ziegelstadel, Wiedenzhausen, Sulzemoos, Landkreis Dachau, Bayern, 85259, Deutschland",A 8,9170717001270327250,0,0,down,[48.28915917 11.2508647 ],20943.733242442144,54727.846103082666
86852,9,7,71,130,2017,7,18,7,3,8,1,0,0,1,0,0,0,644009.7867,5363217.455,10.945889752000028,48.40565115600003,"(48.40565115600003, 10.945889752000028)","{'place_id': 170078922, 'licence': 'Data © OpenStreetMap contributors, ODbL 1.0. https://osm.org/copyright', 'osm_type': 'way', 'osm_id': 280694756, 'lat': '48.40565640381551', 'lon': '10.945890589230181', 'display_name': 'A 8, Dickelsmoor, Friedberg, Landkreis Aichach-Friedberg, Bayern, 86169, Deutschland', 'address': {'road': 'A 8', 'hamlet': 'Dickelsmoor', 'town': 'Friedberg', 'county': 'Landkreis Aichach-Friedberg', 'state': 'Bayern', 'postcode': '86169', 'country': 'Deutschland', 'country_code': 'de'}, 'boundingbox': ['48.4052755', '48.4085066', '10.9287196', '10.9482169']}","A 8, Dickelsmoor, Friedberg, Landkreis Aichach-Friedberg, Bayern, 86169, Deutschland",A 8,9170722007173345290,0,0,down,[48.40563747 10.94601131],48092.198634823355,27580.317490113168
86853,9,7,72,111,2017,7,10,7,3,8,1,0,0,1,0,0,0,625615.0341,5364223.7932,10.697759218000044,48.41863515900008,"(48.41863515900008, 10.697759218000044)","{'place_id': 172330239, 'licence': 'Data © OpenStreetMap contributors, ODbL 1.0. https://osm.org/copyright', 'osm_type': 'way', 'osm_id': 295617761, 'lat': '48.41859045645687', 'lon': '10.697756258101565', 'display_name': 'A 8, Adelsried, Landkreis Augsburg, Bayern, 86477, Deutschland', 'address': {'road': 'A 8', 'village': 'Adelsried', 'county': 'Landkreis Augsburg', 'state': 'Bayern', 'postcode': '86477', 'country': 'Deutschland', 'country_code': 'de'}, 'boundingbox': ['48.4170752', '48.4187014', '10.6962877', '10.7191709']}","A 8, Adelsried, Landkreis Augsburg, Bayern, 86477, Deutschland",A 8,9170722007173338650,0,0,up,[48.41856522 10.69814042],9085.593363671149,9085.593363671149
86854,9,7,72,223,2017,7,12,7,3,3,6,0,0,1,0,0,0,621338.3775,5363189.4391,10.639683620000028,48.41017154000008,"(48.41017154000008, 10.639683620000028)","{'place_id': 189169469, 'licence': 'Data © OpenStreetMap contributors, ODbL 1.0. https://osm.org/copyright', 'osm_type': 'way', 'osm_id': 376197235, 'lat': '48.41016250868127', 'lon': '10.639684945747272', 'display_name': 'A 8, Zusmarshausen, Landkreis Augsburg, Bayern, 86441, Deutschland', 'address': {'road': 'A 8', 'village': 'Zusmarshausen', 'county': 'Landkreis Augsburg', 'state': 'Bayern', 'postcode': '86441', 'country': 'Deutschland', 'country_code': 'de'}, 'boundingbox': ['48.4101342', '48.4106328', '10.6394921', '10.6429444']}","A 8, Zusmarshausen, Landkreis Augsburg, Bayern, 86441, Deutschland",A 8,9170722007173338640,0,0,up,[48.40995491 10.63829451],4557.685119483448,4557.685119483448
87292,9,7,71,129,2017,7,7,5,3,3,6,0,0,1,0,0,0,660179.1054,5355796.6557,11.161392659000056,48.33503567000008,"(48.33503567000008, 11.161392659000056)","{'place_id': 101890269, 'licence': 'Data © OpenStreetMap contributors, ODbL 1.0. https://osm.org/copyright', 'osm_type': 'way', 'osm_id': 14778570, 'lat': '48.33507729637671', 'lon': '11.161435473038967', 'display_name': 'A 8, Eurasburg, Dasing, Landkreis Aichach-Friedberg, Bayern, 85235, Deutschland', 'address': {'road': 'A 8', 'village': 'Eurasburg', 'municipality': 'Dasing', 'county': 'Landkreis Aichach-Friedberg', 'state': 'Bayern', 'postcode': '85235', 'country': 'Deutschland', 'country_code': 'de'}, 'boundingbox': ['48.3167717', '48.3399562', '11.1559195', '11.1937689']}","A 8, Eurasburg, Dasing, Landkreis Aichach-Friedberg, Bayern, 85235, Deutschland",A 8,9170727001270336690,0,0,down,[48.33320406 11.16321974],29269.236877987474,46392.8284498463
87554,9,7,71,129,2017,7,19,3,3,8,7,0,0,1,0,0,0,660387.3272,5355477.691,11.16407883200003,48.33211528800008,"(48.332115288000075, 11.16407883200003)","{'place_id': 170077890, 'licence': 'Data © OpenStreetMap contributors, ODbL 1.0. https://osm.org/copyright', 'osm_type': 'way', 'osm_id': 280688897, 'lat': '48.332082540989234', 'lon': '11.164051019083193', 'display_name': 'A 8, Eurasburg, Dasing, Landkreis Aichach-Friedberg, Bayern, 85235, Deutschland', 'address': {'road': 'A 8', 'village': 'Eurasburg', 'municipality': 'Dasing', 'county': 'Landkreis Aichach-Friedberg', 'state': 'Bayern', 'postcode': '85235', 'country': 'Deutschland', 'country_code': 'de'}, 'boundingbox': ['48.3166388', '48.340026', '11.1555112', '11.193519']}","A 8, Eurasburg, Dasing, Landkreis Aichach-Friedberg, Bayern, 85235, Deutschland",A 8,9170725001270332050,1,0,up,[48.33182409 11.16435527],46774.141200966355,46774.141200966355
87735,9,7,71,111,2017,7,13,2,3,2,6,0,0,1,0,0,1,657894.7258,5357989.0336,11.131412521000073,48.35532096800006,"(48.35532096800006, 11.131412521000073)","{'place_id': 113208559, 'licence': 'Data © OpenStreetMap contributors, ODbL 1.0. https://osm.org/copyright', 'osm_type': 'way', 'osm_id': 42400873, 'lat': '48.355312458056694', 'lon': '11.13140212635992', 'display_name': 'A 8, Burgadelzhausen, Adelzhausen, Dasing, Landkreis Aichach-Friedberg, Bayern, 86559, Deutschland', 'address': {'road': 'A 8', 'village': 'Burgadelzhausen', 'municipality': 'Dasing', 'county': 'Landkreis Aichach-Friedberg', 'state': 'Bayern', 'postcode': '86559', 'country': 'Deutschland', 'country_code': 'de'}, 'boundingbox': ['48.3524329', '48.3557477', '11.1310458', '11.1338122']}","A 8, Burgadelzhausen, Adelzhausen, Dasing, Landkreis Aichach-Friedberg, Bayern, 86559, Deutschland",A 8,9170731007173348640,0,1,up,[48.35656712 11.1303571 ],43187.89254179332,43187.89254179332
87795,9,7,72,223,2017,7,18,2,3,3,6,0,0,1,0,0,1,621286.9023,5363191.3028,10.638988854000049,48.41019820900004,"(48.41019820900004, 10.638988854000049)","{'place_id': 174992697, 'licence': 'Data © OpenStreetMap contributors, ODbL 1.0. https://osm.org/copyright', 'osm_type': 'way', 'osm_id': 304768086, 'lat': '48.41020407342342', 'lon': '10.63898800600401', 'display_name': 'A 8, Zusmarshausen, Landkreis Augsburg, Bayern, 86441, Deutschland', 'address': {'road': 'A 8', 'village': 'Zusmarshausen', 'county': 'Landkreis Augsburg', 'state': 'Bayern', 'postcode': '86441', 'country': 'Deutschland', 'country_code': 'de'}, 'boundingbox': ['48.4099857', '48.4108492', '10.6374298', '10.643382']}","A 8, Zusmarshausen, Landkreis Augsburg, Bayern, 86441, Deutschland",A 8,9170731007173354820,0,1,down,[48.41027304 10.63946304],71174.84970478072,4508.295855756789
88163,9,7,72,147,2017,8,22,6,2,2,6,2,0,0,0,0,1,629874.8669,5364221.1736,10.755304838000027,48.41774790700004,"(48.41774790700004, 10.755304838000027)","{'place_id': 173525292, 'licence': 'Data © OpenStreetMap contributors, ODbL 1.0. https://osm.org/copyright', 'osm_type': 'way', 'osm_id': 299305749, 'lat': '48.41776341830756', 'lon': '10.755304241778457', 'display_name': 'A 8, Gersthofen, Landkreis Augsburg, Bayern, 86368, Deutschland', 'address': {'road': 'A 8', 'town': 'Gersthofen', 'county': 'Landkreis Augsburg', 'state': 'Bayern', 'postcode': '86368', 'country': 'Deutschland', 'country_code': 'de'}, 'boundingbox': ['48.4171819', '48.4177718', '10.7406659', '10.7555223']}","A 8, Gersthofen, Landkreis Augsburg, Bayern, 86368, Deutschland",A 8,9170804007173379700,0,1,down,[48.41786045 10.75781054],62329.06290985161,13348.893190178242
88187,9,7,71,122,2017,8,18,5,3,2,6,0,0,1,0,0,1,652071.3294,5362413.4927,11.054456819000052,48.39652970700007,"(48.39652970700007, 11.054456819000052)","{'place_id': 171593475, 'licence': 'Data © OpenStreetMap contributors, ODbL 1.0. https://osm.org/copyright', 'osm_type': 'way', 'osm_id': 288973413, 'lat': '48.396535074233725', 'lon': '11.054457277569684', 'display_name': 'A 8, Sophienhof, Bitzenhofen, Dasing, Landkreis Aichach-Friedberg, Bayern, 86453, Deutschland', 'address': {'road': 'A 8', 'hamlet': 'Sophienhof', 'village': 'Bitzenhofen', 'municipality': 'Dasing', 'county': 'Landkreis Aichach-Friedberg', 'state': 'Bayern', 'postcode': '86453', 'country': 'Deutschland', 'country_code': 'de'}, 'boundingbox': ['48.3960534', '48.4039031', '10.9564457', '11.0556046']}","A 8, Sophienhof, Bitzenhofen, Dasing, Landkreis Aichach-Friedberg, Bayern, 86453, Deutschland",A 8,9170803007173392070,0,1,down,[48.39655416 11.05423218],39942.45787652391,35733.42018289616
88188,9,7,71,122,2017,8,21,5,3,2,6,1,0,1,0,0,0,651024.6632,5362339.7723,11.04029938900004,48.39611845300004,"(48.39611845300004, 11.04029938900004)","{'place_id': 179625445, 'licence': 'Data © OpenStreetMap contributors, ODbL 1.0. https://osm.org/copyright', 'osm_type': 'way', 'osm_id': 327495113, 'lat': '48.39610798738263', 'lon': '11.04029984296037', 'display_name': 'A 8, Sophienhof, Bitzenhofen, Dasing, Landkreis Aichach-Friedberg, Bayern, 86453, Deutschland', 'address': {'road': 'A 8', 'hamlet': 'Sophienhof', 'village': 'Bitzenhofen', 'municipality': 'Dasing', 'county': 'Landkreis Aichach-Friedberg', 'state': 'Bayern', 'postcode': '86453', 'country': 'Deutschland', 'country_code': 'de'}, 'boundingbox': ['48.3959071', '48.4010591', '10.9924061', '11.0555759']}","A 8, Sophienhof, Bitzenhofen, Dasing, Landkreis Aichach-Friedberg, Bayern, 86453, Deutschland",A 8,9170803007173380090,0,0,up,[48.39590199 11.03477983],34687.74081789521,34687.74081789521
88283,9,1,74,135,2017,8,16,5,3,8,1,0,0,1,0,0,0,662911.8994,5353592.4626,11.19738815900007,48.31452126900008,"(48.314521269000075, 11.19738815900007)","{'place_id': 118956027, 'licence': 'Data © OpenStreetMap contributors, ODbL 1.0. https://osm.org/copyright', 'osm_type': 'way', 'osm_id': 79797068, 'lat': '48.31461871002873', 'lon': '11.197448507619587', 'display_name': 'A 8, Spindelhafner, Höfa, Odelzhausen, Landkreis Dachau, Bayern, 85235, Deutschland', 'address': {'road': 'A 8', 'hamlet': 'Spindelhafner', 'village': 'Höfa', 'county': 'Landkreis Dachau', 'state': 'Bayern', 'postcode': '85235', 'country': 'Deutschland', 'country_code': 'de'}, 'boundingbox': ['48.3145561', '48.314895', '11.1970024', '11.1975496']}","A 8, Spindelhafner, Höfa, Odelzhausen, Landkreis Dachau, Bayern, 85235, Deutschland",A 8,9170803001270387060,0,0,down,[48.31432159 11.19792483],25737.219619647632,49930.13875783943
88284,9,1,74,135,2017,8,16,5,2,2,6,0,0,1,0,0,1,661183.7632,5354799.2774,11.17455754100007,48.32581360700004,"(48.32581360700004, 11.17455754100007)","{'place_id': 101890269, 'licence': 'Data © OpenStreetMap contributors, ODbL 1.0. https://osm.org/copyright', 'osm_type': 'way', 'osm_id': 14778570, 'lat': '48.32587994502193', 'lon': '11.174590122337957', 'display_name': 'A 8, Eurasburg, Dasing, Landkreis Aichach-Friedberg, Bayern, 85235, Deutschland', 'address': {'road': 'A 8', 'village': 'Eurasburg', 'municipality': 'Dasing', 'county': 'Landkreis Aichach-Friedberg', 'state': 'Bayern', 'postcode': '85235', 'country': 'Deutschland', 'country_code': 'de'}, 'boundingbox': ['48.3167717', '48.3399562', '11.1559195', '11.1937689']}","A 8, Eurasburg, Dasing, Landkreis Aichach-Friedberg, Bayern, 85235, Deutschland",A 8,9170803001270387050,1,1,down,[48.32674424 11.17282943],27844.765910233786,47824.46984758526