OBJECTID,ULAND,UREGBEZ,UKREIS,UGEMEINDE,UJAHR,UMONAT,USTUNDE,UWOCHENTAG,UKATEGORIE,UART,UTYP1,ULICHTVERH,IstRad,IstPKW,IstFuss,IstKrad,IstGkfz,LINREFX,LINREFY,XGCSWGS84,YGCSWGS84,coord,location_dict,address,road,UIDENTSTLAE,STRZUSTAND,IstSonstige,lane,coord_interp,dist_interp,dist_interp_up
92024,9,7,61,0,2017,9,20,2,3,3,6,2,0,1,0,0,0,641119.2261,5363844.9175,10.907065656000045,48.41194678000005,"(48.41194678000005, 10.907065656000045)","{'place_id': 107051918, 'licence': 'Data © OpenStreetMap contributors, ODbL 1.0. https://osm.org/copyright', 'osm_type': 'way', 'osm_id': 27394068, 'lat': '48.411939646524225', 'lon': '10.907064478968662', 'display_name': 'A 8, Firnhaberau, Augsburg, Bayern, 86169, Deutschland', 'address': {'road': 'A 8', 'suburb': 'Firnhaberau', 'city': 'Augsburg', 'state': 'Bayern', 'postcode': '86169', 'country': 'Deutschland', 'country_code': 'de'}, 'boundingbox': ['48.4118564', '48.4140709', '10.8897511', '10.907569']}","A 8, Firnhaberau, Augsburg, Bayern, 86169, Deutschland",A 8,9170918007173459420,0,0,up,[48.41165502 10.90886051],24629.485117401528,24629.485117401528
92163,9,1,74,146,2017,9,11,6,3,9,1,0,0,1,0,0,1,665517.0421,5351489.4219,11.231674588000033,48.29493872300003,"(48.29493872300003, 11.231674588000033)","{'place_id': 108867869, 'licence': 'Data © OpenStreetMap contributors, ODbL 1.0. https://osm.org/copyright', 'osm_type': 'way', 'osm_id': 28802113, 'lat': '48.29495775624472', 'lon': '11.231680557254018', 'display_name': 'A 8, Ziegelstadel, Wiedenzhausen, Sulzemoos, Landkreis Dachau, Bayern, 85259, Deutschland', 'address': {'road': 'A 8', 'hamlet': 'Ziegelstadel', 'village': 'Wiedenzhausen', 'county': 'Landkreis Dachau', 'state': 'Bayern', 'postcode': '85259', 'country': 'Deutschland', 'country_code': 'de'}, 'boundingbox': ['48.287303', '48.2952793', '11.2306553', '11.2558719']}","A 8, Ziegelstadel, Wiedenzhausen, Sulzemoos, Landkreis Dachau, Bayern, 85259, Deutschland",A 8,9170922001270452750,0,1,down,[48.29511899 11.23116618],22370.194651414437,53301.89482304511
92220,9,7,72,147,2017,9,16,5,3,2,6,0,0,1,0,0,1,639680.2559,5364070.2798,10.887705683000036,48.41429374000006,"(48.41429374000006, 10.887705683000036)","{'place_id': 107068875, 'licence': 'Data © OpenStreetMap contributors, ODbL 1.0. https://osm.org/copyright', 'osm_type': 'way', 'osm_id': 27394070, 'lat': '48.414316289235465', 'lon': '10.887706477478503', 'display_name': 'A 8, Gersthofen, Landkreis Augsburg, Bayern, 86368, Deutschland', 'address': {'road': 'A 8', 'town': 'Gersthofen', 'county': 'Landkreis Augsburg', 'state': 'Bayern', 'postcode': '86368', 'country': 'Deutschland', 'country_code': 'de'}, 'boundingbox': ['48.4142974', '48.4144025', '10.8841503', '10.8882426']}","A 8, Gersthofen, Landkreis Augsburg, Bayern, 86368, Deutschland",A 8,9170921007173460450,0,1,down,[48.41431376 10.88777648],52500.37812354141,23175.411080641
92221,9,7,72,223,2017,9,16,5,3,2,6,0,0,0,0,0,1,615366.5937,5362282.818,10.55876766800003,48.40313960800007,"(48.40313960800007, 10.55876766800003)","{'place_id': 143669431, 'licence': 'Data © OpenStreetMap contributors, ODbL 1.0. https://osm.org/copyright', 'osm_type': 'way', 'osm_id': 180119699, 'lat': '48.403044583159875', 'lon': '10.558814604595032', 'display_name': 'A 8, Vallried, Wollbach, Zusmarshausen, Jettingen-Scheppach, Landkreis Augsburg, Bayern, 86441, Deutschland', 'address': {'road': 'A 8', 'hamlet': 'Vallried', 'village': 'Wollbach', 'municipality': 'Jettingen-Scheppach', 'county': 'Landkreis Augsburg', 'state': 'Bayern', 'postcode': '86441', 'country': 'Deutschland', 'country_code': 'de'}, 'boundingbox': ['48.399835', '48.407249', '10.5221641', '10.575949']}","A 8, Vallried, Wollbach, Zusmarshausen, Jettingen-Scheppach, Landkreis Augsburg, Bayern, 86441, Deutschland",A 8,9170921007173460440,0,1,,,,
92222,9,7,72,223,2017,9,12,5,3,3,6,0,0,0,0,0,1,615654.046,5362461.92,10.56269941100004,48.40469763500005,"(48.40469763500005, 10.56269941100004)","{'place_id': 143669431, 'licence': 'Data © OpenStreetMap contributors, ODbL 1.0. https://osm.org/copyright', 'osm_type': 'way', 'osm_id': 180119699, 'lat': '48.40464314599715', 'lon': '10.562717454443314', 'display_name': 'A 8, Vallried, Wollbach, Zusmarshausen, Jettingen-Scheppach, Landkreis Augsburg, Bayern, 86441, Deutschland', 'address': {'road': 'A 8', 'hamlet': 'Vallried', 'village': 'Wollbach', 'municipality': 'Jettingen-Scheppach', 'county': 'Landkreis Augsburg', 'state': 'Bayern', 'postcode': '86441', 'country': 'Deutschland', 'country_code': 'de'}, 'boundingbox': ['48.399835', '48.407249', '10.5221641', '10.575949']}","A 8, Vallried, Wollbach, Zusmarshausen, Jettingen-Scheppach, Landkreis Augsburg, Bayern, 86441, Deutschland",A 8,9170921007173460430,0,1,,,,
92223,9,7,72,223,2017,9,18,5,3,2,6,0,0,1,0,0,0,620345.426,5363137.4303,10.626256283000032,48.40989422500007,"(48.40989422500007, 10.626256283000032)","{'place_id': 170982864, 'licence': 'Data © OpenStreetMap contributors, ODbL 1.0. https://osm.org/copyright', 'osm_type': 'way', 'osm_id': 289187276, 'lat': '48.40986521175893', 'lon': '10.626253103631706', 'display_name': 'A 8, Zusmarshausen, Landkreis Augsburg, Bayern, 86441, Deutschland', 'address': {'road': 'A 8', 'village': 'Zusmarshausen', 'county': 'Landkreis Augsburg', 'state': 'Bayern', 'postcode': '86441', 'country': 'Deutschland', 'country_code': 'de'}, 'boundingbox': ['48.4094857', '48.4103677', '10.612932', '10.6338294']}","A 8, Zusmarshausen, Landkreis Augsburg, Bayern, 86441, Deutschland",A 8,9170921007173459430,0,0,up,[48.40975298 10.62728173],3556.311681029496,3556.311681029496
92261,9,1,74,146,2017,9,14,3,3,2,6,0,0,1,0,0,0,667058.6998,5350825.2496,11.252181514000029,48.28856286800004,"(48.28856286800004, 11.252181514000029)","{'place_id': 207155179, 'licence': 'Data © OpenStreetMap contributors, ODbL 1.0. https://osm.org/copyright', 'osm_type': 'way', 'osm_id': 477921131, 'lat': '48.28854310811088', 'lon': '11.25217435914343', 'display_name': 'A 8, Ziegelstadel, Wiedenzhausen, Sulzemoos, Landkreis Dachau, Bayern, 85254, Deutschland', 'address': {'road': 'A 8', 'hamlet': 'Ziegelstadel', 'village': 'Wiedenzhausen', 'county': 'Landkreis Dachau', 'state': 'Bayern', 'postcode': '85254', 'country': 'Deutschland', 'country_code': 'de'}, 'boundingbox': ['48.28718', '48.2919587', '11.2411804', '11.2557664']}","A 8, Ziegelstadel, Wiedenzhausen, Sulzemoos, Landkreis Dachau, Bayern, 85254, Deutschland",A 8,9170919001270451190,0,0,up,[48.28850329 11.25228453],54977.16178537204,54977.16178537204
92340,9,1,74,113,2017,9,23,5,2,3,6,2,0,1,0,0,0,672823.0566,5346037.8723,11.327871207000044,48.24397998400008,"(48.24397998400008, 11.327871207000044)","{'place_id': 179804010, 'licence': 'Data © OpenStreetMap contributors, ODbL 1.0. https://osm.org/copyright', 'osm_type': 'way', 'osm_id': 327464677, 'lat': '48.2439492097591', 'lon': '11.327856196140145', 'display_name': 'A 8, Palsweis, Bergkirchen, Landkreis Dachau, Bayern, 85232, Deutschland', 'address': {'road': 'A 8', 'village': 'Palsweis', 'county': 'Landkreis Dachau', 'state': 'Bayern', 'postcode': '85232', 'country': 'Deutschland', 'country_code': 'de'}, 'boundingbox': ['48.2375667', '48.2544385', '11.3063647', '11.3408042']}","A 8, Palsweis, Bergkirchen, Landkreis Dachau, Bayern, 85232, Deutschland",A 8,9170921001270451210,0,0,up,[48.24320177 11.3293883 ],62548.617153275765,62548.617153275765
92350,9,7,72,223,2017,9,22,1,2,8,1,2,0,1,0,0,0,620423.0875,5363125.3948,10.627301847000068,48.40977115600003,"(48.40977115600003, 10.627301847000068)","{'place_id': 170982864, 'licence': 'Data © OpenStreetMap contributors, ODbL 1.0. https://osm.org/copyright', 'osm_type': 'way', 'osm_id': 289187276, 'lat': '48.40975053457477', 'lon': '10.62729958723504', 'display_name': 'A 8, Zusmarshausen, Landkreis Augsburg, Bayern, 86441, Deutschland', 'address': {'road': 'A 8', 'village': 'Zusmarshausen', 'county': 'Landkreis Augsburg', 'state': 'Bayern', 'postcode': '86441', 'country': 'Deutschland', 'country_code': 'de'}, 'boundingbox': ['48.4094857', '48.4103677', '10.612932', '10.6338294']}","A 8, Zusmarshausen, Landkreis Augsburg, Bayern, 86441, Deutschland",A 8,9170917007173451660,1,0,up,[48.40986769 10.62623409],3634.706117268798,3634.706117268798
92383,9,7,72,223,2017,9,16,4,3,8,1,0,0,1,0,0,0,620492.5287,5363116.2921,10.628237212000045,48.40967602400008,"(48.40967602400008, 10.628237212000045)","{'place_id': 170982864, 'licence': 'Data © OpenStreetMap contributors, ODbL 1.0. https://osm.org/copyright', 'osm_type': 'way', 'osm_id': 289187276, 'lat': '48.40965760423817', 'lon': '10.628235543722795', 'display_name': 'A 8, Zusmarshausen, Landkreis Augsburg, Bayern, 86441, Deutschland', 'address': {'road': 'A 8', 'village': 'Zusmarshausen', 'county': 'Landkreis Augsburg', 'state': 'Bayern', 'postcode': '86441', 'country': 'Deutschland', 'country_code': 'de'}, 'boundingbox': ['48.4094857', '48.4103677', '10.612932', '10.6338294']}","A 8, Zusmarshausen, Landkreis Augsburg, Bayern, 86441, Deutschland",A 8,9170920007173451700,1,0,up,[48.40964494 10.6283775 ],3704.635902251368,3704.635902251368
92391,9,7,71,130,2017,9,8,1,2,8,1,0,0,1,0,0,0,646189.4318,5362808.695,10.975181130000069,48.40147418800007,"(48.40147418800007, 10.975181130000069)","{'place_id': 169711243, 'licence': 'Data © OpenStreetMap contributors, ODbL 1.0. https://osm.org/copyright', 'osm_type': 'way', 'osm_id': 280694759, 'lat': '48.40146444281879', 'lon': '10.975181312964713', 'display_name': 'A 8, Derching, Friedberg, Landkreis Aichach-Friedberg, Bayern, 86316, Deutschland', 'address': {'road': 'A 8', 'village': 'Derching', 'town': 'Friedberg', 'county': 'Landkreis Aichach-Friedberg', 'state': 'Bayern', 'postcode': '86316', 'country': 'Deutschland', 'country_code': 'de'}, 'boundingbox': ['48.401446', '48.4037486', '10.9564506', '10.981465']}","A 8, Derching, Friedberg, Landkreis Aichach-Friedberg, Bayern, 86316, Deutschland",A 8,9170917007173451650,1,0,up,[48.40148668 10.97638045],29800.158248540625,29800.158248540625
92479,9,7,71,122,2017,9,16,3,3,8,7,0,0,1,0,0,0,651571.0959,5362404.9115,11.047700153000052,48.39657299700008,"(48.39657299700008, 11.047700153000052)","{'place_id': 171593475, 'licence': 'Data © OpenStreetMap contributors, ODbL 1.0. https://osm.org/copyright', 'osm_type': 'way', 'osm_id': 288973413, 'lat': '48.39657541079347', 'lon': '11.047700055072182', 'display_name': 'A 8, Sophienhof, Bitzenhofen, Dasing, Landkreis Aichach-Friedberg, Bayern, 86453, Deutschland', 'address': {'road': 'A 8', 'hamlet': 'Sophienhof', 'village': 'Bitzenhofen', 'municipality': 'Dasing', 'county': 'Landkreis Aichach-Friedberg', 'state': 'Bayern', 'postcode': '86453', 'country': 'Deutschland', 'country_code': 'de'}, 'boundingbox': ['48.3960534', '48.4039031', '10.9564457', '11.0556046']}","A 8, Sophienhof, Bitzenhofen, Dasing, Landkreis Aichach-Friedberg, Bayern, 86453, Deutschland",A 8,9170919007173463940,0,0,down,[48.39664164 11.0490841 ],40442.57929118222,35236.491836127876
92496,9,1,74,113,2017,9,7,3,3,2,6,0,0,1,0,0,0,670574.2577,5347765.4985,11.298302299000056,48.26011961700004,"(48.26011961700004, 11.298302299000056)","{'place_id': 134244450, 'licence': 'Data © OpenStreetMap contributors, ODbL 1.0. https://osm.org/copyright', 'osm_type': 'way', 'osm_id': 143578410, 'lat': '48.26009522013662', 'lon': '11.298278840258307', 'display_name': 'A 8, Hopfenau, Lauterbach, Bergkirchen, Landkreis Dachau, Bayern, 85232, Deutschland', 'address': {'road': 'A 8', 'hamlet': 'Hopfenau', 'village': 'Lauterbach', 'county': 'Landkreis Dachau', 'state': 'Bayern', 'postcode': '85232', 'country': 'Deutschland', 'country_code': 'de'}, 'boundingbox': ['48.2599717', '48.270607', '11.2872774', '11.2984073']}","A 8, Hopfenau, Lauterbach, Bergkirchen, Landkreis Dachau, Bayern, 85232, Deutschland",A 8,9170919001270448330,0,0,up,[48.25871756 11.29973517],59700.77413572164,59700.77413572164
92706,9,1,74,113,2017,9,13,1,3,2,6,0,0,1,0,0,0,672246.0078,5346433.3123,11.320266040000035,48.247691804000056,"(48.247691804000056, 11.320266040000035)","{'place_id': 179804010, 'licence': 'Data © OpenStreetMap contributors, ODbL 1.0. https://osm.org/copyright', 'osm_type': 'way', 'osm_id': 327464677, 'lat': '48.247659500019964', 'lon': '11.320250269045328', 'display_name': 'A 8, Palsweis, Bergkirchen, Landkreis Dachau, Bayern, 85232, Deutschland', 'address': {'road': 'A 8', 'village': 'Palsweis', 'county': 'Landkreis Dachau', 'state': 'Bayern', 'postcode': '85232', 'country': 'Deutschland', 'country_code': 'de'}, 'boundingbox': ['48.2375667', '48.2544385', '11.3063647', '11.3408042']}","A 8, Palsweis, Bergkirchen, Landkreis Dachau, Bayern, 85232, Deutschland",A 8,9170924001270452780,0,0,up,[48.25407011 11.30712055],61850.21174317563,61850.21174317563
92772,9,7,71,122,2017,9,19,3,3,3,6,1,0,1,0,0,0,653960.6829,5361200.0074,11.07951949300002,48.38516122200008,"(48.38516122200008, 11.07951949300002)","{'place_id': 112409051, 'licence': 'Data © OpenStreetMap contributors, ODbL 1.0. https://osm.org/copyright', 'osm_type': 'way', 'osm_id': 42400874, 'lat': '48.38517970489672', 'lon': '11.079532137984259', 'display_name': 'A 8, Burgadelzhausen, Adelzhausen, Dasing, Landkreis Aichach-Friedberg, Bayern, 86453, Deutschland', 'address': {'road': 'A 8', 'village': 'Burgadelzhausen', 'municipality': 'Dasing', 'county': 'Landkreis Aichach-Friedberg', 'state': 'Bayern', 'postcode': '86453', 'country': 'Deutschland', 'country_code': 'de'}, 'boundingbox': ['48.3561686', '48.3880438', '11.0753176', '11.1309595']}","A 8, Burgadelzhausen, Adelzhausen, Dasing, Landkreis Aichach-Friedberg, Bayern, 86453, Deutschland",A 8,9170926007173460470,0,0,down,[48.38626156 11.07793569],37645.98216092103,38018.680959187484
92773,9,7,61,0,2017,9,17,3,3,3,6,0,0,1,0,0,1,640326.6012,5364019.434,10.896418727000023,48.413692954000055,"(48.413692954000055, 10.896418727000023)","{'place_id': 169297776, 'licence': 'Data © OpenStreetMap contributors, ODbL 1.0. https://osm.org/copyright', 'osm_type': 'way', 'osm_id': 280726822, 'lat': '48.41369354871018', 'lon': '10.896418791074954', 'display_name': 'A 8, Firnhaberau, Augsburg, Bayern, 86169, Deutschland', 'address': {'road': 'A 8', 'suburb': 'Firnhaberau', 'city': 'Augsburg', 'state': 'Bayern', 'postcode': '86169', 'country': 'Deutschland', 'country_code': 'de'}, 'boundingbox': ['48.4126072', '48.4142339', '10.8897666', '10.9039443']}","A 8, Firnhaberau, Augsburg, Bayern, 86169, Deutschland",A 8,9170926007173460460,0,1,down,[48.41375724 10.89582708],51853.13598417062,23820.754162852252
93105,9,1,79,142,2017,10,9,5,3,2,6,0,0,1,0,0,0,675926.0443,5343624.7876,11.36862879000006,48.22143499800006,"(48.22143499800006, 11.36862879000006)","{'place_id': 180097007, 'licence': 'Data © OpenStreetMap contributors, ODbL 1.0. https://osm.org/copyright', 'osm_type': 'way', 'osm_id': 327462613, 'lat': '48.22140249021925', 'lon': '11.36860962468172', 'display_name': 'A 8, Graßlfing, Olching, Landkreis Fürstenfeldbruck, Bayern, 82140, Deutschland', 'address': {'road': 'A 8', 'suburb': 'Graßlfing', 'town': 'Olching', 'county': 'Landkreis Fürstenfeldbruck', 'state': 'Bayern', 'postcode': '82140', 'country': 'Deutschland', 'country_code': 'de'}, 'boundingbox': ['48.2199694', '48.2294326', '11.3549891', '11.3710404']}","A 8, Graßlfing, Olching, Landkreis Fürstenfeldbruck, Bayern, 82140, Deutschland",A 8,9171005001270492530,0,0,up,[48.22367675 11.36475217],66476.40646291405,66476.40646291405
93248,9,7,61,0,2017,9,12,6,3,2,6,0,0,1,0,0,0,640178.423,5364023.9089,10.89441883400002,48.41376617000003,"(48.41376617000003, 10.89441883400002)","{'place_id': 107051918, 'licence': 'Data © OpenStreetMap contributors, ODbL 1.0. https://osm.org/copyright', 'osm_type': 'way', 'osm_id': 27394068, 'lat': '48.4137358197111', 'lon': '10.894416146552556', 'display_name': 'A 8, Firnhaberau, Augsburg, Bayern, 86169, Deutschland', 'address': {'road': 'A 8', 'suburb': 'Firnhaberau', 'city': 'Augsburg', 'state': 'Bayern', 'postcode': '86169', 'country': 'Deutschland', 'country_code': 'de'}, 'boundingbox': ['48.4118564', '48.4140709', '10.8897511', '10.907569']}","A 8, Firnhaberau, Augsburg, Bayern, 86169, Deutschland",A 8,9170929007173463950,0,0,up,[48.41371601 10.89463824],23673.78678800884,23673.78678800884
93289,9,1,74,146,2017,10,10,4,3,2,6,0,0,1,0,0,0,665960.2543,5351306.3711,11.237573773000063,48.29317704400006,"(48.29317704400006, 11.237573773000063)","{'place_id': 108867869, 'licence': 'Data © OpenStreetMap contributors, ODbL 1.0. https://osm.org/copyright', 'osm_type': 'way', 'osm_id': 28802113, 'lat': '48.2932095936314', 'lon': '11.23758344453521', 'display_name': 'A 8, Ziegelstadel, Wiedenzhausen, Sulzemoos, Landkreis Dachau, Bayern, 85259, Deutschland', 'address': {'road': 'A 8', 'hamlet': 'Ziegelstadel', 'village': 'Wiedenzhausen', 'county': 'Landkreis Dachau', 'state': 'Bayern', 'postcode': '85259', 'country': 'Deutschland', 'country_code': 'de'}, 'boundingbox': ['48.287303', '48.2952793', '11.2306553', '11.2558719']}","A 8, Ziegelstadel, Wiedenzhausen, Sulzemoos, Landkreis Dachau, Bayern, 85259, Deutschland",A 8,9171004001270492060,0,0,down,[48.29321332 11.23757133],21891.72794916295,53780.45546199875
93290,9,1,74,146,2017,10,6,4,3,2,6,1,0,1,0,0,1,666745.579,5350979.7035,11.248024565000035,48.29003394200004,"(48.29003394200004, 11.248024565000035)","{'place_id': 108867869, 'licence': 'Data © OpenStreetMap contributors, ODbL 1.0. https://osm.org/copyright', 'osm_type': 'way', 'osm_id': 28802113, 'lat': '48.29008378148138', 'lon': '11.248039746299723', 'display_name': 'A 8, Ziegelstadel, Wiedenzhausen, Sulzemoos, Landkreis Dachau, Bayern, 85259, Deutschland', 'address': {'road': 'A 8', 'hamlet': 'Ziegelstadel', 'village': 'Wiedenzhausen', 'county': 'Landkreis Dachau', 'state': 'Bayern', 'postcode': '85259', 'country': 'Deutschland', 'country_code': 'de'}, 'boundingbox': ['48.287303', '48.2952793', '11.2306553', '11.2558719']}","A 8, Ziegelstadel, Wiedenzhausen, Sulzemoos, Landkreis Dachau, Bayern, 85259, Deutschland",A 8,9171004001270492050,0,1,down,[48.29058019 11.24640957],21042.941090429787,54629.242529820345
93323,9,7,61,0,2017,10,0,3,3,8,1,2,0,1,0,0,0,641971.1527,5363790.2893,10.91855329300006,48.41126424800007,"(48.41126424800007, 10.91855329300006)","{'place_id': 108127770, 'licence': 'Data © OpenStreetMap contributors, ODbL 1.0. https://osm.org/copyright', 'osm_type': 'way', 'osm_id': 27126888, 'lat': '48.41021906590495', 'lon': '10.918379857487523', 'display_name': 'A 8, Hammerschmiede, Augsburg, Bayern, 86169, Deutschland', 'address': {'road': 'A 8', 'suburb': 'Hammerschmiede', 'city': 'Augsburg', 'state': 'Bayern', 'postcode': '86169', 'country': 'Deutschland', 'country_code': 'de'}, 'boundingbox': ['48.4088208', '48.4104754', '10.9168351', '10.9268308']}","A 8, Hammerschmiede, Augsburg, Bayern, 86169, Deutschland",A 8,9171003007173492600,1,0,down,[48.41023389 10.9182884 ],50201.75692522897,25470.44922732268
93324,9,7,61,0,2017,10,1,3,3,9,1,2,0,1,0,0,0,642222.4753,5363652.3293,10.921900839000044,48.40996711800005,"(48.40996711800005, 10.921900839000044)","{'place_id': 108127770, 'licence': 'Data © OpenStreetMap contributors, ODbL 1.0. https://osm.org/copyright', 'osm_type': 'way', 'osm_id': 27126888, 'lat': '48.40964650032741', 'lon': '10.921848060711254', 'display_name': 'A 8, Hammerschmiede, Augsburg, Bayern, 86169, Deutschland', 'address': {'road': 'A 8', 'suburb': 'Hammerschmiede', 'city': 'Augsburg', 'state': 'Bayern', 'postcode': '86169', 'country': 'Deutschland', 'country_code': 'de'}, 'boundingbox': ['48.4088208', '48.4104754', '10.9168351', '10.9268308']}","A 8, Hammerschmiede, Augsburg, Bayern, 86169, Deutschland",A 8,9171003007173491500,1,0,down,[48.40987415 10.920464  ],49926.92543187187,25745.60956036433
93390,9,1,74,146,2017,10,21,3,3,3,6,2,0,1,0,0,0,668870.0533,5349700.5223,11.276131644000031,48.277971327000046,"(48.277971327000046, 11.276131644000031)","{'place_id': 135294201, 'licence': 'Data © OpenStreetMap contributors, ODbL 1.0. https://osm.org/copyright', 'osm_type': 'way', 'osm_id': 143575534, 'lat': '48.277974175005944', 'lon': '11.276132971819798', 'display_name': 'A 8, Haidhof, Einsbach, Sulzemoos, Landkreis Dachau, Bayern, 85254, Deutschland', 'address': {'road': 'A 8', 'hamlet': 'Haidhof', 'village': 'Einsbach', 'county': 'Landkreis Dachau', 'state': 'Bayern', 'postcode': '85254', 'country': 'Deutschland', 'country_code': 'de'}, 'boundingbox': ['48.2709261', '48.2802015', '11.2713689', '11.2871833']}","A 8, Haidhof, Einsbach, Sulzemoos, Landkreis Dachau, Bayern, 85254, Deutschland",A 8,9171003001270492040,0,0,down,[48.27894567 11.27406623],18562.958781267393,57106.09783844012
93449,9,7,71,111,2017,9,21,7,3,8,1,2,0,1,0,0,0,658139.6096,5357591.9995,11.134566643000028,48.35169020300003,"(48.35169020300003, 11.134566643000028)","{'place_id': 169893131, 'licence': 'Data © OpenStreetMap contributors, ODbL 1.0. https://osm.org/copyright', 'osm_type': 'way', 'osm_id': 280690991, 'lat': '48.351667798016464', 'lon': '11.134543192559754', 'display_name': 'A 8, Burgadelzhausen, Adelzhausen, Dasing, Landkreis Aichach-Friedberg, Bayern, 86559, Deutschland', 'address': {'road': 'A 8', 'village': 'Burgadelzhausen', 'municipality': 'Dasing', 'county': 'Landkreis Aichach-Friedberg', 'state': 'Bayern', 'postcode': '86559', 'country': 'Deutschland', 'country_code': 'de'}, 'boundingbox': ['48.3505353', '48.3524329', '11.1338122', '11.1358104']}","A 8, Burgadelzhausen, Adelzhausen, Dasing, Landkreis Aichach-Friedberg, Bayern, 86559, Deutschland",A 8,9170930007173469800,1,0,up,[48.35233024 11.13391021],43654.48141358636,43654.48141358636
94109,9,7,72,223,2017,10,8,2,3,9,1,0,0,1,0,0,0,618142.6318,5363067.0618,10.596481724000055,48.40967819000008,"(48.40967819000008, 10.596481724000055)","{'place_id': 797134, 'licence': 'Data © OpenStreetMap contributors, ODbL 1.0. https://osm.org/copyright', 'osm_type': 'node', 'osm_id': 279939204, 'lat': '48.4099226', 'lon': '10.5955377', 'display_name': 'Zusmarshausen, A 8, Friedensdorf, Wollbach, Zusmarshausen, Landkreis Augsburg, Bayern, 86441, Deutschland', 'address': {'highway': 'Zusmarshausen', 'road': 'A 8', 'hamlet': 'Friedensdorf', 'village': 'Wollbach', 'county': 'Landkreis Augsburg', 'state': 'Bayern', 'postcode': '86441', 'country': 'Deutschland', 'country_code': 'de'}, 'boundingbox': ['48.4098726', '48.4099726', '10.5954877', '10.5955877']}","Zusmarshausen, A 8, Friedensdorf, Wollbach, Zusmarshausen, Landkreis Augsburg, Bayern, 86441, Deutschland",A 8,9171009007173503230,1,0,down,[48.41041379 10.59731811],74257.45133813802,1425.3150111099292
94482,9,7,71,129,2017,10,12,6,3,0,6,0,0,1,0,0,1,659589.6718,5356455.0763,11.153694358000052,48.34110419700005,"(48.34110419700005, 11.153694358000052)","{'place_id': 163999403, 'licence': 'Data © OpenStreetMap contributors, ODbL 1.0. https://osm.org/copyright', 'osm_type': 'way', 'osm_id': 251505084, 'lat': '48.34109492088036', 'lon': '11.153689647627273', 'display_name': 'A 8, Freienried, Eurasburg, Dasing, Landkreis Aichach-Friedberg, Bayern, 86495, Deutschland', 'address': {'road': 'A 8', 'village': 'Freienried', 'municipality': 'Dasing', 'county': 'Landkreis Aichach-Friedberg', 'state': 'Bayern', 'postcode': '86495', 'country': 'Deutschland', 'country_code': 'de'}, 'boundingbox': ['48.3410171', '48.3440891', '11.147404', '11.1538429']}","A 8, Freienried, Eurasburg, Dasing, Landkreis Aichach-Friedberg, Bayern, 86495, Deutschland",A 8,9171013001270504740,0,1,up,[48.3416182  11.15265914],45506.81450420632,45506.81450420632
94483,9,1,74,135,2017,10,12,6,3,2,6,0,0,1,0,0,0,660965.0084,5354940.5813,11.171662445000038,48.32713969900004,"(48.32713969900004, 11.171662445000038)","{'place_id': 170077890, 'licence': 'Data © OpenStreetMap contributors, ODbL 1.0. https://osm.org/copyright', 'osm_type': 'way', 'osm_id': 280688897, 'lat': '48.32713142415316', 'lon': '11.17165814298772', 'display_name': 'A 8, Eurasburg, Dasing, Landkreis Aichach-Friedberg, Bayern, 85235, Deutschland', 'address': {'road': 'A 8', 'village': 'Eurasburg', 'municipality': 'Dasing', 'county': 'Landkreis Aichach-Friedberg', 'state': 'Bayern', 'postcode': '85235', 'country': 'Deutschland', 'country_code': 'de'}, 'boundingbox': ['48.3166388', '48.340026', '11.1555112', '11.193519']}","A 8, Eurasburg, Dasing, Landkreis Aichach-Friedberg, Bayern, 85235, Deutschland",A 8,9171013001270501250,0,0,up,[48.32715363 11.17161601],47564.81696650995,47564.81696650995
94486,9,1,62,0,2017,10,8,6,3,2,6,0,0,1,0,0,1,680346.9311,5339730.7454,11.426441132000036,48.18519109300007,"(48.18519109300007, 11.426441132000036)","{'place_id': 168985329, 'licence': 'Data © OpenStreetMap contributors, ODbL 1.0. https://osm.org/copyright', 'osm_type': 'way', 'osm_id': 280342521, 'lat': '48.185181538475554', 'lon': '11.426434757038876', 'display_name': 'A 8, Langwied, Lochhausen, Aubing-Lochhausen-Langwied, München, Bayern, 81249, Deutschland', 'address': {'road': 'A 8', 'suburb': 'Langwied', 'city_district': 'Aubing-Lochhausen-Langwied', 'city': 'München', 'state': 'Bayern', 'postcode': '81249', 'country': 'Deutschland', 'country_code': 'de'}, 'boundingbox': ['48.1840537', '48.1925585', '11.4152488', '11.4281457']}","A 8, Langwied, Lochhausen, Aubing-Lochhausen-Langwied, München, Bayern, 81249, Deutschland",A 8,9171013001270501220,0,1,up,[48.18507472 11.4265951 ],72362.45964594257,72362.45964594257
94715,9,7,72,147,2017,10,15,2,3,0,7,0,0,0,0,1,0,637802.1673,5364110.0562,10.86235140900004,48.41506490500007,"(48.41506490500007, 10.86235140900004)","{'place_id': 190384012, 'licence': 'Data © OpenStreetMap contributors, ODbL 1.0. https://osm.org/copyright', 'osm_type': 'way', 'osm_id': 376197236, 'lat': '48.41502123368607', 'lon': '10.862348000653821', 'display_name': 'A 8, Gersthofen, Landkreis Augsburg, Bayern, 86368, Deutschland', 'address': {'road': 'A 8', 'town': 'Gersthofen', 'county': 'Landkreis Augsburg', 'state': 'Bayern', 'postcode': '86368', 'country': 'Deutschland', 'country_code': 'de'}, 'boundingbox': ['48.4148455', '48.4150344', '10.8621793', '10.8645315']}","A 8, Gersthofen, Landkreis Augsburg, Bayern, 86368, Deutschland",A 8,9171016007173525720,0,0,up,[48.41499069 10.86274121],21300.6877067241,21300.6877067241