OBJECTID,ULAND,UREGBEZ,UKREIS,UGEMEINDE,UJAHR,UMONAT,USTUNDE,UWOCHENTAG,UKATEGORIE,UART,UTYP1,ULICHTVERH,IstRad,IstPKW,IstFuss,IstKrad,IstGkfz,LINREFX,LINREFY,XGCSWGS84,YGCSWGS84,coord,location_dict,address,road,UIDENTSTLAE,STRZUSTAND,IstSonstige,lane,coord_interp,dist_interp,dist_interp_up
94717,9,7,72,147,2017,10,11,2,3,3,6,0,0,1,0,0,0,630213.7293,5364248.498,10.759890921000022,48.41792367500005,"(48.41792367500005, 10.759890921000022)","{'place_id': 163875111, 'licence': 'Data © OpenStreetMap contributors, ODbL 1.0. https://osm.org/copyright', 'osm_type': 'way', 'osm_id': 253368216, 'lat': '48.417948253417435', 'lon': '10.759889892715476', 'display_name': 'A 8, Gersthofen, Landkreis Augsburg, Bayern, 86368, Deutschland', 'address': {'road': 'A 8', 'town': 'Gersthofen', 'county': 'Landkreis Augsburg', 'state': 'Bayern', 'postcode': '86368', 'country': 'Deutschland', 'country_code': 'de'}, 'boundingbox': ['48.4178521', '48.4182267', '10.7575916', '10.7660937']}","A 8, Gersthofen, Landkreis Augsburg, Bayern, 86368, Deutschland",A 8,9171016007173503240,0,0,down,[48.41786655 10.75793844],61989.965353541134,13688.021311824079
94828,9,1,74,146,2017,10,9,2,3,2,6,0,0,1,0,0,0,668987.9795,5349606.1506,11.277682089000052,48.27709149900005,"(48.27709149900005, 11.277682089000052)","{'place_id': 169894014, 'licence': 'Data © OpenStreetMap contributors, ODbL 1.0. https://osm.org/copyright', 'osm_type': 'way', 'osm_id': 280421998, 'lat': '48.27705270348537', 'lon': '11.277664199448537', 'display_name': 'A 8, Einsbach, Sulzemoos, Landkreis Dachau, Bayern, 85254, Deutschland', 'address': {'road': 'A 8', 'village': 'Einsbach', 'county': 'Landkreis Dachau', 'state': 'Bayern', 'postcode': '85254', 'country': 'Deutschland', 'country_code': 'de'}, 'boundingbox': ['48.2708684', '48.2776562', '11.2764074', '11.2870058']}","A 8, Einsbach, Sulzemoos, Landkreis Dachau, Bayern, 85254, Deutschland",A 8,9171016001270501270,0,0,up,[48.27765208 11.27641516],57256.43201126627,57256.43201126627
94829,9,1,74,113,2017,10,0,2,3,0,1,2,0,1,0,0,0,669767.5591,5348847.7793,11.28787633500002,48.27006553900002,"(48.27006553900002, 11.28787633500002)","{'place_id': 134244450, 'licence': 'Data © OpenStreetMap contributors, ODbL 1.0. https://osm.org/copyright', 'osm_type': 'way', 'osm_id': 143578410, 'lat': '48.27005019740822', 'lon': '11.287861715785036', 'display_name': 'A 8, Hopfenau, Lauterbach, Bergkirchen, Landkreis Dachau, Bayern, 85232, Deutschland', 'address': {'road': 'A 8', 'hamlet': 'Hopfenau', 'village': 'Lauterbach', 'county': 'Landkreis Dachau', 'state': 'Bayern', 'postcode': '85232', 'country': 'Deutschland', 'country_code': 'de'}, 'boundingbox': ['48.2599717', '48.270607', '11.2872774', '11.2984073']}","A 8, Hopfenau, Lauterbach, Bergkirchen, Landkreis Dachau, Bayern, 85232, Deutschland",A 8,9171016001270501260,0,0,up,[48.27142102 11.28643179],58351.78484277596,58351.78484277596
94958,9,7,71,122,2017,10,9,1,3,8,1,0,0,1,0,0,0,653759.0891,5361395.6149,11.076870046000067,48.38696903300007,"(48.38696903300007, 11.076870046000067)","{'place_id': 112409051, 'licence': 'Data © OpenStreetMap contributors, ODbL 1.0. https://osm.org/copyright', 'osm_type': 'way', 'osm_id': 42400874, 'lat': '48.38698249622262', 'lon': '11.076879195978115', 'display_name': 'A 8, Burgadelzhausen, Adelzhausen, Dasing, Landkreis Aichach-Friedberg, Bayern, 86453, Deutschland', 'address': {'road': 'A 8', 'village': 'Burgadelzhausen', 'municipality': 'Dasing', 'county': 'Landkreis Aichach-Friedberg', 'state': 'Bayern', 'postcode': '86453', 'country': 'Deutschland', 'country_code': 'de'}, 'boundingbox': ['48.3561686', '48.3880438', '11.0753176', '11.1309595']}","A 8, Burgadelzhausen, Adelzhausen, Dasing, Landkreis Aichach-Friedberg, Bayern, 86453, Deutschland",A 8,9171022007173516830,0,0,down,[48.38596702 11.07836957],37926.566445856944,37738.20787681754
95026,9,7,71,111,2017,10,12,7,3,9,1,0,0,1,0,0,0,658271.8452,5357386.7145,11.136273089000042,48.34981148900005,"(48.34981148900005, 11.136273089000042)","{'place_id': 114713, 'licence': 'Data © OpenStreetMap contributors, ODbL 1.0. https://osm.org/copyright', 'osm_type': 'node', 'osm_id': 25706254, 'lat': '48.3505353', 'lon': '11.1358104', 'display_name': 'Adelzhausen, A 8, Holzschuster, Burgadelzhausen, Adelzhausen, Dasing, Landkreis Aichach-Friedberg, Bayern, 86559, Deutschland', 'address': {'highway': 'Adelzhausen', 'road': 'A 8', 'hamlet': 'Holzschuster', 'village': 'Burgadelzhausen', 'municipality': 'Dasing', 'county': 'Landkreis Aichach-Friedberg', 'state': 'Bayern', 'postcode': '86559', 'country': 'Deutschland', 'country_code': 'de'}, 'boundingbox': ['48.3504853', '48.3505853', '11.1357604', '11.1358604']}","Adelzhausen, A 8, Holzschuster, Burgadelzhausen, Adelzhausen, Dasing, Landkreis Aichach-Friedberg, Bayern, 86559, Deutschland",A 8,9171021007173516810,0,0,up,[48.34962623 11.13695829],43895.83374769911,43895.83374769911
95070,9,1,79,142,2017,10,6,5,3,2,6,2,0,1,0,0,0,677080.9103,5342666.8367,11.383763720000047,48.21250266000004,"(48.21250266000004, 11.383763720000047)","{'place_id': 108533752, 'licence': 'Data © OpenStreetMap contributors, ODbL 1.0. https://osm.org/copyright', 'osm_type': 'way', 'osm_id': 28784616, 'lat': '48.2124784194756', 'lon': '11.383749399229101', 'display_name': 'A 8, Olching, Landkreis Fürstenfeldbruck, Bayern, 82140, Deutschland', 'address': {'road': 'A 8', 'town': 'Olching', 'county': 'Landkreis Fürstenfeldbruck', 'state': 'Bayern', 'postcode': '82140', 'country': 'Deutschland', 'country_code': 'de'}, 'boundingbox': ['48.2112162', '48.2126052', '11.3835348', '11.3858694']}","A 8, Olching, Landkreis Fürstenfeldbruck, Bayern, 82140, Deutschland",A 8,9171019001270505940,1,0,up,[48.21349823 11.38203664],67974.79790935629,67974.79790935629
95098,9,1,79,142,2017,10,8,5,3,2,6,0,0,0,0,0,1,674717.2457,5344643.1893,11.352787871000032,48.230923682000025,"(48.230923682000025, 11.352787871000032)","{'place_id': 168972507, 'licence': 'Data © OpenStreetMap contributors, ODbL 1.0. https://osm.org/copyright', 'osm_type': 'way', 'osm_id': 280346070, 'lat': '48.23092995670554', 'lon': '11.352791570052178', 'display_name': 'A 8, Graßlfing, Olching, Landkreis Fürstenfeldbruck, Bayern, 82140, Deutschland', 'address': {'road': 'A 8', 'suburb': 'Graßlfing', 'town': 'Olching', 'county': 'Landkreis Fürstenfeldbruck', 'state': 'Bayern', 'postcode': '82140', 'country': 'Deutschland', 'country_code': 'de'}, 'boundingbox': ['48.2306768', '48.2313202', '11.3521296', '11.353221']}","A 8, Graßlfing, Olching, Landkreis Fürstenfeldbruck, Bayern, 82140, Deutschland",A 8,9171019001270505920,0,1,down,[48.2310685  11.35255673],10769.421144130685,64897.935680454604
95384,9,1,62,0,2017,10,18,4,3,2,6,2,0,1,0,0,0,678604.1628,5341366.1905,11.403702783000028,48.20038440500008,"(48.20038440500008, 11.403702783000028)","{'place_id': 116306931, 'licence': 'Data © OpenStreetMap contributors, ODbL 1.0. https://osm.org/copyright', 'osm_type': 'way', 'osm_id': 55706468, 'lat': '48.20038904342128', 'lon': '11.403705873569496', 'display_name': 'A 8, Lochhausen, Aubing-Lochhausen-Langwied, München, Bayern, 81249, Deutschland', 'address': {'road': 'A 8', 'suburb': 'Lochhausen', 'city_district': 'Aubing-Lochhausen-Langwied', 'city': 'München', 'state': 'Bayern', 'postcode': '81249', 'country': 'Deutschland', 'country_code': 'de'}, 'boundingbox': ['48.1990511', '48.2012784', '11.4023711', '11.4057139']}","A 8, Lochhausen, Aubing-Lochhausen-Langwied, München, Bayern, 81249, Deutschland",A 8,9171025001270545360,0,0,down,[48.20235447 11.40083133],5691.40272302484,69975.63344468399
95711,9,1,74,113,2017,10,12,6,3,2,6,0,0,1,0,0,0,671346.6639,5347066.3646,11.30841778000007,48.253626361000045,"(48.253626361000045, 11.30841778000007)","{'place_id': 107811431, 'licence': 'Data © OpenStreetMap contributors, ODbL 1.0. https://osm.org/copyright', 'osm_type': 'way', 'osm_id': 28801887, 'lat': '48.25362741509025', 'lon': '11.308418295780413', 'display_name': 'A 8, Palsweis, Bergkirchen, Landkreis Dachau, Bayern, 85232, Deutschland', 'address': {'road': 'A 8', 'village': 'Palsweis', 'county': 'Landkreis Dachau', 'state': 'Bayern', 'postcode': '85232', 'country': 'Deutschland', 'country_code': 'de'}, 'boundingbox': ['48.2425147', '48.2563862', '11.3031077', '11.331198']}","A 8, Palsweis, Bergkirchen, Landkreis Dachau, Bayern, 85232, Deutschland",A 8,9171027001270516730,1,0,down,[48.2539126  11.30783609],14916.808869579749,60752.24504318306
95795,9,7,72,147,2017,11,17,2,3,2,6,1,0,1,0,0,0,638967.2985,5364079.073,10.878078748000064,48.41453043800004,"(48.41453043800004, 10.878078748000064)","{'place_id': 306657, 'licence': 'Data © OpenStreetMap contributors, ODbL 1.0. https://osm.org/copyright', 'osm_type': 'node', 'osm_id': 129959235, 'lat': '48.414542', 'lon': '10.8783046', 'display_name': 'Kreuz Augsburg-West, A 8, Gersthofen, Landkreis Augsburg, Bayern, 86368, Deutschland', 'address': {'highway': 'Kreuz Augsburg-West', 'road': 'A 8', 'town': 'Gersthofen', 'county': 'Landkreis Augsburg', 'state': 'Bayern', 'postcode': '86368', 'country': 'Deutschland', 'country_code': 'de'}, 'boundingbox': ['48.414492', '48.414592', '10.8782546', '10.8783546']}","Kreuz Augsburg-West, A 8, Gersthofen, Landkreis Augsburg, Bayern, 86368, Deutschland",A 8,9171106007173551150,1,0,down,[48.41456206 10.87739043],53211.63241152642,22464.46971122858
95879,9,1,74,146,2017,11,6,2,3,2,6,2,0,1,0,0,0,666607.0639,5351038.0343,11.246181637000063,48.29059480100005,"(48.29059480100005, 11.246181637000063)","{'place_id': 108867869, 'licence': 'Data © OpenStreetMap contributors, ODbL 1.0. https://osm.org/copyright', 'osm_type': 'way', 'osm_id': 28802113, 'lat': '48.29064510171742', 'lon': '11.246196958794016', 'display_name': 'A 8, Ziegelstadel, Wiedenzhausen, Sulzemoos, Landkreis Dachau, Bayern, 85259, Deutschland', 'address': {'road': 'A 8', 'hamlet': 'Ziegelstadel', 'village': 'Wiedenzhausen', 'county': 'Landkreis Dachau', 'state': 'Bayern', 'postcode': '85259', 'country': 'Deutschland', 'country_code': 'de'}, 'boundingbox': ['48.287303', '48.2952793', '11.2306553', '11.2558719']}","A 8, Ziegelstadel, Wiedenzhausen, Sulzemoos, Landkreis Dachau, Bayern, 85259, Deutschland",A 8,9171106001270552020,1,0,down,[48.29001887 11.24825218],21192.91685272906,54479.26876742323
96007,9,7,72,147,2017,11,20,7,3,2,1,2,0,1,0,0,0,628828.5655,5364135.2039,10.741144119000069,48.41718964200004,"(48.41718964200004, 10.741144119000069)","{'place_id': 173525292, 'licence': 'Data © OpenStreetMap contributors, ODbL 1.0. https://osm.org/copyright', 'osm_type': 'way', 'osm_id': 299305749, 'lat': '48.417199887525264', 'lon': '10.741143733318136', 'display_name': 'A 8, Gersthofen, Landkreis Augsburg, Bayern, 86368, Deutschland', 'address': {'road': 'A 8', 'town': 'Gersthofen', 'county': 'Landkreis Augsburg', 'state': 'Bayern', 'postcode': '86368', 'country': 'Deutschland', 'country_code': 'de'}, 'boundingbox': ['48.4171819', '48.4177718', '10.7406659', '10.7555223']}","A 8, Gersthofen, Landkreis Augsburg, Bayern, 86368, Deutschland",A 8,9171104007173550440,0,0,down,[48.41719803 10.74109176],63376.278488283446,12301.695312057642
96821,9,7,71,130,2017,11,22,3,3,2,6,2,0,1,0,0,1,645940.3068,5362807.4656,10.97181682300004,48.40152085300008,"(48.40152085300008, 10.97181682300004)","{'place_id': 169711243, 'licence': 'Data © OpenStreetMap contributors, ODbL 1.0. https://osm.org/copyright', 'osm_type': 'way', 'osm_id': 280694759, 'lat': '48.401499355024235', 'lon': '10.971816016135099', 'display_name': 'A 8, Derching, Friedberg, Landkreis Aichach-Friedberg, Bayern, 86316, Deutschland', 'address': {'road': 'A 8', 'village': 'Derching', 'town': 'Friedberg', 'county': 'Landkreis Aichach-Friedberg', 'state': 'Bayern', 'postcode': '86316', 'country': 'Deutschland', 'country_code': 'de'}, 'boundingbox': ['48.401446', '48.4037486', '10.9564506', '10.981465']}","A 8, Derching, Friedberg, Landkreis Aichach-Friedberg, Bayern, 86316, Deutschland",A 8,9171107007173560340,0,1,up,[48.40148477 10.97220599],29551.414420711,29551.414420711
96822,9,7,72,147,2017,11,10,3,3,2,6,0,0,1,0,0,0,639230.2703,5364062.437,10.881625177000046,48.41432280400005,"(48.41432280400005, 10.881625177000046)","{'place_id': 107197597, 'licence': 'Data © OpenStreetMap contributors, ODbL 1.0. https://osm.org/copyright', 'osm_type': 'way', 'osm_id': 27126750, 'lat': '48.414300278776025', 'lon': '10.881624714347762', 'display_name': 'A 8, Gersthofen, Landkreis Augsburg, Bayern, 86368, Deutschland', 'address': {'road': 'A 8', 'town': 'Gersthofen', 'county': 'Landkreis Augsburg', 'state': 'Bayern', 'postcode': '86368', 'country': 'Deutschland', 'country_code': 'de'}, 'boundingbox': ['48.4142457', '48.4143641', '10.8790431', '10.884282']}","A 8, Gersthofen, Landkreis Augsburg, Bayern, 86368, Deutschland",A 8,9171107007173557120,0,0,up,[48.41436484 10.87900909],22727.010704619985,22727.010704619985
96901,9,7,71,129,2017,11,7,1,3,2,6,0,0,1,0,0,1,659008.5338,5356844.6223,11.14600458700005,48.344752871000026,"(48.344752871000026, 11.14600458700005)","{'place_id': 169792971, 'licence': 'Data © OpenStreetMap contributors, ODbL 1.0. https://osm.org/copyright', 'osm_type': 'way', 'osm_id': 280688898, 'lat': '48.344739134194356', 'lon': '11.145998131861571', 'display_name': 'A 8, Eurasburg, Dasing, Landkreis Aichach-Friedberg, Bayern, 86495, Deutschland', 'address': {'road': 'A 8', 'village': 'Eurasburg', 'municipality': 'Dasing', 'county': 'Landkreis Aichach-Friedberg', 'state': 'Bayern', 'postcode': '86495', 'country': 'Deutschland', 'country_code': 'de'}, 'boundingbox': ['48.3440891', '48.3451351', '11.1451555', '11.147404']}","A 8, Eurasburg, Dasing, Landkreis Aichach-Friedberg, Bayern, 86495, Deutschland",A 8,9171119001270593260,1,1,up,[48.34489952 11.14565654],44808.29002537102,44808.29002537102
97172,9,7,71,130,2017,11,17,5,3,2,6,2,0,1,0,0,0,648693.6534,5362716.3887,11.008961789000068,48.40005860700006,"(48.40005860700006, 11.008961789000068)","{'place_id': 171593475, 'licence': 'Data © OpenStreetMap contributors, ODbL 1.0. https://osm.org/copyright', 'osm_type': 'way', 'osm_id': 288973413, 'lat': '48.400086141998', 'lon': '11.00896372766921', 'display_name': 'A 8, Sophienhof, Bitzenhofen, Dasing, Landkreis Aichach-Friedberg, Bayern, 86453, Deutschland', 'address': {'road': 'A 8', 'hamlet': 'Sophienhof', 'village': 'Bitzenhofen', 'municipality': 'Dasing', 'county': 'Landkreis Aichach-Friedberg', 'state': 'Bayern', 'postcode': '86453', 'country': 'Deutschland', 'country_code': 'de'}, 'boundingbox': ['48.3960534', '48.4039031', '10.9564457', '11.0556046']}","A 8, Sophienhof, Bitzenhofen, Dasing, Landkreis Aichach-Friedberg, Bayern, 86453, Deutschland",A 8,9171116007173561010,1,0,down,[48.39980914 11.01297111],43372.17245367068,32302.733763416072
97265,9,7,72,223,2017,11,11,4,3,2,6,0,0,1,0,0,0,625077.0149,5364287.2052,10.690509792000055,48.41931243800008,"(48.41931243800008, 10.690509792000055)","{'place_id': 179285986, 'licence': 'Data © OpenStreetMap contributors, ODbL 1.0. https://osm.org/copyright', 'osm_type': 'way', 'osm_id': 327667395, 'lat': '48.41934823377145', 'lon': '10.690513703876316', 'display_name': 'A 8, Adelsried, Landkreis Augsburg, Bayern, 86477, Deutschland', 'address': {'road': 'A 8', 'village': 'Adelsried', 'county': 'Landkreis Augsburg', 'state': 'Bayern', 'postcode': '86477', 'country': 'Deutschland', 'country_code': 'de'}, 'boundingbox': ['48.4173813', '48.4201097', '10.6826043', '10.717102']}","A 8, Adelsried, Landkreis Augsburg, Bayern, 86477, Deutschland",A 8,9171122007173577410,0,0,down,[48.41940605 10.68998542],67129.76780287806,8544.440541131155
97389,9,7,61,0,2017,11,5,2,2,3,6,2,0,1,0,0,0,642776.4814,5363476.7794,10.929323174000046,48.408263412000046,"(48.408263412000046, 10.929323174000046)","{'place_id': 101392938, 'licence': 'Data © OpenStreetMap contributors, ODbL 1.0. https://osm.org/copyright', 'osm_type': 'way', 'osm_id': 13855778, 'lat': '48.408257346095745', 'lon': '10.929322162165963', 'display_name': 'A 8, Hammerschmiede, Augsburg, Bayern, 86167, Deutschland', 'address': {'road': 'A 8', 'suburb': 'Hammerschmiede', 'city': 'Augsburg', 'state': 'Bayern', 'postcode': '86167', 'country': 'Deutschland', 'country_code': 'de'}, 'boundingbox': ['48.4081703', '48.4085277', '10.9277055', '10.929844']}","A 8, Hammerschmiede, Augsburg, Bayern, 86167, Deutschland",A 8,9171120007173583830,0,0,up,[48.40831196 10.92899585],26323.09186630001,26323.09186630001
97437,9,7,72,147,2017,11,15,1,3,2,6,0,0,1,0,0,0,638939.6617,5364079.4431,10.877705581000043,48.41453986000005,"(48.41453986000005, 10.877705581000043)","{'place_id': 306657, 'licence': 'Data © OpenStreetMap contributors, ODbL 1.0. https://osm.org/copyright', 'osm_type': 'node', 'osm_id': 129959235, 'lat': '48.414542', 'lon': '10.8783046', 'display_name': 'Kreuz Augsburg-West, A 8, Gersthofen, Landkreis Augsburg, Bayern, 86368, Deutschland', 'address': {'highway': 'Kreuz Augsburg-West', 'road': 'A 8', 'town': 'Gersthofen', 'county': 'Landkreis Augsburg', 'state': 'Bayern', 'postcode': '86368', 'country': 'Deutschland', 'country_code': 'de'}, 'boundingbox': ['48.414492', '48.414592', '10.8782546', '10.8783546']}","Kreuz Augsburg-West, A 8, Gersthofen, Landkreis Augsburg, Bayern, 86368, Deutschland",A 8,9171119007170593150,0,0,down,[48.41455387 10.87776366],53239.20102992564,22436.90081549158
97517,9,1,79,142,2017,11,8,6,3,2,6,0,0,1,0,0,0,675371.0107,5344084.8017,11.361352839000062,48.22572380900005,"(48.22572380900005, 11.361352839000062)","{'place_id': 180097007, 'licence': 'Data © OpenStreetMap contributors, ODbL 1.0. https://osm.org/copyright', 'osm_type': 'way', 'osm_id': 327462613, 'lat': '48.22569218104631', 'lon': '11.361334180280615', 'display_name': 'A 8, Graßlfing, Olching, Landkreis Fürstenfeldbruck, Bayern, 82140, Deutschland', 'address': {'road': 'A 8', 'suburb': 'Graßlfing', 'town': 'Olching', 'county': 'Landkreis Fürstenfeldbruck', 'state': 'Bayern', 'postcode': '82140', 'country': 'Deutschland', 'country_code': 'de'}, 'boundingbox': ['48.2199694', '48.2294326', '11.3549891', '11.3710404']}","A 8, Graßlfing, Olching, Landkreis Fürstenfeldbruck, Bayern, 82140, Deutschland",A 8,9171124001270567540,0,0,up,[48.22715589 11.35885369],65756.50865720653,65756.50865720653
97548,9,7,72,111,2017,11,9,5,3,3,6,0,0,1,0,0,0,626529.88,5364145.5368,10.710094565000077,48.41774837500003,"(48.41774837500003, 10.710094565000077)","{'place_id': 172330239, 'licence': 'Data © OpenStreetMap contributors, ODbL 1.0. https://osm.org/copyright', 'osm_type': 'way', 'osm_id': 295617761, 'lat': '48.41773861683097', 'lon': '10.710093825772772', 'display_name': 'A 8, Adelsried, Landkreis Augsburg, Bayern, 86477, Deutschland', 'address': {'road': 'A 8', 'village': 'Adelsried', 'county': 'Landkreis Augsburg', 'state': 'Bayern', 'postcode': '86477', 'country': 'Deutschland', 'country_code': 'de'}, 'boundingbox': ['48.4170752', '48.4187014', '10.6962877', '10.7191709']}","A 8, Adelsried, Landkreis Augsburg, Bayern, 86477, Deutschland",A 8,9171123007173569410,0,0,up,[48.41781083 10.70914702],10001.506933150325,10001.506933150325
97897,9,7,71,111,2017,11,17,4,3,2,6,2,0,1,0,0,0,657635.695,5358416.7648,11.128078609000056,48.35923116300006,"(48.35923116300006, 11.128078609000056)","{'place_id': 123171715, 'licence': 'Data © OpenStreetMap contributors, ODbL 1.0. https://osm.org/copyright', 'osm_type': 'way', 'osm_id': 95261689, 'lat': '48.35920712932994', 'lon': '11.1280526941366', 'display_name': 'A 8, Burgadelzhausen, Adelzhausen, Dasing, Landkreis Aichach-Friedberg, Bayern, 86453, Deutschland', 'address': {'road': 'A 8', 'village': 'Burgadelzhausen', 'municipality': 'Dasing', 'county': 'Landkreis Aichach-Friedberg', 'state': 'Bayern', 'postcode': '86453', 'country': 'Deutschland', 'country_code': 'de'}, 'boundingbox': ['48.3561378', '48.3880253', '11.0750446', '11.1307183']}","A 8, Burgadelzhausen, Adelzhausen, Dasing, Landkreis Aichach-Friedberg, Bayern, 86453, Deutschland",A 8,9171129007173577420,0,0,up,[48.35874904 11.12847807],42687.98972518942,42687.98972518942
97898,9,7,72,223,2017,11,20,4,3,8,1,2,0,0,0,0,1,616018.4756,5362598.3111,10.56765931700005,48.40585725400008,"(48.405857254000075, 10.56765931700005)","{'place_id': 143669431, 'licence': 'Data © OpenStreetMap contributors, ODbL 1.0. https://osm.org/copyright', 'osm_type': 'way', 'osm_id': 180119699, 'lat': '48.405812035500496', 'lon': '10.567666194482577', 'display_name': 'A 8, Vallried, Wollbach, Zusmarshausen, Jettingen-Scheppach, Landkreis Augsburg, Bayern, 86441, Deutschland', 'address': {'road': 'A 8', 'hamlet': 'Vallried', 'village': 'Wollbach', 'municipality': 'Jettingen-Scheppach', 'county': 'Landkreis Augsburg', 'state': 'Bayern', 'postcode': '86441', 'country': 'Deutschland', 'country_code': 'de'}, 'boundingbox': ['48.399835', '48.407249', '10.5221641', '10.575949']}","A 8, Vallried, Wollbach, Zusmarshausen, Jettingen-Scheppach, Landkreis Augsburg, Bayern, 86441, Deutschland",A 8,9171129007173576470,2,1,,,,
98210,9,7,71,122,2017,12,19,1,2,3,6,2,0,1,0,0,1,652312.8192,5362359.3468,11.057697478000025,48.39598460900004,"(48.39598460900004, 11.057697478000025)","{'place_id': 170754091, 'licence': 'Data © OpenStreetMap contributors, ODbL 1.0. https://osm.org/copyright', 'osm_type': 'way', 'osm_id': 288973412, 'lat': '48.395965101945166', 'lon': '11.057694203772154', 'display_name': 'A 8, Taiting, Dasing, Landkreis Aichach-Friedberg, Bayern, 86453, Deutschland', 'address': {'road': 'A 8', 'village': 'Taiting', 'municipality': 'Dasing', 'county': 'Landkreis Aichach-Friedberg', 'state': 'Bayern', 'postcode': '86453', 'country': 'Deutschland', 'country_code': 'de'}, 'boundingbox': ['48.3959529', '48.3962757', '11.0555759', '11.0577669']}","A 8, Taiting, Dasing, Landkreis Aichach-Friedberg, Bayern, 86453, Deutschland",A 8,9171203007173613410,2,1,up,[48.39607016 11.05706765],35978.9359429961,35978.9359429961
98211,9,7,61,0,2017,12,9,1,3,8,1,0,0,1,0,0,0,642836.4767,5363463.1869,10.930128779000029,48.408127603000025,"(48.408127603000025, 10.930128779000029)","{'place_id': 169491747, 'licence': 'Data © OpenStreetMap contributors, ODbL 1.0. https://osm.org/copyright', 'osm_type': 'way', 'osm_id': 280695156, 'lat': '48.40812266290728', 'lon': '10.930127950222149', 'display_name': 'A 8, Dickelsmoor, Friedberg, Landkreis Aichach-Friedberg, Bayern, 86167, Deutschland', 'address': {'road': 'A 8', 'hamlet': 'Dickelsmoor', 'town': 'Friedberg', 'county': 'Landkreis Aichach-Friedberg', 'state': 'Bayern', 'postcode': '86167', 'country': 'Deutschland', 'country_code': 'de'}, 'boundingbox': ['48.4051416', '48.4081703', '10.929844', '10.9481348']}","A 8, Dickelsmoor, Friedberg, Landkreis Aichach-Friedberg, Bayern, 86167, Deutschland",A 8,9171203007173603680,0,0,up,[48.4080624  10.93048612],26384.459478057634,26384.459478057634
98212,9,7,71,122,2017,12,20,1,3,3,1,2,0,1,0,0,0,650575.7643,5362303.4204,11.034225842000067,48.39589897100007,"(48.39589897100007, 11.034225842000067)","{'place_id': 179625445, 'licence': 'Data © OpenStreetMap contributors, ODbL 1.0. https://osm.org/copyright', 'osm_type': 'way', 'osm_id': 327495113, 'lat': '48.39590761619855', 'lon': '11.034225741810113', 'display_name': 'A 8, Sophienhof, Bitzenhofen, Dasing, Landkreis Aichach-Friedberg, Bayern, 86453, Deutschland', 'address': {'road': 'A 8', 'hamlet': 'Sophienhof', 'village': 'Bitzenhofen', 'municipality': 'Dasing', 'county': 'Landkreis Aichach-Friedberg', 'state': 'Bayern', 'postcode': '86453', 'country': 'Deutschland', 'country_code': 'de'}, 'boundingbox': ['48.3959071', '48.4010591', '10.9924061', '11.0555759']}","A 8, Sophienhof, Bitzenhofen, Dasing, Landkreis Aichach-Friedberg, Bayern, 86453, Deutschland",A 8,9171203007170608110,2,0,up,[48.39591847 11.03515439],34238.52338493197,34238.52338493197
98380,9,7,71,111,2017,12,16,6,3,2,6,2,0,1,0,0,0,657589.3199,5358480.7566,11.12747696100007,48.35981805200004,"(48.35981805200004, 11.12747696100007)","{'place_id': 123171715, 'licence': 'Data © OpenStreetMap contributors, ODbL 1.0. https://osm.org/copyright', 'osm_type': 'way', 'osm_id': 95261689, 'lat': '48.35980415995244', 'lon': '11.12746392978097', 'display_name': 'A 8, Burgadelzhausen, Adelzhausen, Dasing, Landkreis Aichach-Friedberg, Bayern, 86453, Deutschland', 'address': {'road': 'A 8', 'village': 'Burgadelzhausen', 'municipality': 'Dasing', 'county': 'Landkreis Aichach-Friedberg', 'state': 'Bayern', 'postcode': '86453', 'country': 'Deutschland', 'country_code': 'de'}, 'boundingbox': ['48.3561378', '48.3880253', '11.0750446', '11.1307183']}","A 8, Burgadelzhausen, Adelzhausen, Dasing, Landkreis Aichach-Friedberg, Bayern, 86453, Deutschland",A 8,9171201007173602110,0,0,up,[48.36009362 11.12715547],42609.1235628237,42609.1235628237
98559,9,1,74,113,2017,12,9,5,3,2,6,0,0,1,0,0,0,669964.769,5348583.1269,11.290425464000066,48.26763353900003,"(48.26763353900003, 11.290425464000066)","{'place_id': 134244450, 'licence': 'Data © OpenStreetMap contributors, ODbL 1.0. https://osm.org/copyright', 'osm_type': 'way', 'osm_id': 143578410, 'lat': '48.2676186930393', 'lon': '11.290411294235609', 'display_name': 'A 8, Hopfenau, Lauterbach, Bergkirchen, Landkreis Dachau, Bayern, 85232, Deutschland', 'address': {'road': 'A 8', 'hamlet': 'Hopfenau', 'village': 'Lauterbach', 'county': 'Landkreis Dachau', 'state': 'Bayern', 'postcode': '85232', 'country': 'Deutschland', 'country_code': 'de'}, 'boundingbox': ['48.2599717', '48.270607', '11.2872774', '11.2984073']}","A 8, Hopfenau, Lauterbach, Bergkirchen, Landkreis Dachau, Bayern, 85232, Deutschland",A 8,9171207001270606660,0,0,up,[48.27182631 11.28599752],58681.62806744997,58681.62806744997