OBJECTID,ULAND,UREGBEZ,UKREIS,UGEMEINDE,UJAHR,UMONAT,USTUNDE,UWOCHENTAG,UKATEGORIE,UART,UTYP1,ULICHTVERH,IstRad,IstPKW,IstFuss,IstKrad,IstGkfz,LINREFX,LINREFY,XGCSWGS84,YGCSWGS84,coord,location_dict,address,road,UIDENTSTLAE,STRZUSTAND,IstSonstige,lane,coord_interp,dist_interp,dist_interp_up
98560,9,1,74,113,2017,12,9,5,2,2,6,0,0,1,0,0,1,670520.3825,5347837.3803,11.297605967000038,48.26078030200006,"(48.26078030200006, 11.297605967000038)","{'place_id': 134244450, 'licence': 'Data © OpenStreetMap contributors, ODbL 1.0. https://osm.org/copyright', 'osm_type': 'way', 'osm_id': 143578410, 'lat': '48.260760514602886', 'lon': '11.297586940478833', 'display_name': 'A 8, Hopfenau, Lauterbach, Bergkirchen, Landkreis Dachau, Bayern, 85232, Deutschland', 'address': {'road': 'A 8', 'hamlet': 'Hopfenau', 'village': 'Lauterbach', 'county': 'Landkreis Dachau', 'state': 'Bayern', 'postcode': '85232', 'country': 'Deutschland', 'country_code': 'de'}, 'boundingbox': ['48.2599717', '48.270607', '11.2872774', '11.2984073']}","A 8, Hopfenau, Lauterbach, Bergkirchen, Landkreis Dachau, Bayern, 85232, Deutschland",A 8,9171207001270606650,0,1,up,[48.26123399 11.29709472],59610.97923708813,59610.97923708813
98561,9,1,74,113,2017,12,8,5,3,2,6,0,0,1,0,0,0,674393.0395,5344894.7629,11.348529376000045,48.23327436700004,"(48.23327436700004, 11.348529376000045)","{'place_id': 164049005, 'licence': 'Data © OpenStreetMap contributors, ODbL 1.0. https://osm.org/copyright', 'osm_type': 'way', 'osm_id': 251505090, 'lat': '48.23324632526924', 'lon': '11.348512850644164', 'display_name': 'A 8, Bergkirchen, Landkreis Dachau, Bayern, 85232, Deutschland', 'address': {'road': 'A 8', 'village': 'Bergkirchen', 'county': 'Landkreis Dachau', 'state': 'Bayern', 'postcode': '85232', 'country': 'Deutschland', 'country_code': 'de'}, 'boundingbox': ['48.2305476', '48.2364882', '11.3428447', '11.3530926']}","A 8, Bergkirchen, Landkreis Dachau, Bayern, 85232, Deutschland",A 8,9171207001270606640,0,0,up,[48.23394497 11.34732799],64488.41904328144,64488.41904328144
98578,9,7,71,111,2017,12,6,4,2,2,7,2,0,1,0,0,1,658176.1996,5357565.0937,11.135050068000057,48.35143914600008,"(48.35143914600008, 11.135050068000057)","{'place_id': 106941486, 'licence': 'Data © OpenStreetMap contributors, ODbL 1.0. https://osm.org/copyright', 'osm_type': 'way', 'osm_id': 27127127, 'lat': '48.351445521301194', 'lon': '11.135055824773705', 'display_name': 'A 8, Burgadelzhausen, Adelzhausen, Dasing, Landkreis Aichach-Friedberg, Bayern, 86559, Deutschland', 'address': {'road': 'A 8', 'village': 'Burgadelzhausen', 'municipality': 'Dasing', 'county': 'Landkreis Aichach-Friedberg', 'state': 'Bayern', 'postcode': '86559', 'country': 'Deutschland', 'country_code': 'de'}, 'boundingbox': ['48.3506083', '48.3541399', '11.1326199', '11.135983']}","A 8, Burgadelzhausen, Adelzhausen, Dasing, Landkreis Aichach-Friedberg, Bayern, 86559, Deutschland",A 8,9171206007173611310,1,1,down,[48.35084266 11.13572334],31964.40862244806,43698.523234405846
98633,9,7,71,111,2017,12,6,4,3,2,6,1,0,1,0,0,0,658571.2236,5357144.2187,11.140219687000068,48.347556274000056,"(48.347556274000056, 11.140219687000068)","{'place_id': 169057293, 'licence': 'Data © OpenStreetMap contributors, ODbL 1.0. https://osm.org/copyright', 'osm_type': 'way', 'osm_id': 280690992, 'lat': '48.347537488635915', 'lon': '11.140209209776074', 'display_name': 'A 8, Holzschuster, Burgadelzhausen, Adelzhausen, Dasing, Landkreis Aichach-Friedberg, Bayern, 86559, Deutschland', 'address': {'road': 'A 8', 'hamlet': 'Holzschuster', 'village': 'Burgadelzhausen', 'municipality': 'Dasing', 'county': 'Landkreis Aichach-Friedberg', 'state': 'Bayern', 'postcode': '86559', 'country': 'Deutschland', 'country_code': 'de'}, 'boundingbox': ['48.3451351', '48.3478008', '11.1397371', '11.1451555']}","A 8, Holzschuster, Burgadelzhausen, Adelzhausen, Dasing, Landkreis Aichach-Friedberg, Bayern, 86559, Deutschland",A 8,9171206001270606630,0,0,up,[48.34735419 11.14053759],44278.5375619865,44278.5375619865
98645,9,7,71,130,2017,12,18,6,3,2,6,2,0,1,0,0,0,648194.9656,5362742.6481,11.00223770200006,48.400412122000034,"(48.400412122000034, 11.00223770200006)","{'place_id': 179625445, 'licence': 'Data © OpenStreetMap contributors, ODbL 1.0. https://osm.org/copyright', 'osm_type': 'way', 'osm_id': 327495113, 'lat': '48.40039900960685', 'lon': '11.002236764896967', 'display_name': 'A 8, Sophienhof, Bitzenhofen, Dasing, Landkreis Aichach-Friedberg, Bayern, 86453, Deutschland', 'address': {'road': 'A 8', 'hamlet': 'Sophienhof', 'village': 'Bitzenhofen', 'municipality': 'Dasing', 'county': 'Landkreis Aichach-Friedberg', 'state': 'Bayern', 'postcode': '86453', 'country': 'Deutschland', 'country_code': 'de'}, 'boundingbox': ['48.3959071', '48.4010591', '10.9924061', '11.0555759']}","A 8, Sophienhof, Bitzenhofen, Dasing, Landkreis Aichach-Friedberg, Bayern, 86453, Deutschland",A 8,9171208007173611630,1,0,up,[48.40035903 11.00279444],31804.735776498565,31804.735776498565
98664,9,7,71,130,2017,12,16,6,3,2,6,2,0,1,0,0,0,648283.2435,5362735.6472,11.003427180000074,48.40032842000005,"(48.40032842000005, 11.003427180000074)","{'place_id': 179625445, 'licence': 'Data © OpenStreetMap contributors, ODbL 1.0. https://osm.org/copyright', 'osm_type': 'way', 'osm_id': 327495113, 'lat': '48.40031400785458', 'lon': '11.003426150007607', 'display_name': 'A 8, Sophienhof, Bitzenhofen, Dasing, Landkreis Aichach-Friedberg, Bayern, 86453, Deutschland', 'address': {'road': 'A 8', 'hamlet': 'Sophienhof', 'village': 'Bitzenhofen', 'municipality': 'Dasing', 'county': 'Landkreis Aichach-Friedberg', 'state': 'Bayern', 'postcode': '86453', 'country': 'Deutschland', 'country_code': 'de'}, 'boundingbox': ['48.3959071', '48.4010591', '10.9924061', '11.0555759']}","A 8, Sophienhof, Bitzenhofen, Dasing, Landkreis Aichach-Friedberg, Bayern, 86453, Deutschland",A 8,9171208007173611340,1,0,up,[48.40044401 11.00160516],31893.06527629963,31893.06527629963
98869,9,7,71,130,2017,12,16,3,3,2,6,1,0,1,0,0,0,647216.5025,5362815.8657,10.989051839000068,48.40129966500008,"(48.401299665000074, 10.989051839000068)","{'place_id': 179859158, 'licence': 'Data © OpenStreetMap contributors, ODbL 1.0. https://osm.org/copyright', 'osm_type': 'way', 'osm_id': 327495114, 'lat': '48.40128119576125', 'lon': '10.989050600260494', 'display_name': 'A 8, Haberskirch, Friedberg, Landkreis Aichach-Friedberg, Bayern, 86316, Deutschland', 'address': {'road': 'A 8', 'village': 'Haberskirch', 'town': 'Friedberg', 'county': 'Landkreis Aichach-Friedberg', 'state': 'Bayern', 'postcode': '86316', 'country': 'Deutschland', 'country_code': 'de'}, 'boundingbox': ['48.4011933', '48.4015868', '10.983863', '10.9903611']}","A 8, Haberskirch, Friedberg, Landkreis Aichach-Friedberg, Bayern, 86316, Deutschland",A 8,9171212007173611410,0,0,up,[48.40132785 10.98835399],30826.031574417815,30826.031574417815
98870,9,7,72,147,2017,12,18,3,3,4,6,2,0,1,0,0,0,632172.5207,5364512.068,10.78643455100007,48.419885874000045,"(48.419885874000045, 10.78643455100007)","{'place_id': 174182183, 'licence': 'Data © OpenStreetMap contributors, ODbL 1.0. https://osm.org/copyright', 'osm_type': 'way', 'osm_id': 304768087, 'lat': '48.41987146087479', 'lon': '10.786435029932663', 'display_name': 'A 8, Rettenbergen, Gersthofen, Landkreis Augsburg, Bayern, 86368, Deutschland', 'address': {'road': 'A 8', 'village': 'Rettenbergen', 'town': 'Gersthofen', 'county': 'Landkreis Augsburg', 'state': 'Bayern', 'postcode': '86368', 'country': 'Deutschland', 'country_code': 'de'}, 'boundingbox': ['48.4198693', '48.4198937', '10.78637', '10.7871043']}","A 8, Rettenbergen, Gersthofen, Landkreis Augsburg, Bayern, 86368, Deutschland",A 8,9171212007173611400,0,0,up,[48.41989176 10.78703832],15662.095865362828,15662.095865362828
99033,9,7,72,223,2017,12,13,1,3,3,1,0,0,1,0,0,0,618756.4955,5363108.5063,10.604785323000044,48.40993552700007,"(48.40993552700007, 10.604785323000044)","{'place_id': 174879336, 'licence': 'Data © OpenStreetMap contributors, ODbL 1.0. https://osm.org/copyright', 'osm_type': 'way', 'osm_id': 304768088, 'lat': '48.40996130644451', 'lon': '10.604785646815728', 'display_name': 'A 8, Wollbach, Zusmarshausen, Landkreis Augsburg, Bayern, 86441, Deutschland', 'address': {'road': 'A 8', 'village': 'Wollbach', 'county': 'Landkreis Augsburg', 'state': 'Bayern', 'postcode': '86441', 'country': 'Deutschland', 'country_code': 'de'}, 'boundingbox': ['48.4098941', '48.4100096', '10.601268', '10.6079742']}","A 8, Wollbach, Zusmarshausen, Landkreis Augsburg, Bayern, 86441, Deutschland",A 8,9171210007173615480,2,0,down,[48.40997043 10.60409392],73717.00911472789,1963.2486931387716
99036,9,7,72,223,2017,12,13,1,3,2,6,0,0,1,0,0,0,616235.8847,5362665.2163,10.57061436500004,48.40641888800008,"(48.40641888800008, 10.57061436500004)","{'place_id': 155528377, 'licence': 'Data © OpenStreetMap contributors, ODbL 1.0. https://osm.org/copyright', 'osm_type': 'way', 'osm_id': 221957359, 'lat': '48.406446425243246', 'lon': '10.570610119338212', 'display_name': 'A 8, Vallried, Wollbach, Zusmarshausen, Landkreis Augsburg, Bayern, 86441, Deutschland', 'address': {'road': 'A 8', 'hamlet': 'Vallried', 'village': 'Wollbach', 'county': 'Landkreis Augsburg', 'state': 'Bayern', 'postcode': '86441', 'country': 'Deutschland', 'country_code': 'de'}, 'boundingbox': ['48.4012138', '48.407462', '10.5537176', '10.5760621']}","A 8, Vallried, Wollbach, Zusmarshausen, Landkreis Augsburg, Bayern, 86441, Deutschland",A 8,9171210007173613420,2,0,up,[48.40223183 10.59672878],340.99891996820224,340.99891996820224
99037,9,7,72,147,2017,12,17,1,3,9,1,2,0,1,0,0,0,635677.8426,5364324.0425,10.833726487000035,48.41745003900007,"(48.41745003900007, 10.833726487000035)","{'place_id': 179654743, 'licence': 'Data © OpenStreetMap contributors, ODbL 1.0. https://osm.org/copyright', 'osm_type': 'way', 'osm_id': 327643028, 'lat': '48.417433792066056', 'lon': '10.833725192265177', 'display_name': 'A 8, Hirblingen, Gersthofen, Landkreis Augsburg, Bayern, 86368, Deutschland', 'address': {'road': 'A 8', 'village': 'Hirblingen', 'town': 'Gersthofen', 'county': 'Landkreis Augsburg', 'state': 'Bayern', 'postcode': '86368', 'country': 'Deutschland', 'country_code': 'de'}, 'boundingbox': ['48.4172316', '48.4174646', '10.8333386', '10.836215']}","A 8, Hirblingen, Gersthofen, Landkreis Augsburg, Bayern, 86368, Deutschland",A 8,9171210007173611380,2,0,up,[48.41758159 10.83196491],19170.83422371689,19170.83422371689
99038,9,7,72,223,2017,12,12,1,3,2,1,0,0,1,0,0,0,618856.3325,5363108.2929,10.606133833000058,48.40991478700005,"(48.40991478700005, 10.606133833000058)","{'place_id': 174879336, 'licence': 'Data © OpenStreetMap contributors, ODbL 1.0. https://osm.org/copyright', 'osm_type': 'way', 'osm_id': 304768088, 'lat': '48.40993438461039', 'lon': '10.606134262080834', 'display_name': 'A 8, Wollbach, Zusmarshausen, Landkreis Augsburg, Bayern, 86441, Deutschland', 'address': {'road': 'A 8', 'village': 'Wollbach', 'county': 'Landkreis Augsburg', 'state': 'Bayern', 'postcode': '86441', 'country': 'Deutschland', 'country_code': 'de'}, 'boundingbox': ['48.4098941', '48.4100096', '10.601268', '10.6079742']}","A 8, Wollbach, Zusmarshausen, Landkreis Augsburg, Bayern, 86441, Deutschland",A 8,9171210007173611370,2,0,down,[48.40991754 10.60690419],73617.38259285786,2062.6163976770904
99153,9,7,71,130,2017,12,16,4,3,2,6,0,0,1,0,0,0,644916.4586,5363001.2123,10.958058808000033,48.40349906500006,"(48.40349906500006, 10.958058808000033)","{'place_id': 169711243, 'licence': 'Data © OpenStreetMap contributors, ODbL 1.0. https://osm.org/copyright', 'osm_type': 'way', 'osm_id': 280694759, 'lat': '48.40349713538274', 'lon': '10.958058506222162', 'display_name': 'A 8, Derching, Friedberg, Landkreis Aichach-Friedberg, Bayern, 86316, Deutschland', 'address': {'road': 'A 8', 'village': 'Derching', 'town': 'Friedberg', 'county': 'Landkreis Aichach-Friedberg', 'state': 'Bayern', 'postcode': '86316', 'country': 'Deutschland', 'country_code': 'de'}, 'boundingbox': ['48.401446', '48.4037486', '10.9564506', '10.981465']}","A 8, Derching, Friedberg, Landkreis Aichach-Friedberg, Bayern, 86316, Deutschland",A 8,9171213007173613440,1,0,up,[48.40348955 10.95810877],28510.05881054621,28510.05881054621
99274,9,7,71,122,2017,12,8,1,3,9,1,0,0,1,0,0,0,652067.5093,5362399.8528,11.054400306000048,48.39640799500006,"(48.39640799500006, 11.054400306000048)","{'place_id': 179625445, 'licence': 'Data © OpenStreetMap contributors, ODbL 1.0. https://osm.org/copyright', 'osm_type': 'way', 'osm_id': 327495113, 'lat': '48.39638868995752', 'lon': '11.054398685573899', 'display_name': 'A 8, Sophienhof, Bitzenhofen, Dasing, Landkreis Aichach-Friedberg, Bayern, 86453, Deutschland', 'address': {'road': 'A 8', 'hamlet': 'Sophienhof', 'village': 'Bitzenhofen', 'municipality': 'Dasing', 'county': 'Landkreis Aichach-Friedberg', 'state': 'Bayern', 'postcode': '86453', 'country': 'Deutschland', 'country_code': 'de'}, 'boundingbox': ['48.3959071', '48.4010591', '10.9924061', '11.0555759']}","A 8, Sophienhof, Bitzenhofen, Dasing, Landkreis Aichach-Friedberg, Bayern, 86453, Deutschland",A 8,9171217007173622530,2,0,up,[48.39639997 11.0542663 ],35730.97723256782,35730.97723256782
99330,9,1,74,146,2017,12,8,1,2,3,1,0,0,1,0,0,0,668341.0556,5350049.059,11.269146143000055,48.28124542000006,"(48.28124542000006, 11.269146143000055)","{'place_id': 190534, 'licence': 'Data © OpenStreetMap contributors, ODbL 1.0. https://osm.org/copyright', 'osm_type': 'node', 'osm_id': 34035916, 'lat': '48.281347', 'lon': '11.2689517', 'display_name': 'Sulzemoos, A 8, Haidhof, Einsbach, Sulzemoos, Landkreis Dachau, Bayern, 85254, Deutschland', 'address': {'highway': 'Sulzemoos', 'road': 'A 8', 'hamlet': 'Haidhof', 'village': 'Einsbach', 'county': 'Landkreis Dachau', 'state': 'Bayern', 'postcode': '85254', 'country': 'Deutschland', 'country_code': 'de'}, 'boundingbox': ['48.281297', '48.281397', '11.2689017', '11.2690017']}","Sulzemoos, A 8, Haidhof, Einsbach, Sulzemoos, Landkreis Dachau, Bayern, 85254, Deutschland",A 8,9171217001270618040,1,0,down,[48.2802972  11.27116804],19195.397596195002,56473.85834099338
99332,9,1,74,146,2017,12,8,1,3,2,6,0,0,1,0,0,0,668577.88,5349893.084,11.272273583000072,48.27978024500004,"(48.27978024500004, 11.272273583000072)","{'place_id': 135294201, 'licence': 'Data © OpenStreetMap contributors, ODbL 1.0. https://osm.org/copyright', 'osm_type': 'way', 'osm_id': 143575534, 'lat': '48.279780112386945', 'lon': '11.272273521226635', 'display_name': 'A 8, Haidhof, Einsbach, Sulzemoos, Landkreis Dachau, Bayern, 85254, Deutschland', 'address': {'road': 'A 8', 'hamlet': 'Haidhof', 'village': 'Einsbach', 'county': 'Landkreis Dachau', 'state': 'Bayern', 'postcode': '85254', 'country': 'Deutschland', 'country_code': 'de'}, 'boundingbox': ['48.2709261', '48.2802015', '11.2713689', '11.2871833']}","A 8, Haidhof, Einsbach, Sulzemoos, Landkreis Dachau, Bayern, 85254, Deutschland",A 8,9171217001270618030,1,0,down,[48.27930061 11.27330327],18912.298431186777,56756.991838591464
99333,9,1,74,146,2017,12,7,1,3,9,1,2,0,1,0,0,0,668382.2904,5350021.8536,11.269690673000072,48.28098988700003,"(48.28098988700003, 11.269690673000072)","{'place_id': 190534, 'licence': 'Data © OpenStreetMap contributors, ODbL 1.0. https://osm.org/copyright', 'osm_type': 'node', 'osm_id': 34035916, 'lat': '48.281347', 'lon': '11.2689517', 'display_name': 'Sulzemoos, A 8, Haidhof, Einsbach, Sulzemoos, Landkreis Dachau, Bayern, 85254, Deutschland', 'address': {'highway': 'Sulzemoos', 'road': 'A 8', 'hamlet': 'Haidhof', 'village': 'Einsbach', 'county': 'Landkreis Dachau', 'state': 'Bayern', 'postcode': '85254', 'country': 'Deutschland', 'country_code': 'de'}, 'boundingbox': ['48.281297', '48.281397', '11.2689017', '11.2690017']}","Sulzemoos, A 8, Haidhof, Einsbach, Sulzemoos, Landkreis Dachau, Bayern, 85254, Deutschland",A 8,9171217001270618020,1,0,down,[48.28055434 11.27062523],19146.079474650123,56523.17691011193
99418,9,1,74,135,2017,12,18,7,3,3,6,2,0,1,0,0,0,664399.9181,5352177.6983,11.216892113000029,48.30141751400004,"(48.30141751400004, 11.216892113000029)","{'place_id': 207325858, 'licence': 'Data © OpenStreetMap contributors, ODbL 1.0. https://osm.org/copyright', 'osm_type': 'way', 'osm_id': 477921133, 'lat': '48.30144203313547', 'lon': '11.216907333012434', 'display_name': 'A 8, Lukka, Taxa, Odelzhausen, Landkreis Dachau, Bayern, 85259, Deutschland', 'address': {'road': 'A 8', 'hamlet': 'Lukka', 'village': 'Taxa', 'county': 'Landkreis Dachau', 'state': 'Bayern', 'postcode': '85259', 'country': 'Deutschland', 'country_code': 'de'}, 'boundingbox': ['48.295503', '48.306587', '11.2092555', '11.2299598']}","A 8, Lukka, Taxa, Odelzhausen, Landkreis Dachau, Bayern, 85259, Deutschland",A 8,9171216001270646790,1,0,down,[48.30144419 11.21690424],23685.735697402437,51981.35386526128
99627,9,7,71,130,2017,12,8,5,3,2,6,0,0,1,0,0,0,645130.2741,5362954.0343,10.960929735000036,48.40302568600004,"(48.40302568600004, 10.960929735000036)","{'place_id': 169711243, 'licence': 'Data © OpenStreetMap contributors, ODbL 1.0. https://osm.org/copyright', 'osm_type': 'way', 'osm_id': 280694759, 'lat': '48.40302839367524', 'lon': '10.96093020223832', 'display_name': 'A 8, Derching, Friedberg, Landkreis Aichach-Friedberg, Bayern, 86316, Deutschland', 'address': {'road': 'A 8', 'village': 'Derching', 'town': 'Friedberg', 'county': 'Landkreis Aichach-Friedberg', 'state': 'Bayern', 'postcode': '86316', 'country': 'Deutschland', 'country_code': 'de'}, 'boundingbox': ['48.401446', '48.4037486', '10.9564506', '10.981465']}","A 8, Derching, Friedberg, Landkreis Aichach-Friedberg, Bayern, 86316, Deutschland",A 8,9171214007173613450,1,0,up,[48.40311154 10.96044918],28728.508060719385,28728.508060719385
99682,9,1,74,113,2017,12,22,4,3,8,1,2,0,1,0,0,0,670862.625,5347419.7039,11.302044841000054,48.25693339500003,"(48.25693339500003, 11.302044841000054)","{'place_id': 163653495, 'licence': 'Data © OpenStreetMap contributors, ODbL 1.0. https://osm.org/copyright', 'osm_type': 'way', 'osm_id': 251505089, 'lat': '48.25691386384211', 'lon': '11.30203146966883', 'display_name': 'A 8, Palsweis, Bergkirchen, Landkreis Dachau, Bayern, 85232, Deutschland', 'address': {'road': 'A 8', 'village': 'Palsweis', 'county': 'Landkreis Dachau', 'state': 'Bayern', 'postcode': '85232', 'country': 'Deutschland', 'country_code': 'de'}, 'boundingbox': ['48.2563245', '48.2581997', '11.3003286', '11.3029315']}","A 8, Palsweis, Bergkirchen, Landkreis Dachau, Bayern, 85232, Deutschland",A 8,9171227001270629230,1,0,up,[48.2568156  11.30217478],60151.71101657675,60151.71101657675
99810,9,7,72,111,2017,12,1,7,3,2,6,2,0,1,0,0,0,627220.1798,5364086.983,10.719402083000034,48.41708282600007,"(48.41708282600007, 10.719402083000034)","{'place_id': 107485182, 'licence': 'Data © OpenStreetMap contributors, ODbL 1.0. https://osm.org/copyright', 'osm_type': 'way', 'osm_id': 27778556, 'lat': '48.417057312815714', 'lon': '10.719400091833817', 'display_name': 'A 8, Adelsried, Landkreis Augsburg, Bayern, 86477, Deutschland', 'address': {'road': 'A 8', 'village': 'Adelsried', 'county': 'Landkreis Augsburg', 'state': 'Bayern', 'postcode': '86477', 'country': 'Deutschland', 'country_code': 'de'}, 'boundingbox': ['48.4170388', '48.4170752', '10.7191709', '10.7196373']}","A 8, Adelsried, Landkreis Augsburg, Bayern, 86477, Deutschland",A 8,9171223007173632480,1,0,up,[48.41705651 10.71941036],10692.564337427764,10692.564337427764
99869,9,7,71,122,2017,12,11,5,3,3,6,0,0,1,0,0,0,655745.7298,5359588.5975,11.103015963000075,48.370235611000055,"(48.370235611000055, 11.103015963000075)","{'place_id': 112409051, 'licence': 'Data © OpenStreetMap contributors, ODbL 1.0. https://osm.org/copyright', 'osm_type': 'way', 'osm_id': 42400874, 'lat': '48.37025464709398', 'lon': '11.103025329895791', 'display_name': 'A 8, Burgadelzhausen, Adelzhausen, Dasing, Landkreis Aichach-Friedberg, Bayern, 86453, Deutschland', 'address': {'road': 'A 8', 'village': 'Burgadelzhausen', 'municipality': 'Dasing', 'county': 'Landkreis Aichach-Friedberg', 'state': 'Bayern', 'postcode': '86453', 'country': 'Deutschland', 'country_code': 'de'}, 'boundingbox': ['48.3561686', '48.3880438', '11.0753176', '11.1309595']}","A 8, Burgadelzhausen, Adelzhausen, Dasing, Landkreis Aichach-Friedberg, Bayern, 86453, Deutschland",A 8,9171228007173632530,1,0,down,[48.37023213 11.103071  ],35243.172638932636,40424.78236965171
99871,9,7,71,122,2017,12,11,5,3,9,1,0,0,1,0,0,0,653296.0732,5361838.0587,11.070781659000032,48.39105960500007,"(48.39105960500007, 11.070781659000032)","{'place_id': 123161516, 'licence': 'Data © OpenStreetMap contributors, ODbL 1.0. https://osm.org/copyright', 'osm_type': 'way', 'osm_id': 95261664, 'lat': '48.39106626221812', 'lon': '11.0707858484934', 'display_name': 'A 8, Neulwirth, Lindl, Dasing, Landkreis Aichach-Friedberg, Bayern, 86453, Deutschland', 'address': {'road': 'A 8', 'hamlet': 'Neulwirth', 'village': 'Lindl', 'municipality': 'Dasing', 'county': 'Landkreis Aichach-Friedberg', 'state': 'Bayern', 'postcode': '86453', 'country': 'Deutschland', 'country_code': 'de'}, 'boundingbox': ['48.3883354', '48.3926085', '11.0681792', '11.0748745']}","A 8, Neulwirth, Lindl, Dasing, Landkreis Aichach-Friedberg, Bayern, 86453, Deutschland",A 8,9171228007173632520,1,0,down,[48.3910542  11.07080593],38566.43881522752,37098.97773270532
99899,9,7,61,0,2017,12,15,6,3,2,6,0,0,1,0,0,0,642193.0683,5363621.3498,10.92149318600002,48.40969520200008,"(48.40969520200008, 10.92149318600002)","{'place_id': 108127770, 'licence': 'Data © OpenStreetMap contributors, ODbL 1.0. https://osm.org/copyright', 'osm_type': 'way', 'osm_id': 27126888, 'lat': '48.40970466148609', 'lon': '10.921494743167713', 'display_name': 'A 8, Hammerschmiede, Augsburg, Bayern, 86169, Deutschland', 'address': {'road': 'A 8', 'suburb': 'Hammerschmiede', 'city': 'Augsburg', 'state': 'Bayern', 'postcode': '86169', 'country': 'Deutschland', 'country_code': 'de'}, 'boundingbox': ['48.4088208', '48.4104754', '10.9168351', '10.9268308']}","A 8, Hammerschmiede, Augsburg, Bayern, 86169, Deutschland",A 8,9171222007173622550,1,0,down,[48.40982671 10.92075242],49948.86438334305,25723.652228724823
100016,9,1,74,146,2017,12,7,6,2,8,6,0,0,1,0,0,0,666791.7303,5350960.2955,11.248638604000064,48.28984730800005,"(48.28984730800005, 11.248638604000064)","{'place_id': 108867869, 'licence': 'Data © OpenStreetMap contributors, ODbL 1.0. https://osm.org/copyright', 'osm_type': 'way', 'osm_id': 28802113, 'lat': '48.289896777174', 'lon': '11.248653672502659', 'display_name': 'A 8, Ziegelstadel, Wiedenzhausen, Sulzemoos, Landkreis Dachau, Bayern, 85259, Deutschland', 'address': {'road': 'A 8', 'hamlet': 'Ziegelstadel', 'village': 'Wiedenzhausen', 'county': 'Landkreis Dachau', 'state': 'Bayern', 'postcode': '85259', 'country': 'Deutschland', 'country_code': 'de'}, 'boundingbox': ['48.287303', '48.2952793', '11.2306553', '11.2558719']}","A 8, Ziegelstadel, Wiedenzhausen, Sulzemoos, Landkreis Dachau, Bayern, 85259, Deutschland",A 8,9171222001270629200,1,0,down,[48.28895995 11.2514555 ],20992.750728855062,54678.8115056684
100129,9,7,72,223,2017,12,22,4,3,9,1,2,0,1,0,0,0,620250.2036,5363167.5588,10.624978694000047,48.41018334400008,"(48.41018334400008, 10.624978694000047)","{'place_id': 174469944, 'licence': 'Data © OpenStreetMap contributors, ODbL 1.0. https://osm.org/copyright', 'osm_type': 'way', 'osm_id': 304768097, 'lat': '48.41019841178865', 'lon': '10.624980605890118', 'display_name': 'A 8, Zusmarshausen, Landkreis Augsburg, Bayern, 86441, Deutschland', 'address': {'road': 'A 8', 'village': 'Zusmarshausen', 'county': 'Landkreis Augsburg', 'state': 'Bayern', 'postcode': '86441', 'country': 'Deutschland', 'country_code': 'de'}, 'boundingbox': ['48.4096358', '48.410546', '10.6099251', '10.6374298']}","A 8, Zusmarshausen, Landkreis Augsburg, Bayern, 86441, Deutschland",A 8,9171227007173632490,2,0,down,[48.41018186 10.62511104],72218.69730275363,3457.7973908340227
100454,9,7,71,130,2017,12,15,7,3,9,7,0,0,1,0,0,0,645749.8915,5362824.9556,10.969251754000028,48.40172216000008,"(48.40172216000008, 10.969251754000028)","{'place_id': 169711243, 'licence': 'Data © OpenStreetMap contributors, ODbL 1.0. https://osm.org/copyright', 'osm_type': 'way', 'osm_id': 280694759, 'lat': '48.40169583525572', 'lon': '10.969249249437174', 'display_name': 'A 8, Derching, Friedberg, Landkreis Aichach-Friedberg, Bayern, 86316, Deutschland', 'address': {'road': 'A 8', 'village': 'Derching', 'town': 'Friedberg', 'county': 'Landkreis Aichach-Friedberg', 'state': 'Bayern', 'postcode': '86316', 'country': 'Deutschland', 'country_code': 'de'}, 'boundingbox': ['48.401446', '48.4037486', '10.9564506', '10.981465']}","A 8, Derching, Friedberg, Landkreis Aichach-Friedberg, Bayern, 86316, Deutschland",A 8,9171230007173640950,1,0,up,[48.40160586 10.97019486],29360.38712342163,29360.38712342163
72609,9,7,71,122,2018,1,15,2,3,8,6,0,0,1,0,0,0,652706.635,5362240.2821,11.062970924000068,48.39481888300002,"(48.39481888300002, 11.062970924000068)","{'place_id': 107914160, 'licence': 'Data © OpenStreetMap contributors, ODbL 1.0. https://osm.org/copyright', 'osm_type': 'way', 'osm_id': 27127051, 'lat': '48.39482785178803', 'lon': '11.062973714470111', 'display_name': 'A 8, Lindl, Dasing, Landkreis Aichach-Friedberg, Bayern, 86453, Deutschland', 'address': {'road': 'A 8', 'village': 'Lindl', 'municipality': 'Dasing', 'county': 'Landkreis Aichach-Friedberg', 'state': 'Bayern', 'postcode': '86453', 'country': 'Deutschland', 'country_code': 'de'}, 'boundingbox': ['48.3948165', '48.3951944', '11.0617956', '11.0630102']}","A 8, Lindl, Dasing, Landkreis Aichach-Friedberg, Bayern, 86453, Deutschland",A 8,0,0,0,down,[48.39518371 11.06182915],39282.25232934165,36388.0514073898