OBJECTID,ULAND,UREGBEZ,UKREIS,UGEMEINDE,UJAHR,UMONAT,USTUNDE,UWOCHENTAG,UKATEGORIE,UART,UTYP1,ULICHTVERH,IstRad,IstPKW,IstFuss,IstKrad,IstGkfz,LINREFX,LINREFY,XGCSWGS84,YGCSWGS84,coord,location_dict,address,road,UIDENTSTLAE,STRZUSTAND,IstSonstige,lane,coord_interp,dist_interp,dist_interp_up
73164,9,1,74,146,2018,1,15,2,3,8,1,0,0,0,0,0,1,667639.462,5350492.8223,11.259872759000077,48.28542089100006,"(48.28542089100006, 11.259872759000077)","{'place_id': 148630884, 'licence': 'Data © OpenStreetMap contributors, ODbL 1.0. https://osm.org/copyright', 'osm_type': 'way', 'osm_id': 197697279, 'lat': '48.28540190544792', 'lon': '11.259864179118374', 'display_name': 'A 8, Haidhof, Einsbach, Sulzemoos, Landkreis Dachau, Bayern, 85254, Deutschland', 'address': {'road': 'A 8', 'hamlet': 'Haidhof', 'village': 'Einsbach', 'county': 'Landkreis Dachau', 'state': 'Bayern', 'postcode': '85254', 'country': 'Deutschland', 'country_code': 'de'}, 'boundingbox': ['48.2809649', '48.287056', '11.2560819', '11.2693599']}","A 8, Haidhof, Einsbach, Sulzemoos, Landkreis Dachau, Bayern, 85254, Deutschland",A 8,0,0,1,up,[48.28544447 11.25977092],55645.280211779595,55645.280211779595
73184,9,7,72,147,2018,1,9,1,3,3,7,0,0,1,0,0,0,637823.1768,5364122.2094,10.862639182000066,48.41516958900007,"(48.41516958900007, 10.862639182000066)","{'place_id': 189346329, 'licence': 'Data © OpenStreetMap contributors, ODbL 1.0. https://osm.org/copyright', 'osm_type': 'way', 'osm_id': 376350230, 'lat': '48.415167368942406', 'lon': '10.862639013711826', 'display_name': 'A 8, Gersthofen, Landkreis Augsburg, Bayern, 86368, Deutschland', 'address': {'road': 'A 8', 'town': 'Gersthofen', 'county': 'Landkreis Augsburg', 'state': 'Bayern', 'postcode': '86368', 'country': 'Deutschland', 'country_code': 'de'}, 'boundingbox': ['48.4150764', '48.4152777', '10.8611428', '10.8637097']}","A 8, Gersthofen, Landkreis Augsburg, Bayern, 86368, Deutschland",A 8,0,0,0,down,[48.41515387 10.86281623],54354.41159013935,21320.448377217137
73217,9,7,71,130,2018,1,17,2,3,2,6,2,0,1,0,0,0,644205.929,5363173.8612,10.948523495000074,48.40521434800007,"(48.40521434800007, 10.948523495000074)","{'place_id': 202213840, 'licence': 'Data © OpenStreetMap contributors, ODbL 1.0. https://osm.org/copyright', 'osm_type': 'way', 'osm_id': 442603886, 'lat': '48.40574685', 'lon': '10.948737977057927', 'display_name': 'mobiheat, A 8, Derching, Friedberg, Landkreis Aichach-Friedberg, Bayern, 86316, Deutschland', 'address': {'building': 'mobiheat', 'road': 'A 8', 'village': 'Derching', 'town': 'Friedberg', 'county': 'Landkreis Aichach-Friedberg', 'state': 'Bayern', 'postcode': '86316', 'country': 'Deutschland', 'country_code': 'de'}, 'boundingbox': ['48.4056033', '48.4058904', '10.9484261', '10.9490498']}","mobiheat, A 8, Derching, Friedberg, Landkreis Aichach-Friedberg, Bayern, 86316, Deutschland",A 8,0,0,0,down,[48.40546717 10.9471032 ],47891.7295696244,27780.598158073244
73226,9,1,74,146,2018,1,10,1,3,8,1,0,0,1,0,0,0,668199.3015,5350142.5739,11.267274151000038,48.28212376500005,"(48.28212376500005, 11.267274151000038)","{'place_id': 111312768, 'licence': 'Data © OpenStreetMap contributors, ODbL 1.0. https://osm.org/copyright', 'osm_type': 'way', 'osm_id': 38902727, 'lat': '48.282131757817545', 'lon': '11.267277898413134', 'display_name': 'A 8, Haidhof, Einsbach, Sulzemoos, Landkreis Dachau, Bayern, 85254, Deutschland', 'address': {'road': 'A 8', 'hamlet': 'Haidhof', 'village': 'Einsbach', 'county': 'Landkreis Dachau', 'state': 'Bayern', 'postcode': '85254', 'country': 'Deutschland', 'country_code': 'de'}, 'boundingbox': ['48.281347', '48.282323', '11.26687', '11.2689517']}","A 8, Haidhof, Einsbach, Sulzemoos, Landkreis Dachau, Bayern, 85254, Deutschland",A 8,0,0,0,down,[48.28308797 11.26526625],19364.934590379005,56304.2916154732
73240,9,7,72,223,2018,1,13,7,2,2,7,0,0,1,0,0,1,624957.5441,5364290.1162,10.68889665200004,48.41936232200004,"(48.41936232200004, 10.68889665200004)","{'place_id': 174169259, 'licence': 'Data © OpenStreetMap contributors, ODbL 1.0. https://osm.org/copyright', 'osm_type': 'way', 'osm_id': 304768098, 'lat': '48.41932967272955', 'lon': '10.688892638721029', 'display_name': 'A 8, Streitheim, Zusmarshausen, Landkreis Augsburg, Bayern, 86441, Deutschland', 'address': {'road': 'A 8', 'village': 'Streitheim', 'county': 'Landkreis Augsburg', 'state': 'Bayern', 'postcode': '86441', 'country': 'Deutschland', 'country_code': 'de'}, 'boundingbox': ['48.4187014', '48.4194658', '10.6877759', '10.6962877']}","A 8, Streitheim, Zusmarshausen, Landkreis Augsburg, Bayern, 86441, Deutschland",A 8,0,0,0,up,[48.41941366 10.68821028],8425.90211066067,8425.90211066067
73351,9,1,79,142,2018,1,6,4,3,2,6,2,0,1,0,0,0,676926.9,5342795.0031,11.381745839000075,48.21369770900003,"(48.21369770900003, 11.381745839000075)","{'place_id': 179627364, 'licence': 'Data © OpenStreetMap contributors, ODbL 1.0. https://osm.org/copyright', 'osm_type': 'way', 'osm_id': 326367892, 'lat': '48.21367432576277', 'lon': '11.381732135942515', 'display_name': 'A 8, Olching, Landkreis Fürstenfeldbruck, Bayern, 82140, Deutschland', 'address': {'road': 'A 8', 'town': 'Olching', 'county': 'Landkreis Fürstenfeldbruck', 'state': 'Bayern', 'postcode': '82140', 'country': 'Deutschland', 'country_code': 'de'}, 'boundingbox': ['48.2126052', '48.2153506', '11.3788717', '11.3835348']}","A 8, Olching, Landkreis Fürstenfeldbruck, Bayern, 82140, Deutschland",A 8,0,0,0,up,[48.2122988  11.38404864],67774.70917545141,67774.70917545141
73551,9,7,71,129,2018,1,17,2,2,2,6,2,0,1,0,0,0,660135.0458,5355839.1434,11.160814724000032,48.33542881200003,"(48.33542881200003, 11.160814724000032)","{'place_id': 170077890, 'licence': 'Data © OpenStreetMap contributors, ODbL 1.0. https://osm.org/copyright', 'osm_type': 'way', 'osm_id': 280688897, 'lat': '48.335422036481', 'lon': '11.160807733902525', 'display_name': 'A 8, Eurasburg, Dasing, Landkreis Aichach-Friedberg, Bayern, 85235, Deutschland', 'address': {'road': 'A 8', 'village': 'Eurasburg', 'municipality': 'Dasing', 'county': 'Landkreis Aichach-Friedberg', 'state': 'Bayern', 'postcode': '85235', 'country': 'Deutschland', 'country_code': 'de'}, 'boundingbox': ['48.3166388', '48.340026', '11.1555112', '11.193519']}","A 8, Eurasburg, Dasing, Landkreis Aichach-Friedberg, Bayern, 85235, Deutschland",A 8,0,1,0,up,[48.33653532 11.15972894],46333.099253329834,46333.099253329834
73578,9,7,71,122,2018,1,10,5,3,3,6,0,0,0,0,0,1,653023.0736,5362058.4171,11.067176656000072,48.39310708100004,"(48.39310708100004, 11.067176656000072)","{'place_id': 169534566, 'licence': 'Data © OpenStreetMap contributors, ODbL 1.0. https://osm.org/copyright', 'osm_type': 'way', 'osm_id': 280691747, 'lat': '48.39311726385346', 'lon': '11.067181807185262', 'display_name': 'A 8, Neulwirth, Lindl, Dasing, Landkreis Aichach-Friedberg, Bayern, 86453, Deutschland', 'address': {'road': 'A 8', 'hamlet': 'Neulwirth', 'village': 'Lindl', 'municipality': 'Dasing', 'county': 'Landkreis Aichach-Friedberg', 'state': 'Bayern', 'postcode': '86453', 'country': 'Deutschland', 'country_code': 'de'}, 'boundingbox': ['48.3926085', '48.3936123', '11.0661293', '11.0681792']}","A 8, Neulwirth, Lindl, Dasing, Landkreis Aichach-Friedberg, Bayern, 86453, Deutschland",A 8,0,0,1,down,[48.3929348  11.06754201],38917.18402094516,36750.021491377476
73612,9,7,61,0,2018,1,7,2,3,2,6,0,0,1,0,0,0,640088.1367,5364033.1619,10.893202457000028,48.41386944700008,"(48.41386944700008, 10.893202457000028)","{'place_id': 107051918, 'licence': 'Data © OpenStreetMap contributors, ODbL 1.0. https://osm.org/copyright', 'osm_type': 'way', 'osm_id': 27394068, 'lat': '48.41383852330473', 'lon': '10.893200025938542', 'display_name': 'A 8, Firnhaberau, Augsburg, Bayern, 86169, Deutschland', 'address': {'road': 'A 8', 'suburb': 'Firnhaberau', 'city': 'Augsburg', 'state': 'Bayern', 'postcode': '86169', 'country': 'Deutschland', 'country_code': 'de'}, 'boundingbox': ['48.4118564', '48.4140709', '10.8897511', '10.907569']}","A 8, Firnhaberau, Augsburg, Bayern, 86169, Deutschland",A 8,0,1,0,up,[48.41385744 10.89295603],23583.30463933049,23583.30463933049
73689,9,1,62,0,2018,1,21,3,3,2,1,2,0,1,0,0,0,681576.0425,5338606.217,11.442481920000034,48.17473291100004,"(48.17473291100004, 11.442481920000034)","{'place_id': 106721505, 'licence': 'Data © OpenStreetMap contributors, ODbL 1.0. https://osm.org/copyright', 'osm_type': 'way', 'osm_id': 26600569, 'lat': '48.174750669969455', 'lon': '11.442493575892888', 'display_name': 'A 8, Pipping, Obermenzing, Pasing-Obermenzing, München, Bayern, 81247, Deutschland', 'address': {'road': 'A 8', 'suburb': 'Pipping', 'city_district': 'Pasing-Obermenzing', 'city': 'München', 'state': 'Bayern', 'postcode': '81247', 'country': 'Deutschland', 'country_code': 'de'}, 'boundingbox': ['48.1684179', '48.1765557', '11.4397579', '11.4523071']}","A 8, Pipping, Obermenzing, Pasing-Obermenzing, München, Bayern, 81247, Deutschland",A 8,0,2,1,down,[48.172583  11.4458163],1640.4807825573748,74026.25447113984
73721,9,7,72,111,2018,1,22,4,3,2,6,2,0,1,0,0,0,626968.7109,5364122.5352,10.71601578800005,48.41745325300008,"(48.41745325300008, 10.71601578800005)","{'place_id': 179285986, 'licence': 'Data © OpenStreetMap contributors, ODbL 1.0. https://osm.org/copyright', 'osm_type': 'way', 'osm_id': 327667395, 'lat': '48.4174574120407', 'lon': '10.716016079506678', 'display_name': 'A 8, Adelsried, Landkreis Augsburg, Bayern, 86477, Deutschland', 'address': {'road': 'A 8', 'village': 'Adelsried', 'county': 'Landkreis Augsburg', 'state': 'Bayern', 'postcode': '86477', 'country': 'Deutschland', 'country_code': 'de'}, 'boundingbox': ['48.4173813', '48.4201097', '10.6826043', '10.717102']}","A 8, Adelsried, Landkreis Augsburg, Bayern, 86477, Deutschland",A 8,0,0,0,down,[48.41745172 10.71609557],65235.697239975336,10439.605899550459
73722,9,7,71,122,2018,1,19,4,3,3,7,2,0,1,0,0,0,653730.4153,5361423.4842,11.07649320300004,48.387226585000064,"(48.387226585000064, 11.07649320300004)","{'place_id': 112409051, 'licence': 'Data © OpenStreetMap contributors, ODbL 1.0. https://osm.org/copyright', 'osm_type': 'way', 'osm_id': 42400874, 'lat': '48.3872390638254', 'lon': '11.07650168395456', 'display_name': 'A 8, Burgadelzhausen, Adelzhausen, Dasing, Landkreis Aichach-Friedberg, Bayern, 86453, Deutschland', 'address': {'road': 'A 8', 'village': 'Burgadelzhausen', 'municipality': 'Dasing', 'county': 'Landkreis Aichach-Friedberg', 'state': 'Bayern', 'postcode': '86453', 'country': 'Deutschland', 'country_code': 'de'}, 'boundingbox': ['48.3561686', '48.3880438', '11.0753176', '11.1309595']}","A 8, Burgadelzhausen, Adelzhausen, Dasing, Landkreis Aichach-Friedberg, Bayern, 86453, Deutschland",A 8,0,0,0,down,[48.38765533 11.0758898 ],37966.51162397201,37698.26558099178
73748,9,7,61,0,2018,1,7,2,3,2,6,2,0,1,0,0,0,640088.1367,5364033.1619,10.893202457000028,48.41386944700008,"(48.41386944700008, 10.893202457000028)","{'place_id': 107051918, 'licence': 'Data © OpenStreetMap contributors, ODbL 1.0. https://osm.org/copyright', 'osm_type': 'way', 'osm_id': 27394068, 'lat': '48.41383852330473', 'lon': '10.893200025938542', 'display_name': 'A 8, Firnhaberau, Augsburg, Bayern, 86169, Deutschland', 'address': {'road': 'A 8', 'suburb': 'Firnhaberau', 'city': 'Augsburg', 'state': 'Bayern', 'postcode': '86169', 'country': 'Deutschland', 'country_code': 'de'}, 'boundingbox': ['48.4118564', '48.4140709', '10.8897511', '10.907569']}","A 8, Firnhaberau, Augsburg, Bayern, 86169, Deutschland",A 8,0,1,0,up,[48.41385744 10.89295603],23583.30463933049,23583.30463933049
73985,9,7,72,111,2018,1,19,3,3,2,6,2,0,1,0,0,0,627570.7809,5364062.2699,10.724130770000045,48.41678970600003,"(48.41678970600003, 10.724130770000045)","{'place_id': 119052162, 'licence': 'Data © OpenStreetMap contributors, ODbL 1.0. https://osm.org/copyright', 'osm_type': 'way', 'osm_id': 74214713, 'lat': '48.41607415', 'lon': '10.724009222856855', 'display_name': 'Maria, Schutz der Reisenden, A 8, Adelsried, Landkreis Augsburg, Bayern, 86477, Deutschland', 'address': {'amenity': 'Maria, Schutz der Reisenden', 'road': 'A 8', 'village': 'Adelsried', 'county': 'Landkreis Augsburg', 'state': 'Bayern', 'postcode': '86477', 'country': 'Deutschland', 'country_code': 'de'}, 'boundingbox': ['48.4159653', '48.4161752', '10.7238683', '10.7241455']}","Maria, Schutz der Reisenden, A 8, Adelsried, Landkreis Augsburg, Bayern, 86477, Deutschland",A 8,0,1,0,up,[48.41684499 10.7227463 ],11043.264485496225,11043.264485496225
74152,9,1,74,146,2018,1,4,2,3,8,1,2,0,1,0,0,0,664903.4879,5351801.9696,11.223530555000025,48.29790868700008,"(48.29790868700008, 11.223530555000025)","{'place_id': 207325858, 'licence': 'Data © OpenStreetMap contributors, ODbL 1.0. https://osm.org/copyright', 'osm_type': 'way', 'osm_id': 477921133, 'lat': '48.297917315218655', 'lon': '11.223534661572847', 'display_name': 'A 8, Lukka, Taxa, Odelzhausen, Landkreis Dachau, Bayern, 85259, Deutschland', 'address': {'road': 'A 8', 'hamlet': 'Lukka', 'village': 'Taxa', 'county': 'Landkreis Dachau', 'state': 'Bayern', 'postcode': '85259', 'country': 'Deutschland', 'country_code': 'de'}, 'boundingbox': ['48.295503', '48.306587', '11.2092555', '11.2299598']}","A 8, Lukka, Taxa, Odelzhausen, Landkreis Dachau, Bayern, 85259, Deutschland",A 8,0,2,0,down,[48.2980002 11.2233608],23057.958409367406,52611.940569196304
74259,9,1,74,135,2018,1,5,1,3,8,1,2,0,1,0,0,0,660640.4273,5355207.9189,11.167388501000062,48.32962569500006,"(48.32962569500006, 11.167388501000062)","{'place_id': 170077890, 'licence': 'Data © OpenStreetMap contributors, ODbL 1.0. https://osm.org/copyright', 'osm_type': 'way', 'osm_id': 280688897, 'lat': '48.329606227517594', 'lon': '11.167376008855157', 'display_name': 'A 8, Eurasburg, Dasing, Landkreis Aichach-Friedberg, Bayern, 85235, Deutschland', 'address': {'road': 'A 8', 'village': 'Eurasburg', 'municipality': 'Dasing', 'county': 'Landkreis Aichach-Friedberg', 'state': 'Bayern', 'postcode': '85235', 'country': 'Deutschland', 'country_code': 'de'}, 'boundingbox': ['48.3166388', '48.340026', '11.1555112', '11.193519']}","A 8, Eurasburg, Dasing, Landkreis Aichach-Friedberg, Bayern, 85235, Deutschland",A 8,0,2,0,up,[48.32979154 11.16708716],47144.456335397095,47144.456335397095
74263,9,7,71,129,2018,1,5,1,3,8,1,2,0,1,0,0,0,660406.5544,5355454.6712,11.16432930600007,48.33190345500003,"(48.33190345500003, 11.16432930600007)","{'place_id': 170077890, 'licence': 'Data © OpenStreetMap contributors, ODbL 1.0. https://osm.org/copyright', 'osm_type': 'way', 'osm_id': 280688897, 'lat': '48.331870184388464', 'lon': '11.164301048374977', 'display_name': 'A 8, Eurasburg, Dasing, Landkreis Aichach-Friedberg, Bayern, 85235, Deutschland', 'address': {'road': 'A 8', 'village': 'Eurasburg', 'municipality': 'Dasing', 'county': 'Landkreis Aichach-Friedberg', 'state': 'Bayern', 'postcode': '85235', 'country': 'Deutschland', 'country_code': 'de'}, 'boundingbox': ['48.3166388', '48.340026', '11.1555112', '11.193519']}","A 8, Eurasburg, Dasing, Landkreis Aichach-Friedberg, Bayern, 85235, Deutschland",A 8,0,1,0,up,[48.3320363  11.16410553],46804.1106965268,46804.1106965268
74265,9,1,74,135,2018,1,4,1,3,9,1,2,0,1,0,0,0,660752.8921,5355108.1689,11.168866721000027,48.32870032700004,"(48.32870032700004, 11.168866721000027)","{'place_id': 170077890, 'licence': 'Data © OpenStreetMap contributors, ODbL 1.0. https://osm.org/copyright', 'osm_type': 'way', 'osm_id': 280688897, 'lat': '48.328680836741256', 'lon': '11.168855564690691', 'display_name': 'A 8, Eurasburg, Dasing, Landkreis Aichach-Friedberg, Bayern, 85235, Deutschland', 'address': {'road': 'A 8', 'village': 'Eurasburg', 'municipality': 'Dasing', 'county': 'Landkreis Aichach-Friedberg', 'state': 'Bayern', 'postcode': '85235', 'country': 'Deutschland', 'country_code': 'de'}, 'boundingbox': ['48.3166388', '48.340026', '11.1555112', '11.193519']}","A 8, Eurasburg, Dasing, Landkreis Aichach-Friedberg, Bayern, 85235, Deutschland",A 8,0,2,0,up,[48.32940178 11.167693  ],47294.634426535864,47294.634426535864
74372,9,7,71,111,2018,1,4,2,3,8,1,2,0,1,0,0,1,658516.7461,5357188.7234,11.13950169800006,48.34797006100007,"(48.34797006100007, 11.13950169800006)","{'place_id': 163640178, 'licence': 'Data © OpenStreetMap contributors, ODbL 1.0. https://osm.org/copyright', 'osm_type': 'way', 'osm_id': 251505091, 'lat': '48.34794900918338', 'lon': '11.139489116238474', 'display_name': 'A 8, Holzschuster, Burgadelzhausen, Adelzhausen, Dasing, Landkreis Aichach-Friedberg, Bayern, 86559, Deutschland', 'address': {'road': 'A 8', 'hamlet': 'Holzschuster', 'village': 'Burgadelzhausen', 'municipality': 'Dasing', 'county': 'Landkreis Aichach-Friedberg', 'state': 'Bayern', 'postcode': '86559', 'country': 'Deutschland', 'country_code': 'de'}, 'boundingbox': ['48.3478008', '48.3488778', '11.1380062', '11.1397371']}","A 8, Holzschuster, Burgadelzhausen, Adelzhausen, Dasing, Landkreis Aichach-Friedberg, Bayern, 86559, Deutschland",A 8,0,2,0,up,[48.34806574 11.13929366],44208.202234998884,44208.202234998884
74380,9,1,74,113,2018,1,13,2,3,2,1,0,0,1,0,0,1,673816.9285,5345365.4156,11.340970796000022,48.23766336200004,"(48.23766336200004, 11.340970796000022)","{'place_id': 125641879, 'licence': 'Data © OpenStreetMap contributors, ODbL 1.0. https://osm.org/copyright', 'osm_type': 'way', 'osm_id': 105836028, 'lat': '48.23829685', 'lon': '11.342871400000007', 'display_name': 'Logicpark, A 8, Bergkirchen, Landkreis Dachau, Bayern, 85232, Deutschland', 'address': {'building': 'Logicpark', 'road': 'A 8', 'village': 'Bergkirchen', 'county': 'Landkreis Dachau', 'state': 'Bayern', 'postcode': '85232', 'country': 'Deutschland', 'country_code': 'de'}, 'boundingbox': ['48.2371782', '48.2394155', '11.3410869', '11.3446559']}","Logicpark, A 8, Bergkirchen, Landkreis Dachau, Bayern, 85232, Deutschland",A 8,0,1,0,down,[48.23663581 11.3429388 ],11922.264150878425,63746.0371512643
74479,9,1,74,113,2018,1,11,6,3,8,7,0,0,0,0,0,0,672410.9952,5346320.3106,11.322440616000051,48.24663113200006,"(48.24663113200006, 11.322440616000051)","{'place_id': 179804010, 'licence': 'Data © OpenStreetMap contributors, ODbL 1.0. https://osm.org/copyright', 'osm_type': 'way', 'osm_id': 327464677, 'lat': '48.24659854059934', 'lon': '11.322424718777729', 'display_name': 'A 8, Palsweis, Bergkirchen, Landkreis Dachau, Bayern, 85232, Deutschland', 'address': {'road': 'A 8', 'village': 'Palsweis', 'county': 'Landkreis Dachau', 'state': 'Bayern', 'postcode': '85232', 'country': 'Deutschland', 'country_code': 'de'}, 'boundingbox': ['48.2375667', '48.2544385', '11.3063647', '11.3408042']}","A 8, Palsweis, Bergkirchen, Landkreis Dachau, Bayern, 85232, Deutschland",A 8,0,0,1,up,[48.24055205 11.33482028],62049.86441049217,62049.86441049217
74496,9,7,71,130,2018,1,16,4,2,2,6,0,0,1,0,0,0,647816.6018,5362785.3211,10.997143951000057,48.400884621000046,"(48.400884621000046, 10.997143951000057)","{'place_id': 171593475, 'licence': 'Data © OpenStreetMap contributors, ODbL 1.0. https://osm.org/copyright', 'osm_type': 'way', 'osm_id': 288973413, 'lat': '48.400891064563574', 'lon': '10.997144351247156', 'display_name': 'A 8, Sophienhof, Bitzenhofen, Dasing, Landkreis Aichach-Friedberg, Bayern, 86453, Deutschland', 'address': {'road': 'A 8', 'hamlet': 'Sophienhof', 'village': 'Bitzenhofen', 'municipality': 'Dasing', 'county': 'Landkreis Aichach-Friedberg', 'state': 'Bayern', 'postcode': '86453', 'country': 'Deutschland', 'country_code': 'de'}, 'boundingbox': ['48.3960534', '48.4039031', '10.9564457', '11.0556046']}","A 8, Sophienhof, Bitzenhofen, Dasing, Landkreis Aichach-Friedberg, Bayern, 86453, Deutschland",A 8,0,0,0,down,[48.40074495 10.99949214],44249.70315848714,31425.365277354536
74500,9,7,71,130,2018,1,16,4,3,2,6,0,0,1,0,0,0,647815.725,5362785.387,10.997132136000062,48.40088541900008,"(48.40088541900008, 10.997132136000062)","{'place_id': 171593475, 'licence': 'Data © OpenStreetMap contributors, ODbL 1.0. https://osm.org/copyright', 'osm_type': 'way', 'osm_id': 288973413, 'lat': '48.40089179870822', 'lon': '10.99713253228073', 'display_name': 'A 8, Sophienhof, Bitzenhofen, Dasing, Landkreis Aichach-Friedberg, Bayern, 86453, Deutschland', 'address': {'road': 'A 8', 'hamlet': 'Sophienhof', 'village': 'Bitzenhofen', 'municipality': 'Dasing', 'county': 'Landkreis Aichach-Friedberg', 'state': 'Bayern', 'postcode': '86453', 'country': 'Deutschland', 'country_code': 'de'}, 'boundingbox': ['48.3960534', '48.4039031', '10.9564457', '11.0556046']}","A 8, Sophienhof, Bitzenhofen, Dasing, Landkreis Aichach-Friedberg, Bayern, 86453, Deutschland",A 8,0,0,0,down,[48.40074422 10.99950397],44250.580110080984,31424.488345326285
74612,9,1,74,135,2018,1,9,4,3,2,6,0,0,1,0,0,0,663870.0914,5352680.1942,11.209948160000067,48.30607240900008,"(48.30607240900008, 11.209948160000067)","{'place_id': 207325858, 'licence': 'Data © OpenStreetMap contributors, ODbL 1.0. https://osm.org/copyright', 'osm_type': 'way', 'osm_id': 477921133, 'lat': '48.306099709153045', 'lon': '11.209966860935124', 'display_name': 'A 8, Lukka, Taxa, Odelzhausen, Landkreis Dachau, Bayern, 85259, Deutschland', 'address': {'road': 'A 8', 'hamlet': 'Lukka', 'village': 'Taxa', 'county': 'Landkreis Dachau', 'state': 'Bayern', 'postcode': '85259', 'country': 'Deutschland', 'country_code': 'de'}, 'boundingbox': ['48.295503', '48.306587', '11.2092555', '11.2299598']}","A 8, Lukka, Taxa, Odelzhausen, Landkreis Dachau, Bayern, 85259, Deutschland",A 8,0,0,0,down,[48.30563807 11.21064062],24415.066978209237,51251.18790161935
74616,9,1,74,146,2018,1,8,4,3,2,6,0,0,1,0,0,0,667058.6808,5350825.2227,11.252181248000056,48.28856263100005,"(48.28856263100005, 11.252181248000056)","{'place_id': 207155179, 'licence': 'Data © OpenStreetMap contributors, ODbL 1.0. https://osm.org/copyright', 'osm_type': 'way', 'osm_id': 477921131, 'lat': '48.28854316579149', 'lon': '11.252174199844307', 'display_name': 'A 8, Ziegelstadel, Wiedenzhausen, Sulzemoos, Landkreis Dachau, Bayern, 85254, Deutschland', 'address': {'road': 'A 8', 'hamlet': 'Ziegelstadel', 'village': 'Wiedenzhausen', 'county': 'Landkreis Dachau', 'state': 'Bayern', 'postcode': '85254', 'country': 'Deutschland', 'country_code': 'de'}, 'boundingbox': ['48.28718', '48.2919587', '11.2411804', '11.2557664']}","A 8, Ziegelstadel, Wiedenzhausen, Sulzemoos, Landkreis Dachau, Bayern, 85254, Deutschland",A 8,0,0,0,up,[48.28850327 11.25228459],54977.15710144553,54977.15710144553
74620,9,7,71,130,2018,1,13,6,3,3,6,0,0,1,0,0,0,646109.5336,5362805.2297,10.974101078000048,48.40146155200006,"(48.40146155200006, 10.974101078000048)","{'place_id': 169711243, 'licence': 'Data © OpenStreetMap contributors, ODbL 1.0. https://osm.org/copyright', 'osm_type': 'way', 'osm_id': 280694759, 'lat': '48.40144760305806', 'lon': '10.974100850175205', 'display_name': 'A 8, Derching, Friedberg, Landkreis Aichach-Friedberg, Bayern, 86316, Deutschland', 'address': {'road': 'A 8', 'village': 'Derching', 'town': 'Friedberg', 'county': 'Landkreis Aichach-Friedberg', 'state': 'Bayern', 'postcode': '86316', 'country': 'Deutschland', 'country_code': 'de'}, 'boundingbox': ['48.401446', '48.4037486', '10.9564506', '10.981465']}","A 8, Derching, Friedberg, Landkreis Aichach-Friedberg, Bayern, 86316, Deutschland",A 8,0,0,0,up,[48.40147238 10.97259544],29720.302857802468,29720.302857802468
74681,9,7,61,0,2018,1,8,3,3,3,6,0,0,1,0,0,1,641121.8638,5363859.3823,10.907106146000046,48.41207625000004,"(48.41207625000004, 10.907106146000046)","{'place_id': 163393479, 'licence': 'Data © OpenStreetMap contributors, ODbL 1.0. https://osm.org/copyright', 'osm_type': 'way', 'osm_id': 251505088, 'lat': '48.41208161968237', 'lon': '10.907107034358683', 'display_name': 'A 8, Hammerschmiede, Augsburg, Bayern, 86169, Deutschland', 'address': {'road': 'A 8', 'suburb': 'Hammerschmiede', 'city': 'Augsburg', 'state': 'Bayern', 'postcode': '86169', 'country': 'Deutschland', 'country_code': 'de'}, 'boundingbox': ['48.4106727', '48.41233', '10.9056057', '10.9156465']}","A 8, Hammerschmiede, Augsburg, Bayern, 86169, Deutschland",A 8,0,0,0,down,[48.41285725 10.90244252],51043.58597292294,24629.108821765894
74682,9,7,71,129,2018,1,20,6,2,2,6,2,0,1,0,0,0,658841.3457,5356954.663,11.143791340000064,48.345784235000046,"(48.345784235000046, 11.143791340000064)","{'place_id': 169057293, 'licence': 'Data © OpenStreetMap contributors, ODbL 1.0. https://osm.org/copyright', 'osm_type': 'way', 'osm_id': 280690992, 'lat': '48.345761345493095', 'lon': '11.143781031887727', 'display_name': 'A 8, Holzschuster, Burgadelzhausen, Adelzhausen, Dasing, Landkreis Aichach-Friedberg, Bayern, 86559, Deutschland', 'address': {'road': 'A 8', 'hamlet': 'Holzschuster', 'village': 'Burgadelzhausen', 'municipality': 'Dasing', 'county': 'Landkreis Aichach-Friedberg', 'state': 'Bayern', 'postcode': '86559', 'country': 'Deutschland', 'country_code': 'de'}, 'boundingbox': ['48.3451351', '48.3478008', '11.1397371', '11.1451555']}","A 8, Holzschuster, Burgadelzhausen, Adelzhausen, Dasing, Landkreis Aichach-Friedberg, Bayern, 86559, Deutschland",A 8,0,0,0,up,[48.34616638 11.14288265],44608.504809584745,44608.504809584745
75135,9,1,62,0,2018,2,7,3,3,2,6,0,0,1,0,0,0,680473.2777,5339632.0965,11.42809754700005,48.184268477000046,"(48.184268477000046, 11.42809754700005)","{'place_id': 169320367, 'licence': 'Data © OpenStreetMap contributors, ODbL 1.0. https://osm.org/copyright', 'osm_type': 'way', 'osm_id': 280273997, 'lat': '48.184270933932396', 'lon': '11.42809912525912', 'display_name': 'A 8, Langwied, Lochhausen, Aubing-Lochhausen-Langwied, München, Bayern, 81249, Deutschland', 'address': {'road': 'A 8', 'suburb': 'Langwied', 'city_district': 'Aubing-Lochhausen-Langwied', 'city': 'München', 'state': 'Bayern', 'postcode': '81249', 'country': 'Deutschland', 'country_code': 'de'}, 'boundingbox': ['48.1842335', '48.1942191', '11.4130426', '11.4281574']}","A 8, Langwied, Lochhausen, Aubing-Lochhausen-Langwied, München, Bayern, 81249, Deutschland",A 8,0,0,1,down,[48.18378686 11.42882444],3144.797992757836,72521.99508316592