OBJECTID,ULAND,UREGBEZ,UKREIS,UGEMEINDE,UJAHR,UMONAT,USTUNDE,UWOCHENTAG,UKATEGORIE,UART,UTYP1,ULICHTVERH,IstRad,IstPKW,IstFuss,IstKrad,IstGkfz,LINREFX,LINREFY,XGCSWGS84,YGCSWGS84,coord,location_dict,address,road,UIDENTSTLAE,STRZUSTAND,IstSonstige,lane,coord_interp,dist_interp,dist_interp_up
75161,9,7,71,130,2018,2,12,7,2,8,1,0,0,1,0,0,0,643522.3727,5363325.8866,10.939344726000058,48.40673727300003,"(48.40673727300003, 10.939344726000058)","{'place_id': 170078922, 'licence': 'Data © OpenStreetMap contributors, ODbL 1.0. https://osm.org/copyright', 'osm_type': 'way', 'osm_id': 280694756, 'lat': '48.406742760098005', 'lon': '10.939345638439463', 'display_name': 'A 8, Dickelsmoor, Friedberg, Landkreis Aichach-Friedberg, Bayern, 86169, Deutschland', 'address': {'road': 'A 8', 'hamlet': 'Dickelsmoor', 'town': 'Friedberg', 'county': 'Landkreis Aichach-Friedberg', 'state': 'Bayern', 'postcode': '86169', 'country': 'Deutschland', 'country_code': 'de'}, 'boundingbox': ['48.4052755', '48.4085066', '10.9287196', '10.9482169']}","A 8, Dickelsmoor, Friedberg, Landkreis Aichach-Friedberg, Bayern, 86169, Deutschland",A 8,0,0,0,down,[48.40642056 10.94128233],48590.33526956506,27082.110756513863
75171,9,7,71,111,2018,2,11,7,3,2,6,0,0,1,0,0,0,657895.4249,5357987.8267,11.131421498000066,48.35530994300007,"(48.35530994300007, 11.131421498000066)","{'place_id': 113208559, 'licence': 'Data © OpenStreetMap contributors, ODbL 1.0. https://osm.org/copyright', 'osm_type': 'way', 'osm_id': 42400873, 'lat': '48.35530145707936', 'lon': '11.131411132702876', 'display_name': 'A 8, Burgadelzhausen, Adelzhausen, Dasing, Landkreis Aichach-Friedberg, Bayern, 86559, Deutschland', 'address': {'road': 'A 8', 'village': 'Burgadelzhausen', 'municipality': 'Dasing', 'county': 'Landkreis Aichach-Friedberg', 'state': 'Bayern', 'postcode': '86559', 'country': 'Deutschland', 'country_code': 'de'}, 'boundingbox': ['48.3524329', '48.3557477', '11.1310458', '11.1338122']}","A 8, Burgadelzhausen, Adelzhausen, Dasing, Landkreis Aichach-Friedberg, Bayern, 86559, Deutschland",A 8,0,1,0,up,[48.35657806 11.1303479 ],43189.286674306895,43189.286674306895
75329,9,7,72,147,2018,2,12,1,3,3,1,0,0,1,0,0,0,629118.1945,5364145.2403,10.745059716000071,48.41722060700005,"(48.41722060700005, 10.745059716000071)","{'place_id': 172400300, 'licence': 'Data © OpenStreetMap contributors, ODbL 1.0. https://osm.org/copyright', 'osm_type': 'way', 'osm_id': 295617776, 'lat': '48.41720502513405', 'lon': '10.745060337176294', 'display_name': 'A 8, Rettenbergen, Gersthofen, Landkreis Augsburg, Bayern, 86368, Deutschland', 'address': {'road': 'A 8', 'village': 'Rettenbergen', 'town': 'Gersthofen', 'county': 'Landkreis Augsburg', 'state': 'Bayern', 'postcode': '86368', 'country': 'Deutschland', 'country_code': 'de'}, 'boundingbox': ['48.417199', '48.418131', '10.7449092', '10.7667927']}","A 8, Rettenbergen, Gersthofen, Landkreis Augsburg, Bayern, 86368, Deutschland",A 8,0,2,0,up,[48.41709865 10.74205999],12590.428455502622,12590.428455502622
75438,9,1,62,0,2018,2,17,6,3,2,6,2,0,1,0,0,0,680261.096,5339828.5607,11.425328861000024,48.18609470000007,"(48.18609470000007, 11.425328861000024)","{'place_id': 169320367, 'licence': 'Data © OpenStreetMap contributors, ODbL 1.0. https://osm.org/copyright', 'osm_type': 'way', 'osm_id': 280273997, 'lat': '48.186085404395286', 'lon': '11.425322713381256', 'display_name': 'A 8, Langwied, Lochhausen, Aubing-Lochhausen-Langwied, München, Bayern, 81249, Deutschland', 'address': {'road': 'A 8', 'suburb': 'Langwied', 'city_district': 'Aubing-Lochhausen-Langwied', 'city': 'München', 'state': 'Bayern', 'postcode': '81249', 'country': 'Deutschland', 'country_code': 'de'}, 'boundingbox': ['48.1842335', '48.1942191', '11.4130426', '11.4281574']}","A 8, Langwied, Lochhausen, Aubing-Lochhausen-Langwied, München, Bayern, 81249, Deutschland",A 8,0,0,0,down,[48.18316748 11.42981618],3433.5979955846306,72233.14255748494
75864,9,1,74,113,2018,2,22,3,3,3,6,2,0,1,0,0,0,674048.121,5345174.1711,11.344003224000062,48.23588079700005,"(48.23588079700005, 11.344003224000062)","{'place_id': 164049005, 'licence': 'Data © OpenStreetMap contributors, ODbL 1.0. https://osm.org/copyright', 'osm_type': 'way', 'osm_id': 251505090, 'lat': '48.235855455251865', 'lon': '11.343989213808138', 'display_name': 'A 8, Bergkirchen, Landkreis Dachau, Bayern, 85232, Deutschland', 'address': {'road': 'A 8', 'village': 'Bergkirchen', 'county': 'Landkreis Dachau', 'state': 'Bayern', 'postcode': '85232', 'country': 'Deutschland', 'country_code': 'de'}, 'boundingbox': ['48.2305476', '48.2364882', '11.3428447', '11.3530926']}","A 8, Bergkirchen, Landkreis Dachau, Bayern, 85232, Deutschland",A 8,0,0,0,up,[48.23616364 11.34343199],64045.223975527086,64045.223975527086
75988,9,7,72,223,2018,2,21,2,3,8,1,2,0,1,0,0,0,625323.8754,5364247.9897,10.693833063000056,48.41891073200002,"(48.41891073200002, 10.693833063000056)","{'place_id': 174169259, 'licence': 'Data © OpenStreetMap contributors, ODbL 1.0. https://osm.org/copyright', 'osm_type': 'way', 'osm_id': 304768098, 'lat': '48.41887272350497', 'lon': '10.693830202946156', 'display_name': 'A 8, Streitheim, Zusmarshausen, Landkreis Augsburg, Bayern, 86441, Deutschland', 'address': {'road': 'A 8', 'village': 'Streitheim', 'county': 'Landkreis Augsburg', 'state': 'Bayern', 'postcode': '86441', 'country': 'Deutschland', 'country_code': 'de'}, 'boundingbox': ['48.4187014', '48.4194658', '10.6877759', '10.6962877']}","A 8, Streitheim, Zusmarshausen, Landkreis Augsburg, Bayern, 86441, Deutschland",A 8,0,0,0,up,[48.41892847 10.69309528],8794.081717541627,8794.081717541627
76004,9,7,61,0,2018,2,16,5,3,2,6,1,0,1,0,0,0,640188.0079,5364022.8411,10.894547937000029,48.41375443700008,"(48.41375443700008, 10.894547937000029)","{'place_id': 107051918, 'licence': 'Data © OpenStreetMap contributors, ODbL 1.0. https://osm.org/copyright', 'osm_type': 'way', 'osm_id': 27394068, 'lat': '48.41372438559746', 'lon': '10.894545276018249', 'display_name': 'A 8, Firnhaberau, Augsburg, Bayern, 86169, Deutschland', 'address': {'road': 'A 8', 'suburb': 'Firnhaberau', 'city': 'Augsburg', 'state': 'Bayern', 'postcode': '86169', 'country': 'Deutschland', 'country_code': 'de'}, 'boundingbox': ['48.4118564', '48.4140709', '10.8897511', '10.907569']}","A 8, Firnhaberau, Augsburg, Bayern, 86169, Deutschland",A 8,0,0,1,up,[48.41372746 10.89450908],23683.40683100944,23683.40683100944
76068,9,1,79,142,2018,2,6,5,3,2,6,0,0,1,0,0,0,677080.9104,5342666.8368,11.383763721000037,48.21250266000004,"(48.21250266000004, 11.383763721000037)","{'place_id': 108533752, 'licence': 'Data © OpenStreetMap contributors, ODbL 1.0. https://osm.org/copyright', 'osm_type': 'way', 'osm_id': 28784616, 'lat': '48.212478419037666', 'lon': '11.383749399970382', 'display_name': 'A 8, Olching, Landkreis Fürstenfeldbruck, Bayern, 82140, Deutschland', 'address': {'road': 'A 8', 'town': 'Olching', 'county': 'Landkreis Fürstenfeldbruck', 'state': 'Bayern', 'postcode': '82140', 'country': 'Deutschland', 'country_code': 'de'}, 'boundingbox': ['48.2112162', '48.2126052', '11.3835348', '11.3858694']}","A 8, Olching, Landkreis Fürstenfeldbruck, Bayern, 82140, Deutschland",A 8,0,0,0,up,[48.21349823 11.38203664],67974.79796459412,67974.79796459412
76161,9,1,79,142,2018,2,6,3,3,2,6,1,0,1,0,0,0,676904.01,5342813.9745,11.38144588800003,48.21387462500008,"(48.21387462500008, 11.38144588800003)","{'place_id': 179627364, 'licence': 'Data © OpenStreetMap contributors, ODbL 1.0. https://osm.org/copyright', 'osm_type': 'way', 'osm_id': 326367892, 'lat': '48.213850394261115', 'lon': '11.38143168828913', 'display_name': 'A 8, Olching, Landkreis Fürstenfeldbruck, Bayern, 82140, Deutschland', 'address': {'road': 'A 8', 'town': 'Olching', 'county': 'Landkreis Fürstenfeldbruck', 'state': 'Bayern', 'postcode': '82140', 'country': 'Deutschland', 'country_code': 'de'}, 'boundingbox': ['48.2126052', '48.2153506', '11.3788717', '11.3835348']}","A 8, Olching, Landkreis Fürstenfeldbruck, Bayern, 82140, Deutschland",A 8,0,1,1,up,[48.21212083 11.38434717],67745.02058256153,67745.02058256153
76181,9,7,71,122,2018,2,3,6,3,3,6,2,0,1,0,0,0,653646.8195,5361485.2732,11.075387411000063,48.387802478000026,"(48.387802478000026, 11.075387411000063)","{'place_id': 123171715, 'licence': 'Data © OpenStreetMap contributors, ODbL 1.0. https://osm.org/copyright', 'osm_type': 'way', 'osm_id': 95261689, 'lat': '48.3877952092754', 'lon': '11.075382460837318', 'display_name': 'A 8, Burgadelzhausen, Adelzhausen, Dasing, Landkreis Aichach-Friedberg, Bayern, 86453, Deutschland', 'address': {'road': 'A 8', 'village': 'Burgadelzhausen', 'municipality': 'Dasing', 'county': 'Landkreis Aichach-Friedberg', 'state': 'Bayern', 'postcode': '86453', 'country': 'Deutschland', 'country_code': 'de'}, 'boundingbox': ['48.3561378', '48.3880253', '11.0750446', '11.1307183']}","A 8, Burgadelzhausen, Adelzhausen, Dasing, Landkreis Aichach-Friedberg, Bayern, 86453, Deutschland",A 8,0,1,1,up,[48.38852082 11.07433109],37595.316430804014,37595.316430804014
76266,9,1,79,142,2018,2,8,4,3,2,6,0,0,1,0,0,0,677051.2696,5342709.7543,11.383382985000026,48.21289671800008,"(48.21289671800008, 11.383382985000026)","{'place_id': 115264999, 'licence': 'Data © OpenStreetMap contributors, ODbL 1.0. https://osm.org/copyright', 'osm_type': 'way', 'osm_id': 55706469, 'lat': '48.21289838896549', 'lon': '11.383383964063029', 'display_name': 'A 8, Graßlfing, Olching, Landkreis Fürstenfeldbruck, Bayern, 82140, Deutschland', 'address': {'road': 'A 8', 'suburb': 'Graßlfing', 'town': 'Olching', 'county': 'Landkreis Fürstenfeldbruck', 'state': 'Bayern', 'postcode': '82140', 'country': 'Deutschland', 'country_code': 'de'}, 'boundingbox': ['48.2116422', '48.230365', '11.3537489', '11.3855279']}","A 8, Graßlfing, Olching, Landkreis Fürstenfeldbruck, Bayern, 82140, Deutschland",A 8,0,0,0,down,[48.21222389 11.38453518],7742.762664905034,67924.54328292044
76540,9,7,71,130,2018,2,8,2,2,2,6,0,0,1,0,0,0,644744.9297,5363053.696,10.955760675000022,48.40401037000004,"(48.40401037000004, 10.955760675000022)","{'place_id': 169045335, 'licence': 'Data © OpenStreetMap contributors, ODbL 1.0. https://osm.org/copyright', 'osm_type': 'way', 'osm_id': 280694758, 'lat': '48.404019488508304', 'lon': '10.955762227791125', 'display_name': 'A 8, Derching, Friedberg, Landkreis Aichach-Friedberg, Bayern, 86316, Deutschland', 'address': {'road': 'A 8', 'village': 'Derching', 'town': 'Friedberg', 'county': 'Landkreis Aichach-Friedberg', 'state': 'Bayern', 'postcode': '86316', 'country': 'Deutschland', 'country_code': 'de'}, 'boundingbox': ['48.4039031', '48.4043637', '10.9536725', '10.9564457']}","A 8, Derching, Friedberg, Landkreis Aichach-Friedberg, Bayern, 86316, Deutschland",A 8,0,0,0,down,[48.40412477 10.9551449 ],47340.80996023244,28331.589895688954
76704,9,7,72,223,2018,3,13,7,3,2,6,0,0,1,0,0,1,618985.9914,5363093.9435,10.607881158000056,48.40976127700003,"(48.40976127700003, 10.607881158000056)","{'place_id': 179996451, 'licence': 'Data © OpenStreetMap contributors, ODbL 1.0. https://osm.org/copyright', 'osm_type': 'way', 'osm_id': 327667396, 'lat': '48.40975517855791', 'lon': '10.607881005622328', 'display_name': 'A 8, Wollbach, Zusmarshausen, Landkreis Augsburg, Bayern, 86441, Deutschland', 'address': {'road': 'A 8', 'village': 'Wollbach', 'county': 'Landkreis Augsburg', 'state': 'Bayern', 'postcode': '86441', 'country': 'Deutschland', 'country_code': 'de'}, 'boundingbox': ['48.4097528', '48.4098719', '10.6009573', '10.6099358']}","A 8, Wollbach, Zusmarshausen, Landkreis Augsburg, Bayern, 86441, Deutschland",A 8,0,0,0,up,[48.40975615 10.61003081],2192.2068077991585,2192.2068077991585
76721,9,7,72,223,2018,3,16,1,3,3,6,0,0,1,0,0,0,618466.3949,5363108.4732,10.600866708000067,48.40998982800005,"(48.40998982800005, 10.600866708000067)","{'place_id': 180171748, 'licence': 'Data © OpenStreetMap contributors, ODbL 1.0. https://osm.org/copyright', 'osm_type': 'way', 'osm_id': 327667393, 'lat': '48.41001305735891', 'lon': '10.600866908234055', 'display_name': 'A 8, Wollbach, Zusmarshausen, Landkreis Augsburg, Bayern, 86441, Deutschland', 'address': {'road': 'A 8', 'village': 'Wollbach', 'county': 'Landkreis Augsburg', 'state': 'Bayern', 'postcode': '86441', 'country': 'Deutschland', 'country_code': 'de'}, 'boundingbox': ['48.4100096', '48.4100368', '10.5981125', '10.601268']}","A 8, Wollbach, Zusmarshausen, Landkreis Augsburg, Bayern, 86441, Deutschland",A 8,0,0,0,down,[48.41003357 10.59851383],74006.40695405047,1673.9832626266714
76824,9,7,72,223,2018,2,14,4,3,0,6,0,0,1,0,0,0,619630.6465,5363180.1376,10.616613487000052,48.410414377000045,"(48.410414377000045, 10.616613487000052)","{'place_id': 174469944, 'licence': 'Data © OpenStreetMap contributors, ODbL 1.0. https://osm.org/copyright', 'osm_type': 'way', 'osm_id': 304768097, 'lat': '48.41041921362986', 'lon': '10.616613096033833', 'display_name': 'A 8, Zusmarshausen, Landkreis Augsburg, Bayern, 86441, Deutschland', 'address': {'road': 'A 8', 'village': 'Zusmarshausen', 'county': 'Landkreis Augsburg', 'state': 'Bayern', 'postcode': '86441', 'country': 'Deutschland', 'country_code': 'de'}, 'boundingbox': ['48.4096358', '48.410546', '10.6099251', '10.6374298']}","A 8, Zusmarshausen, Landkreis Augsburg, Bayern, 86441, Deutschland",A 8,0,0,1,down,[48.410445   10.61693536],72839.9660468505,2842.226661365289
76914,9,7,71,130,2018,3,14,6,3,2,6,0,0,1,0,0,0,648135.7875,5362759.6553,11.001444665000063,48.40057894200004,"(48.40057894200004, 11.001444665000063)","{'place_id': 171593475, 'licence': 'Data © OpenStreetMap contributors, ODbL 1.0. https://osm.org/copyright', 'osm_type': 'way', 'osm_id': 288973413, 'lat': '48.40061086619088', 'lon': '11.001446876168172', 'display_name': 'A 8, Sophienhof, Bitzenhofen, Dasing, Landkreis Aichach-Friedberg, Bayern, 86453, Deutschland', 'address': {'road': 'A 8', 'hamlet': 'Sophienhof', 'village': 'Bitzenhofen', 'municipality': 'Dasing', 'county': 'Landkreis Aichach-Friedberg', 'state': 'Bayern', 'postcode': '86453', 'country': 'Deutschland', 'country_code': 'de'}, 'boundingbox': ['48.3960534', '48.4039031', '10.9564457', '11.0556046']}","A 8, Sophienhof, Bitzenhofen, Dasing, Landkreis Aichach-Friedberg, Bayern, 86453, Deutschland",A 8,0,0,0,down,[48.40046265 11.0035814 ],43930.28579768474,31744.524577604014
76928,9,7,72,223,2018,2,15,4,3,2,6,0,0,1,0,0,0,619949.6539,5363183.9654,10.62092365500007,48.41038816300005,"(48.41038816300005, 10.62092365500007)","{'place_id': 170982864, 'licence': 'Data © OpenStreetMap contributors, ODbL 1.0. https://osm.org/copyright', 'osm_type': 'way', 'osm_id': 289187276, 'lat': '48.410347219697236', 'lon': '10.620922750777718', 'display_name': 'A 8, Zusmarshausen, Landkreis Augsburg, Bayern, 86441, Deutschland', 'address': {'road': 'A 8', 'village': 'Zusmarshausen', 'county': 'Landkreis Augsburg', 'state': 'Bayern', 'postcode': '86441', 'country': 'Deutschland', 'country_code': 'de'}, 'boundingbox': ['48.4094857', '48.4103677', '10.612932', '10.6338294']}","A 8, Zusmarshausen, Landkreis Augsburg, Bayern, 86441, Deutschland",A 8,0,0,0,up,[48.41035765 10.62045941],3158.899354095387,3158.899354095387
77138,9,7,71,129,2018,3,14,5,3,2,6,0,0,1,0,0,0,660183.4709,5355763.81,11.161439035000058,48.33473927200004,"(48.33473927200004, 11.161439035000058)","{'place_id': 170077890, 'licence': 'Data © OpenStreetMap contributors, ODbL 1.0. https://osm.org/copyright', 'osm_type': 'way', 'osm_id': 280688897, 'lat': '48.33474797788668', 'lon': '11.161448282432112', 'display_name': 'A 8, Eurasburg, Dasing, Landkreis Aichach-Friedberg, Bayern, 85235, Deutschland', 'address': {'road': 'A 8', 'village': 'Eurasburg', 'municipality': 'Dasing', 'county': 'Landkreis Aichach-Friedberg', 'state': 'Bayern', 'postcode': '85235', 'country': 'Deutschland', 'country_code': 'de'}, 'boundingbox': ['48.3166388', '48.340026', '11.1555112', '11.193519']}","A 8, Eurasburg, Dasing, Landkreis Aichach-Friedberg, Bayern, 85235, Deutschland",A 8,0,0,0,up,[48.33409856 11.16205955],46422.59252612098,46422.59252612098
77225,9,1,74,113,2018,3,8,3,3,9,6,0,0,1,0,0,0,671346.6645,5347066.3663,11.308417789000032,48.25362637600006,"(48.25362637600006, 11.308417789000032)","{'place_id': 107811431, 'licence': 'Data © OpenStreetMap contributors, ODbL 1.0. https://osm.org/copyright', 'osm_type': 'way', 'osm_id': 28801887, 'lat': '48.253627414434774', 'lon': '11.308418297119983', 'display_name': 'A 8, Palsweis, Bergkirchen, Landkreis Dachau, Bayern, 85232, Deutschland', 'address': {'road': 'A 8', 'village': 'Palsweis', 'county': 'Landkreis Dachau', 'state': 'Bayern', 'postcode': '85232', 'country': 'Deutschland', 'country_code': 'de'}, 'boundingbox': ['48.2425147', '48.2563862', '11.3031077', '11.331198']}","A 8, Palsweis, Bergkirchen, Landkreis Dachau, Bayern, 85232, Deutschland",A 8,0,0,0,down,[48.25391259 11.3078361 ],14916.809320526947,60752.24459529801
77254,9,7,72,223,2018,3,15,5,3,8,1,0,0,1,0,0,1,623060.2498,5363693.6634,10.663089598000056,48.41437203300006,"(48.41437203300006, 10.663089598000056)","{'place_id': 172879252, 'licence': 'Data © OpenStreetMap contributors, ODbL 1.0. https://osm.org/copyright', 'osm_type': 'way', 'osm_id': 295617762, 'lat': '48.41434337727143', 'lon': '10.663099708439095', 'display_name': 'A 8, Streitheim, Zusmarshausen, Landkreis Augsburg, Bayern, 86441, Deutschland', 'address': {'road': 'A 8', 'village': 'Streitheim', 'county': 'Landkreis Augsburg', 'state': 'Bayern', 'postcode': '86441', 'country': 'Deutschland', 'country_code': 'de'}, 'boundingbox': ['48.4132166', '48.4198263', '10.6594208', '10.6794361']}","A 8, Streitheim, Zusmarshausen, Landkreis Augsburg, Bayern, 86441, Deutschland",A 8,0,0,0,up,[48.4142202  10.66275023],6354.502160670416,6354.502160670416
77342,9,7,72,147,2018,3,18,4,1,2,6,1,0,1,0,0,0,635361.1787,5364369.875,10.829463745000057,48.41793027200004,"(48.41793027200004, 10.829463745000057)","{'place_id': 158176609, 'licence': 'Data © OpenStreetMap contributors, ODbL 1.0. https://osm.org/copyright', 'osm_type': 'way', 'osm_id': 230124431, 'lat': '48.417941292582704', 'lon': '10.829464686354411', 'display_name': 'A 8, Hirblingen, Gersthofen, Landkreis Augsburg, Bayern, 86368, Deutschland', 'address': {'road': 'A 8', 'village': 'Hirblingen', 'town': 'Gersthofen', 'county': 'Landkreis Augsburg', 'state': 'Bayern', 'postcode': '86368', 'country': 'Deutschland', 'country_code': 'de'}, 'boundingbox': ['48.4176478', '48.4183817', '10.8243274', '10.8328784']}","A 8, Hirblingen, Gersthofen, Landkreis Augsburg, Bayern, 86368, Deutschland",A 8,0,0,0,down,[48.41781114 10.83098721],56822.7682215917,18852.01376643452
77373,9,1,62,0,2018,3,8,3,3,2,6,0,0,1,0,0,0,680427.427,5339655.4495,11.427491161000034,48.18449141600007,"(48.18449141600007, 11.427491161000034)","{'place_id': 168985329, 'licence': 'Data © OpenStreetMap contributors, ODbL 1.0. https://osm.org/copyright', 'osm_type': 'way', 'osm_id': 280342521, 'lat': '48.18448600277487', 'lon': '11.427487605050745', 'display_name': 'A 8, Langwied, Lochhausen, Aubing-Lochhausen-Langwied, München, Bayern, 81249, Deutschland', 'address': {'road': 'A 8', 'suburb': 'Langwied', 'city_district': 'Aubing-Lochhausen-Langwied', 'city': 'München', 'state': 'Bayern', 'postcode': '81249', 'country': 'Deutschland', 'country_code': 'de'}, 'boundingbox': ['48.1840537', '48.1925585', '11.4152488', '11.4281457']}","A 8, Langwied, Lochhausen, Aubing-Lochhausen-Langwied, München, Bayern, 81249, Deutschland",A 8,0,0,0,up,[48.18449435 11.4274754 ],72472.55630072103,72472.55630072103
77418,9,1,74,135,2018,3,6,2,3,2,6,1,0,1,0,0,0,660575.9398,5355270.6315,11.16654296400003,48.33020588200003,"(48.33020588200003, 11.16654296400003)","{'place_id': 170077890, 'licence': 'Data © OpenStreetMap contributors, ODbL 1.0. https://osm.org/copyright', 'osm_type': 'way', 'osm_id': 280688897, 'lat': '48.33017295671058', 'lon': '11.166518855015443', 'display_name': 'A 8, Eurasburg, Dasing, Landkreis Aichach-Friedberg, Bayern, 85235, Deutschland', 'address': {'road': 'A 8', 'village': 'Eurasburg', 'municipality': 'Dasing', 'county': 'Landkreis Aichach-Friedberg', 'state': 'Bayern', 'postcode': '85235', 'country': 'Deutschland', 'country_code': 'de'}, 'boundingbox': ['48.3166388', '48.340026', '11.1555112', '11.193519']}","A 8, Eurasburg, Dasing, Landkreis Aichach-Friedberg, Bayern, 85235, Deutschland",A 8,0,1,0,up,[48.3304871  11.16608908],47054.356822802896,47054.356822802896
77477,9,7,72,147,2018,3,8,5,3,2,6,0,0,1,0,0,1,638987.8286,5364081.1759,10.878356745000076,48.41454481900007,"(48.41454481900007, 10.878356745000076)","{'place_id': 169543049, 'licence': 'Data © OpenStreetMap contributors, ODbL 1.0. https://osm.org/copyright', 'osm_type': 'way', 'osm_id': 280732481, 'lat': '48.414540823393686', 'lon': '10.878356654686216', 'display_name': 'A 8, Gersthofen, Landkreis Augsburg, Bayern, 86368, Deutschland', 'address': {'road': 'A 8', 'town': 'Gersthofen', 'county': 'Landkreis Augsburg', 'state': 'Bayern', 'postcode': '86368', 'country': 'Deutschland', 'country_code': 'de'}, 'boundingbox': ['48.4144753', '48.414542', '10.8783046', '10.8812555']}","A 8, Gersthofen, Landkreis Augsburg, Bayern, 86368, Deutschland",A 8,0,0,0,down,[48.41456813 10.87711345],53191.173324104966,22484.911923425196
77748,9,7,71,122,2018,3,18,5,3,2,6,2,0,1,0,0,0,653475.8273,5361648.2625,11.073138849000031,48.389309492000045,"(48.389309492000045, 11.073138849000031)","{'place_id': 169244576, 'licence': 'Data © OpenStreetMap contributors, ODbL 1.0. https://osm.org/copyright', 'osm_type': 'way', 'osm_id': 280691743, 'lat': '48.389315673832805', 'lon': '11.073143019272441', 'display_name': 'A 8, Lindl, Dasing, Landkreis Aichach-Friedberg, Bayern, 86453, Deutschland', 'address': {'road': 'A 8', 'village': 'Lindl', 'municipality': 'Dasing', 'county': 'Landkreis Aichach-Friedberg', 'state': 'Bayern', 'postcode': '86453', 'country': 'Deutschland', 'country_code': 'de'}, 'boundingbox': ['48.3882909', '48.3903099', '11.0716664', '11.0746621']}","A 8, Lindl, Dasing, Landkreis Aichach-Friedberg, Bayern, 86453, Deutschland",A 8,0,0,0,up,[48.39042898 11.07148923],37359.3588062443,37359.3588062443
77768,9,7,72,223,2018,3,7,5,3,2,6,0,0,1,0,0,1,625486.0942,5364248.5685,10.696024729000044,48.41888364800008,"(48.41888364800008, 10.696024729000044)","{'place_id': 179285986, 'licence': 'Data © OpenStreetMap contributors, ODbL 1.0. https://osm.org/copyright', 'osm_type': 'way', 'osm_id': 327667395, 'lat': '48.41890489723889', 'lon': '10.696026199300162', 'display_name': 'A 8, Adelsried, Landkreis Augsburg, Bayern, 86477, Deutschland', 'address': {'road': 'A 8', 'village': 'Adelsried', 'county': 'Landkreis Augsburg', 'state': 'Bayern', 'postcode': '86477', 'country': 'Deutschland', 'country_code': 'de'}, 'boundingbox': ['48.4173813', '48.4201097', '10.6826043', '10.717102']}","A 8, Adelsried, Landkreis Augsburg, Bayern, 86477, Deutschland",A 8,0,0,0,down,[48.41880302 10.69749992],66720.02068093252,8955.391644960557
77789,9,7,72,223,2018,3,16,6,3,2,6,0,0,1,0,0,0,614900.24,5362016.2366,10.552396003000068,48.40082735300008,"(48.400827353000075, 10.552396003000068)","{'place_id': 177897665, 'licence': 'Data © OpenStreetMap contributors, ODbL 1.0. https://osm.org/copyright', 'osm_type': 'way', 'osm_id': 320319567, 'lat': '48.40083398173359', 'lon': '10.552394508119935', 'display_name': 'A 8, Zusmarshausen, Jettingen-Scheppach, Landkreis Augsburg, Bayern, 86441, Deutschland', 'address': {'road': 'A 8', 'village': 'Zusmarshausen', 'municipality': 'Jettingen-Scheppach', 'county': 'Landkreis Augsburg', 'state': 'Bayern', 'postcode': '86441', 'country': 'Deutschland', 'country_code': 'de'}, 'boundingbox': ['48.399983', '48.4053399', '10.5222478', '10.5524141']}","A 8, Zusmarshausen, Jettingen-Scheppach, Landkreis Augsburg, Bayern, 86441, Deutschland",A 8,0,1,0,,,,
77798,9,7,71,129,2018,3,20,1,3,0,6,2,0,1,0,0,0,660283.894,5355613.6763,11.16273598300006,48.33336407000007,"(48.33336407000007, 11.16273598300006)","{'place_id': 170077890, 'licence': 'Data © OpenStreetMap contributors, ODbL 1.0. https://osm.org/copyright', 'osm_type': 'way', 'osm_id': 280688897, 'lat': '48.33337086929666', 'lon': '11.162743248915053', 'display_name': 'A 8, Eurasburg, Dasing, Landkreis Aichach-Friedberg, Bayern, 85235, Deutschland', 'address': {'road': 'A 8', 'village': 'Eurasburg', 'municipality': 'Dasing', 'county': 'Landkreis Aichach-Friedberg', 'state': 'Bayern', 'postcode': '85235', 'country': 'Deutschland', 'country_code': 'de'}, 'boundingbox': ['48.3166388', '48.340026', '11.1555112', '11.193519']}","A 8, Eurasburg, Dasing, Landkreis Aichach-Friedberg, Bayern, 85235, Deutschland",A 8,0,0,0,up,[48.33312792 11.16297032],46603.13006108583,46603.13006108583
77812,9,7,72,223,2018,3,16,6,3,2,6,0,0,1,0,0,0,616786.2044,5362848.0063,10.578098394000053,48.40796101500007,"(48.40796101500007, 10.578098394000053)","{'place_id': 161862030, 'licence': 'Data © OpenStreetMap contributors, ODbL 1.0. https://osm.org/copyright', 'osm_type': 'way', 'osm_id': 246271668, 'lat': '48.40796975287554', 'lon': '10.578096241992164', 'display_name': 'A 8, Friedensdorf, Wollbach, Zusmarshausen, Landkreis Augsburg, Bayern, 86441, Deutschland', 'address': {'road': 'A 8', 'hamlet': 'Friedensdorf', 'village': 'Wollbach', 'county': 'Landkreis Augsburg', 'state': 'Bayern', 'postcode': '86441', 'country': 'Deutschland', 'country_code': 'de'}, 'boundingbox': ['48.407462', '48.4099617', '10.5760621', '10.592436']}","A 8, Friedensdorf, Wollbach, Zusmarshausen, Landkreis Augsburg, Bayern, 86441, Deutschland",A 8,0,1,0,down,[48.40928342 10.59784387],74438.55787101062,1385.467500239999