OBJECTID,ULAND,UREGBEZ,UKREIS,UGEMEINDE,UJAHR,UMONAT,USTUNDE,UWOCHENTAG,UKATEGORIE,UART,UTYP1,ULICHTVERH,IstRad,IstPKW,IstFuss,IstKrad,IstGkfz,LINREFX,LINREFY,XGCSWGS84,YGCSWGS84,coord,location_dict,address,road,UIDENTSTLAE,STRZUSTAND,IstSonstige,lane,coord_interp,dist_interp,dist_interp_up
77926,9,1,79,142,2018,3,0,1,2,8,1,2,0,1,0,0,0,676002.9075,5343561.1038,11.369636305000029,48.22084121900008,"(48.22084121900008, 11.369636305000029)","{'place_id': 180097007, 'licence': 'Data © OpenStreetMap contributors, ODbL 1.0. https://osm.org/copyright', 'osm_type': 'way', 'osm_id': 327462613, 'lat': '48.220808553524904', 'lon': '11.36961704671129', 'display_name': 'A 8, Graßlfing, Olching, Landkreis Fürstenfeldbruck, Bayern, 82140, Deutschland', 'address': {'road': 'A 8', 'suburb': 'Graßlfing', 'town': 'Olching', 'county': 'Landkreis Fürstenfeldbruck', 'state': 'Bayern', 'postcode': '82140', 'country': 'Deutschland', 'country_code': 'de'}, 'boundingbox': ['48.2199694', '48.2294326', '11.3549891', '11.3710404']}","A 8, Graßlfing, Olching, Landkreis Fürstenfeldbruck, Bayern, 82140, Deutschland",A 8,0,1,0,up,[48.22427071 11.36374488],66576.08714837016,66576.08714837016
78226,9,1,74,146,2018,3,15,1,3,3,6,0,0,1,0,0,0,668166.3607,5350147.5196,11.266832449000049,48.28217697600007,"(48.28217697600007, 11.266832449000049)","{'place_id': 148630884, 'licence': 'Data © OpenStreetMap contributors, ODbL 1.0. https://osm.org/copyright', 'osm_type': 'way', 'osm_id': 197697279, 'lat': '48.28215644669919', 'lon': '11.266822807404475', 'display_name': 'A 8, Haidhof, Einsbach, Sulzemoos, Landkreis Dachau, Bayern, 85254, Deutschland', 'address': {'road': 'A 8', 'hamlet': 'Haidhof', 'village': 'Einsbach', 'county': 'Landkreis Dachau', 'state': 'Bayern', 'postcode': '85254', 'country': 'Deutschland', 'country_code': 'de'}, 'boundingbox': ['48.2809649', '48.287056', '11.2560819', '11.2693599']}","A 8, Haidhof, Einsbach, Sulzemoos, Landkreis Dachau, Bayern, 85254, Deutschland",A 8,0,0,0,up,[48.28380666 11.26330508],56274.17052678628,56274.17052678628
78465,9,7,71,111,2018,4,14,1,3,3,6,0,0,1,0,0,0,657575.967,5358498.394,11.12730343000004,48.35997995200007,"(48.35997995200007, 11.12730343000004)","{'place_id': 123171715, 'licence': 'Data © OpenStreetMap contributors, ODbL 1.0. https://osm.org/copyright', 'osm_type': 'way', 'osm_id': 95261689, 'lat': '48.35996652702521', 'lon': '11.12729083691131', 'display_name': 'A 8, Burgadelzhausen, Adelzhausen, Dasing, Landkreis Aichach-Friedberg, Bayern, 86453, Deutschland', 'address': {'road': 'A 8', 'village': 'Burgadelzhausen', 'municipality': 'Dasing', 'county': 'Landkreis Aichach-Friedberg', 'state': 'Bayern', 'postcode': '86453', 'country': 'Deutschland', 'country_code': 'de'}, 'boundingbox': ['48.3561378', '48.3880253', '11.0750446', '11.1307183']}","A 8, Burgadelzhausen, Adelzhausen, Dasing, Landkreis Aichach-Friedberg, Bayern, 86453, Deutschland",A 8,0,2,0,up,[48.35993144 11.12732839],42587.01608135852,42587.01608135852
78618,9,1,74,113,2018,3,14,7,3,3,6,0,0,1,0,0,0,670936.1235,5347350.7879,11.303006423000056,48.25629405200005,"(48.25629405200005, 11.303006423000056)","{'place_id': 163721307, 'licence': 'Data © OpenStreetMap contributors, ODbL 1.0. https://osm.org/copyright', 'osm_type': 'way', 'osm_id': 251505092, 'lat': '48.25628113069983', 'lon': '11.302997995553055', 'display_name': 'A 8, Palsweis, Bergkirchen, Landkreis Dachau, Bayern, 85232, Deutschland', 'address': {'road': 'A 8', 'village': 'Palsweis', 'county': 'Landkreis Dachau', 'state': 'Bayern', 'postcode': '85232', 'country': 'Deutschland', 'country_code': 'de'}, 'boundingbox': ['48.2549929', '48.2563245', '11.3029315', '11.3052413']}","A 8, Palsweis, Bergkirchen, Landkreis Dachau, Bayern, 85232, Deutschland",A 8,0,0,0,up,[48.25667531 11.30237443],60252.44389624221,60252.44389624221
78620,9,1,74,135,2018,3,8,5,3,2,6,0,0,0,0,0,0,663877.7983,5352672.8978,11.210049181000045,48.30600481800008,"(48.30600481800008, 11.210049181000045)","{'place_id': 207325858, 'licence': 'Data © OpenStreetMap contributors, ODbL 1.0. https://osm.org/copyright', 'osm_type': 'way', 'osm_id': 477921133, 'lat': '48.30603102261693', 'lon': '11.210067131479635', 'display_name': 'A 8, Lukka, Taxa, Odelzhausen, Landkreis Dachau, Bayern, 85259, Deutschland', 'address': {'road': 'A 8', 'hamlet': 'Lukka', 'village': 'Taxa', 'county': 'Landkreis Dachau', 'state': 'Bayern', 'postcode': '85259', 'country': 'Deutschland', 'country_code': 'de'}, 'boundingbox': ['48.295503', '48.306587', '11.2092555', '11.2299598']}","A 8, Lukka, Taxa, Odelzhausen, Landkreis Dachau, Bayern, 85259, Deutschland",A 8,0,0,1,down,[48.30570646 11.21054083],24404.466984306127,51261.757524264525
78789,9,7,61,0,2018,4,9,4,3,2,6,0,0,1,0,0,0,640483.9361,5363994.0461,10.898535286000026,48.413429621000034,"(48.413429621000034, 10.898535286000026)","{'place_id': 169297776, 'licence': 'Data © OpenStreetMap contributors, ODbL 1.0. https://osm.org/copyright', 'osm_type': 'way', 'osm_id': 280726822, 'lat': '48.41343492896621', 'lon': '10.898536006130158', 'display_name': 'A 8, Firnhaberau, Augsburg, Bayern, 86169, Deutschland', 'address': {'road': 'A 8', 'suburb': 'Firnhaberau', 'city': 'Augsburg', 'state': 'Bayern', 'postcode': '86169', 'country': 'Deutschland', 'country_code': 'de'}, 'boundingbox': ['48.4126072', '48.4142339', '10.8897666', '10.9039443']}","A 8, Firnhaberau, Augsburg, Bayern, 86169, Deutschland",A 8,0,0,0,down,[48.41331438 10.89942518],51694.132295408264,23979.047747540822
79348,9,1,62,0,2018,4,23,7,2,3,1,2,0,1,0,0,0,679894.7274,5340168.559,11.420548106000068,48.18925475000003,"(48.18925475000003, 11.420548106000068)","{'place_id': 169320367, 'licence': 'Data © OpenStreetMap contributors, ODbL 1.0. https://osm.org/copyright', 'osm_type': 'way', 'osm_id': 280273997, 'lat': '48.18924648656409', 'lon': '11.420542649567007', 'display_name': 'A 8, Langwied, Lochhausen, Aubing-Lochhausen-Langwied, München, Bayern, 81249, Deutschland', 'address': {'road': 'A 8', 'suburb': 'Langwied', 'city_district': 'Aubing-Lochhausen-Langwied', 'city': 'München', 'state': 'Bayern', 'postcode': '81249', 'country': 'Deutschland', 'country_code': 'de'}, 'boundingbox': ['48.1842335', '48.1942191', '11.4130426', '11.4281574']}","A 8, Langwied, Lochhausen, Aubing-Lochhausen-Langwied, München, Bayern, 81249, Deutschland",A 8,0,0,0,down,[48.19245431 11.41568391],3932.844990875695,71733.95543562756
79733,9,1,74,113,2018,4,9,4,3,2,6,0,0,1,0,0,0,670525.1027,5347854.4332,11.29767638800007,48.26093233000007,"(48.26093233000007, 11.29767638800007)","{'place_id': 163589875, 'licence': 'Data © OpenStreetMap contributors, ODbL 1.0. https://osm.org/copyright', 'osm_type': 'way', 'osm_id': 251505078, 'lat': '48.26093501989423', 'lon': '11.29767892264646', 'display_name': 'A 8, Lauterbach, Bergkirchen, Landkreis Dachau, Bayern, 85232, Deutschland', 'address': {'road': 'A 8', 'village': 'Lauterbach', 'county': 'Landkreis Dachau', 'state': 'Bayern', 'postcode': '85232', 'country': 'Deutschland', 'country_code': 'de'}, 'boundingbox': ['48.2600198', '48.2614451', '11.2971376', '11.2986502']}","A 8, Lauterbach, Bergkirchen, Landkreis Dachau, Bayern, 85232, Deutschland",A 8,0,0,0,down,[48.26053092 11.29810789],16063.560974466005,59600.04406448364
79739,9,7,71,122,2018,4,13,6,2,9,1,0,0,1,0,0,0,653093.6722,5361948.8888,11.068089798000074,48.39210521000008,"(48.392105210000075, 11.068089798000074)","{'place_id': 113614, 'licence': 'Data © OpenStreetMap contributors, ODbL 1.0. https://osm.org/copyright', 'osm_type': 'node', 'osm_id': 25931018, 'lat': '48.392718', 'lon': '11.0676037', 'display_name': 'Dasing, A 8, Neulwirth, Lindl, Dasing, Landkreis Aichach-Friedberg, Bayern, 86453, Deutschland', 'address': {'highway': 'Dasing', 'road': 'A 8', 'hamlet': 'Neulwirth', 'village': 'Lindl', 'municipality': 'Dasing', 'county': 'Landkreis Aichach-Friedberg', 'state': 'Bayern', 'postcode': '86453', 'country': 'Deutschland', 'country_code': 'de'}, 'boundingbox': ['48.392668', '48.392768', '11.0675537', '11.0676537']}","Dasing, A 8, Neulwirth, Lindl, Dasing, Landkreis Aichach-Friedberg, Bayern, 86453, Deutschland",A 8,0,0,0,up,[48.39256939 11.06788298],36871.986905513906,36871.986905513906
79859,9,7,61,0,2018,4,0,2,3,9,1,2,0,1,0,0,0,640434.5622,5363988.4862,10.897866554000077,48.413390634000045,"(48.413390634000045, 10.897866554000077)","{'place_id': 107051918, 'licence': 'Data © OpenStreetMap contributors, ODbL 1.0. https://osm.org/copyright', 'osm_type': 'way', 'osm_id': 27394068, 'lat': '48.4133684959077', 'lon': '10.897863918475313', 'display_name': 'A 8, Firnhaberau, Augsburg, Bayern, 86169, Deutschland', 'address': {'road': 'A 8', 'suburb': 'Firnhaberau', 'city': 'Augsburg', 'state': 'Bayern', 'postcode': '86169', 'country': 'Deutschland', 'country_code': 'de'}, 'boundingbox': ['48.4118564', '48.4140709', '10.8897511', '10.907569']}","A 8, Firnhaberau, Augsburg, Bayern, 86169, Deutschland",A 8,0,1,0,up,[48.41346716 10.89703836],23931.62569027557,23931.62569027557
79860,9,7,71,111,2018,4,22,2,3,2,6,2,0,1,0,0,1,657832.1623,5358124.5481,11.13061940800003,48.356554938000045,"(48.356554938000045, 11.13061940800003)","{'place_id': 112409051, 'licence': 'Data © OpenStreetMap contributors, ODbL 1.0. https://osm.org/copyright', 'osm_type': 'way', 'osm_id': 42400874, 'lat': '48.35657118175282', 'lon': '11.130639867223735', 'display_name': 'A 8, Burgadelzhausen, Adelzhausen, Dasing, Landkreis Aichach-Friedberg, Bayern, 86453, Deutschland', 'address': {'road': 'A 8', 'village': 'Burgadelzhausen', 'municipality': 'Dasing', 'county': 'Landkreis Aichach-Friedberg', 'state': 'Bayern', 'postcode': '86453', 'country': 'Deutschland', 'country_code': 'de'}, 'boundingbox': ['48.3561686', '48.3880438', '11.0753176', '11.1309595']}","A 8, Burgadelzhausen, Adelzhausen, Dasing, Landkreis Aichach-Friedberg, Bayern, 86453, Deutschland",A 8,0,0,0,down,[48.35532514 11.13165043],32621.208858216243,43039.485969694724
79968,9,7,72,223,2018,4,9,5,3,3,6,0,0,1,0,0,1,619355.516,5363121.9843,10.61288053800007,48.40994357300008,"(48.40994357300008, 10.61288053800007)","{'place_id': 170806350, 'licence': 'Data © OpenStreetMap contributors, ODbL 1.0. https://osm.org/copyright', 'osm_type': 'way', 'osm_id': 289187281, 'lat': '48.40991970944311', 'lon': '10.612882560715201', 'display_name': 'A 8, Zusmarshausen, Landkreis Augsburg, Bayern, 86441, Deutschland', 'address': {'road': 'A 8', 'village': 'Zusmarshausen', 'county': 'Landkreis Augsburg', 'state': 'Bayern', 'postcode': '86441', 'country': 'Deutschland', 'country_code': 'de'}, 'boundingbox': ['48.4097555', '48.4099239', '10.6099358', '10.612932']}","A 8, Zusmarshausen, Landkreis Augsburg, Bayern, 86441, Deutschland",A 8,0,0,0,up,[48.40985597 10.61212695],2562.5020154405697,2562.5020154405697
80086,9,7,71,122,2018,4,14,4,3,9,6,0,0,1,0,0,0,655265.9654,5359992.6067,11.096691462000024,48.373986092000045,"(48.373986092000045, 11.096691462000024)","{'place_id': 112409051, 'licence': 'Data © OpenStreetMap contributors, ODbL 1.0. https://osm.org/copyright', 'osm_type': 'way', 'osm_id': 42400874, 'lat': '48.37400422641147', 'lon': '11.096703053850845', 'display_name': 'A 8, Burgadelzhausen, Adelzhausen, Dasing, Landkreis Aichach-Friedberg, Bayern, 86453, Deutschland', 'address': {'road': 'A 8', 'village': 'Burgadelzhausen', 'municipality': 'Dasing', 'county': 'Landkreis Aichach-Friedberg', 'state': 'Bayern', 'postcode': '86453', 'country': 'Deutschland', 'country_code': 'de'}, 'boundingbox': ['48.3561686', '48.3880438', '11.0753176', '11.1309595']}","A 8, Burgadelzhausen, Adelzhausen, Dasing, Landkreis Aichach-Friedberg, Bayern, 86453, Deutschland",A 8,0,0,0,down,[48.37443652 11.09602715],35869.709090772114,39795.572149798165
80186,9,7,72,111,2018,4,4,3,3,2,6,2,0,0,0,0,0,626470.0762,5364150.5941,10.709288196000044,48.41780586000005,"(48.41780586000005, 10.709288196000044)","{'place_id': 172330239, 'licence': 'Data © OpenStreetMap contributors, ODbL 1.0. https://osm.org/copyright', 'osm_type': 'way', 'osm_id': 295617761, 'lat': '48.41779968252888', 'lon': '10.709287728027489', 'display_name': 'A 8, Adelsried, Landkreis Augsburg, Bayern, 86477, Deutschland', 'address': {'road': 'A 8', 'village': 'Adelsried', 'county': 'Landkreis Augsburg', 'state': 'Bayern', 'postcode': '86477', 'country': 'Deutschland', 'country_code': 'de'}, 'boundingbox': ['48.4170752', '48.4187014', '10.6962877', '10.7191709']}","A 8, Adelsried, Landkreis Augsburg, Bayern, 86477, Deutschland",A 8,0,0,1,up,[48.41774979 10.70995278],9941.639497017915,9941.639497017915
80289,9,7,72,111,2018,4,16,7,3,3,6,0,0,1,0,0,0,628451.2052,5364090.6967,10.736032827000033,48.41686646000005,"(48.41686646000005, 10.736032827000033)","{'place_id': 171338171, 'licence': 'Data © OpenStreetMap contributors, ODbL 1.0. https://osm.org/copyright', 'osm_type': 'way', 'osm_id': 289185136, 'lat': '48.41685287254713', 'lon': '10.73603337171946', 'display_name': 'A 8, Adelsried, Landkreis Augsburg, Bayern, 86477, Deutschland', 'address': {'road': 'A 8', 'village': 'Adelsried', 'county': 'Landkreis Augsburg', 'state': 'Bayern', 'postcode': '86477', 'country': 'Deutschland', 'country_code': 'de'}, 'boundingbox': ['48.4168325', '48.4169989', '10.7355252', '10.7399349']}","A 8, Adelsried, Landkreis Augsburg, Bayern, 86477, Deutschland",A 8,0,0,0,up,[48.41690164 10.73724098],11922.880566017348,11922.880566017348
80495,9,7,71,122,2018,4,17,2,3,3,6,0,0,1,0,0,1,656255.8094,5359339.415,11.10980607600004,48.36786926000008,"(48.36786926000008, 11.10980607600004)","{'place_id': 112409051, 'licence': 'Data © OpenStreetMap contributors, ODbL 1.0. https://osm.org/copyright', 'osm_type': 'way', 'osm_id': 42400874, 'lat': '48.36789797724797', 'lon': '11.10981295952287', 'display_name': 'A 8, Burgadelzhausen, Adelzhausen, Dasing, Landkreis Aichach-Friedberg, Bayern, 86453, Deutschland', 'address': {'road': 'A 8', 'village': 'Burgadelzhausen', 'municipality': 'Dasing', 'county': 'Landkreis Aichach-Friedberg', 'state': 'Bayern', 'postcode': '86453', 'country': 'Deutschland', 'country_code': 'de'}, 'boundingbox': ['48.3561686', '48.3880438', '11.0753176', '11.1309595']}","A 8, Burgadelzhausen, Adelzhausen, Dasing, Landkreis Aichach-Friedberg, Bayern, 86453, Deutschland",A 8,0,1,0,down,[48.36762396 11.11095538],34675.28249513246,40997.46034063467
80516,9,1,79,142,2018,4,5,7,2,1,1,2,0,0,0,0,1,674524.8064,5344802.6274,11.350264366000031,48.23240989100003,"(48.23240989100003, 11.350264366000031)","{'place_id': 179498925, 'licence': 'Data © OpenStreetMap contributors, ODbL 1.0. https://osm.org/copyright', 'osm_type': 'way', 'osm_id': 327462611, 'lat': '48.23241415166619', 'lon': '11.35026686821901', 'display_name': 'A 8, Bergkirchen, Landkreis Dachau, Bayern, 85232, Deutschland', 'address': {'road': 'A 8', 'village': 'Bergkirchen', 'county': 'Landkreis Dachau', 'state': 'Bayern', 'postcode': '85232', 'country': 'Deutschland', 'country_code': 'de'}, 'boundingbox': ['48.2313202', '48.2337741', '11.3479475', '11.3521296']}","A 8, Bergkirchen, Landkreis Dachau, Bayern, 85232, Deutschland",A 8,0,0,0,down,[48.23218697 11.3506535 ],11018.986854726143,64648.39789406648
80722,9,1,62,0,2018,4,18,7,3,9,6,0,0,1,0,0,0,680554.0018,5339556.8891,11.429150639000056,48.183569515000045,"(48.183569515000045, 11.429150639000056)","{'place_id': 148112756, 'licence': 'Data © OpenStreetMap contributors, ODbL 1.0. https://osm.org/copyright', 'osm_type': 'way', 'osm_id': 198366313, 'lat': '48.18357238044495', 'lon': '11.429152521428216', 'display_name': 'A 8, Langwied, Lochhausen, Aubing-Lochhausen-Langwied, München, Bayern, 81249, Deutschland', 'address': {'road': 'A 8', 'suburb': 'Langwied', 'city_district': 'Aubing-Lochhausen-Langwied', 'city': 'München', 'state': 'Bayern', 'postcode': '81249', 'country': 'Deutschland', 'country_code': 'de'}, 'boundingbox': ['48.1830339', '48.1838242', '11.4287692', '11.4299722']}","A 8, Langwied, Lochhausen, Aubing-Lochhausen-Langwied, München, Bayern, 81249, Deutschland",A 8,0,0,0,down,[48.18328652 11.42958746],3034.6048550921987,72632.12742531749
80729,9,7,72,223,2018,4,14,5,3,9,1,0,0,1,0,0,0,625375.1921,5364243.7263,10.694525051000028,48.41886218300005,"(48.41886218300005, 10.694525051000028)","{'place_id': 174169259, 'licence': 'Data © OpenStreetMap contributors, ODbL 1.0. https://osm.org/copyright', 'osm_type': 'way', 'osm_id': 304768098, 'lat': '48.41882067279041', 'lon': '10.694521927450003', 'display_name': 'A 8, Streitheim, Zusmarshausen, Landkreis Augsburg, Bayern, 86441, Deutschland', 'address': {'road': 'A 8', 'village': 'Streitheim', 'county': 'Landkreis Augsburg', 'state': 'Bayern', 'postcode': '86441', 'country': 'Deutschland', 'country_code': 'de'}, 'boundingbox': ['48.4187014', '48.4194658', '10.6877759', '10.6962877']}","A 8, Streitheim, Zusmarshausen, Landkreis Augsburg, Bayern, 86441, Deutschland",A 8,0,0,0,up,[48.41888317 10.69369809],8845.440314260755,8845.440314260755
80771,9,1,79,142,2018,4,4,7,3,9,1,2,0,1,0,0,0,676980.8091,5342750.2385,11.382452221000053,48.213280285000046,"(48.213280285000046, 11.382452221000053)","{'place_id': 179627364, 'licence': 'Data © OpenStreetMap contributors, ODbL 1.0. https://osm.org/copyright', 'osm_type': 'way', 'osm_id': 326367892, 'lat': '48.21325812017724', 'lon': '11.38243901416744', 'display_name': 'A 8, Olching, Landkreis Fürstenfeldbruck, Bayern, 82140, Deutschland', 'address': {'road': 'A 8', 'town': 'Olching', 'county': 'Landkreis Fürstenfeldbruck', 'state': 'Bayern', 'postcode': '82140', 'country': 'Deutschland', 'country_code': 'de'}, 'boundingbox': ['48.2126052', '48.2153506', '11.3788717', '11.3835348']}","A 8, Olching, Landkreis Fürstenfeldbruck, Bayern, 82140, Deutschland",A 8,0,0,0,up,[48.21271827 11.383345  ],67844.68424137286,67844.68424137286
80776,9,7,72,223,2018,4,16,7,3,8,1,0,0,1,0,0,0,619949.7061,5363197.9646,10.620928362000027,48.41051404700005,"(48.41051404700005, 10.620928362000027)","{'place_id': 174469944, 'licence': 'Data © OpenStreetMap contributors, ODbL 1.0. https://osm.org/copyright', 'osm_type': 'way', 'osm_id': 304768097, 'lat': '48.41053018012281', 'lon': '10.620928675206267', 'display_name': 'A 8, Zusmarshausen, Landkreis Augsburg, Bayern, 86441, Deutschland', 'address': {'road': 'A 8', 'village': 'Zusmarshausen', 'county': 'Landkreis Augsburg', 'state': 'Bayern', 'postcode': '86441', 'country': 'Deutschland', 'country_code': 'de'}, 'boundingbox': ['48.4096358', '48.410546', '10.6099251', '10.6374298']}","A 8, Zusmarshausen, Landkreis Augsburg, Bayern, 86441, Deutschland",A 8,0,0,0,down,[48.41053577 10.62064293],72520.66523440181,3158.776811853144
80920,9,7,71,129,2018,4,19,6,3,2,6,0,0,1,0,0,0,658900.0397,5356915.8667,11.14456828400006,48.345420681000064,"(48.345420681000064, 11.14456828400006)","{'place_id': 169057293, 'licence': 'Data © OpenStreetMap contributors, ODbL 1.0. https://osm.org/copyright', 'osm_type': 'way', 'osm_id': 280690992, 'lat': '48.34540675217387', 'lon': '11.144561909577913', 'display_name': 'A 8, Holzschuster, Burgadelzhausen, Adelzhausen, Dasing, Landkreis Aichach-Friedberg, Bayern, 86559, Deutschland', 'address': {'road': 'A 8', 'hamlet': 'Holzschuster', 'village': 'Burgadelzhausen', 'municipality': 'Dasing', 'county': 'Landkreis Aichach-Friedberg', 'state': 'Bayern', 'postcode': '86559', 'country': 'Deutschland', 'country_code': 'de'}, 'boundingbox': ['48.3451351', '48.3478008', '11.1397371', '11.1451555']}","A 8, Holzschuster, Burgadelzhausen, Adelzhausen, Dasing, Landkreis Aichach-Friedberg, Bayern, 86559, Deutschland",A 8,0,0,0,up,[48.34531658 11.14475939],44678.725512768564,44678.725512768564
80930,9,1,74,113,2018,4,8,5,3,2,6,0,0,1,0,0,0,670603.8329,5347725.6279,11.298684382000031,48.25975323600005,"(48.25975323600005, 11.298684382000031)","{'place_id': 179888512, 'licence': 'Data © OpenStreetMap contributors, ODbL 1.0. https://osm.org/copyright', 'osm_type': 'way', 'osm_id': 327464676, 'lat': '48.25973033486313', 'lon': '11.298662742978786', 'display_name': 'A 8, Lauterbach, Bergkirchen, Landkreis Dachau, Bayern, 85232, Deutschland', 'address': {'road': 'A 8', 'village': 'Lauterbach', 'county': 'Landkreis Dachau', 'state': 'Bayern', 'postcode': '85232', 'country': 'Deutschland', 'country_code': 'de'}, 'boundingbox': ['48.2581997', '48.2599717', '11.2984073', '11.3003286']}","A 8, Lauterbach, Bergkirchen, Landkreis Dachau, Bayern, 85232, Deutschland",A 8,0,0,1,up,[48.25908211 11.29934919],59750.38285734478,59750.38285734478
81128,9,1,74,135,2018,4,11,6,2,3,1,0,0,1,0,0,0,661559.6748,5354552.0639,11.179530482000075,48.323495155000046,"(48.323495155000046, 11.179530482000075)","{'place_id': 101890269, 'licence': 'Data © OpenStreetMap contributors, ODbL 1.0. https://osm.org/copyright', 'osm_type': 'way', 'osm_id': 14778570, 'lat': '48.323544174003175', 'lon': '11.179553680215571', 'display_name': 'A 8, Eurasburg, Dasing, Landkreis Aichach-Friedberg, Bayern, 85235, Deutschland', 'address': {'road': 'A 8', 'village': 'Eurasburg', 'municipality': 'Dasing', 'county': 'Landkreis Aichach-Friedberg', 'state': 'Bayern', 'postcode': '85235', 'country': 'Deutschland', 'country_code': 'de'}, 'boundingbox': ['48.3167717', '48.3399562', '11.1559195', '11.1937689']}","A 8, Eurasburg, Dasing, Landkreis Aichach-Friedberg, Bayern, 85235, Deutschland",A 8,0,0,1,down,[48.32406095 11.17846184],27395.72829187691,48274.21074838606
81248,9,1,74,113,2018,5,7,1,3,9,1,0,0,1,0,0,0,669282.7001,5349416.7847,11.281575337000048,48.27531045300003,"(48.27531045300003, 11.281575337000048)","{'place_id': 135294201, 'licence': 'Data © OpenStreetMap contributors, ODbL 1.0. https://osm.org/copyright', 'osm_type': 'way', 'osm_id': 143575534, 'lat': '48.27532215001121', 'lon': '11.281581731800989', 'display_name': 'A 8, Haidhof, Einsbach, Sulzemoos, Landkreis Dachau, Bayern, 85254, Deutschland', 'address': {'road': 'A 8', 'hamlet': 'Haidhof', 'village': 'Einsbach', 'county': 'Landkreis Dachau', 'state': 'Bayern', 'postcode': '85254', 'country': 'Deutschland', 'country_code': 'de'}, 'boundingbox': ['48.2709261', '48.2802015', '11.2713689', '11.2871833']}","A 8, Haidhof, Einsbach, Sulzemoos, Landkreis Dachau, Bayern, 85254, Deutschland",A 8,0,0,0,down,[48.2756954  11.28089937],18062.691497928714,57605.29735094288
81334,9,1,74,135,2018,5,12,7,3,9,7,0,0,1,0,0,0,661971.2485,5354268.9334,11.184969887000022,48.32084446100004,"(48.32084446100004, 11.184969887000022)","{'place_id': 170077890, 'licence': 'Data © OpenStreetMap contributors, ODbL 1.0. https://osm.org/copyright', 'osm_type': 'way', 'osm_id': 280688897, 'lat': '48.32081354555392', 'lon': '11.184955768321736', 'display_name': 'A 8, Eurasburg, Dasing, Landkreis Aichach-Friedberg, Bayern, 85235, Deutschland', 'address': {'road': 'A 8', 'village': 'Eurasburg', 'municipality': 'Dasing', 'county': 'Landkreis Aichach-Friedberg', 'state': 'Bayern', 'postcode': '85235', 'country': 'Deutschland', 'country_code': 'de'}, 'boundingbox': ['48.3166388', '48.340026', '11.1555112', '11.193519']}","A 8, Eurasburg, Dasing, Landkreis Aichach-Friedberg, Bayern, 85235, Deutschland",A 8,0,0,0,up,[48.31888163 11.18920492],48773.02211308242,48773.02211308242
81450,9,1,74,146,2018,5,7,4,3,2,6,0,0,1,0,0,0,669071.1393,5349551.3099,11.278780092000034,48.27657630400006,"(48.27657630400006, 11.278780092000034)","{'place_id': 169894014, 'licence': 'Data © OpenStreetMap contributors, ODbL 1.0. https://osm.org/copyright', 'osm_type': 'way', 'osm_id': 280421998, 'lat': '48.2765448307365', 'lon': '11.278765578915884', 'display_name': 'A 8, Einsbach, Sulzemoos, Landkreis Dachau, Bayern, 85254, Deutschland', 'address': {'road': 'A 8', 'village': 'Einsbach', 'county': 'Landkreis Dachau', 'state': 'Bayern', 'postcode': '85254', 'country': 'Deutschland', 'country_code': 'de'}, 'boundingbox': ['48.2708684', '48.2776562', '11.2764074', '11.2870058']}","A 8, Einsbach, Sulzemoos, Landkreis Dachau, Bayern, 85254, Deutschland",A 8,0,0,0,up,[48.2767997  11.27821198],57355.961433630786,57355.961433630786
81671,9,7,72,147,2018,5,20,5,3,2,6,2,0,1,0,0,0,635143.3997,5364391.4408,10.826528876000054,48.41817094000004,"(48.41817094000004, 10.826528876000054)","{'place_id': 158176609, 'licence': 'Data © OpenStreetMap contributors, ODbL 1.0. https://osm.org/copyright', 'osm_type': 'way', 'osm_id': 230124431, 'lat': '48.418191161272176', 'lon': '10.826530597650093', 'display_name': 'A 8, Hirblingen, Gersthofen, Landkreis Augsburg, Bayern, 86368, Deutschland', 'address': {'road': 'A 8', 'village': 'Hirblingen', 'town': 'Gersthofen', 'county': 'Landkreis Augsburg', 'state': 'Bayern', 'postcode': '86368', 'country': 'Deutschland', 'country_code': 'de'}, 'boundingbox': ['48.4176478', '48.4183817', '10.8243274', '10.8328784']}","A 8, Hirblingen, Gersthofen, Landkreis Augsburg, Bayern, 86368, Deutschland",A 8,0,0,0,down,[48.41851118 10.82287512],57041.05375217141,18633.52285782268
81673,9,1,74,135,2018,5,13,7,2,2,6,0,0,1,0,0,0,663616.6121,5352926.7256,11.20662796800002,48.30835434600005,"(48.30835434600005, 11.20662796800002)","{'place_id': 163859575, 'licence': 'Data © OpenStreetMap contributors, ODbL 1.0. https://osm.org/copyright', 'osm_type': 'way', 'osm_id': 251505066, 'lat': '48.30837504944579', 'lon': '11.206642055478937', 'display_name': 'A 8, Taxa, Odelzhausen, Landkreis Dachau, Bayern, 85235, Deutschland', 'address': {'road': 'A 8', 'village': 'Taxa', 'county': 'Landkreis Dachau', 'state': 'Bayern', 'postcode': '85235', 'country': 'Deutschland', 'country_code': 'de'}, 'boundingbox': ['48.3078027', '48.3092977', '11.2053016', '11.2074832']}","A 8, Taxa, Odelzhausen, Landkreis Dachau, Bayern, 85235, Deutschland",A 8,0,0,0,down,[48.30798898 11.20720948],24768.28214281182,50897.88298685925