OBJECTID,ULAND,UREGBEZ,UKREIS,UGEMEINDE,UJAHR,UMONAT,USTUNDE,UWOCHENTAG,UKATEGORIE,UART,UTYP1,ULICHTVERH,IstRad,IstPKW,IstFuss,IstKrad,IstGkfz,LINREFX,LINREFY,XGCSWGS84,YGCSWGS84,coord,location_dict,address,road,UIDENTSTLAE,STRZUSTAND,IstSonstige,lane,coord_interp,dist_interp,dist_interp_up
81713,9,1,79,142,2018,5,16,6,3,3,6,0,0,1,0,0,1,676695.927,5342986.9266,11.378719276000028,48.21548727500005,"(48.21548727500005, 11.378719276000028)","{'place_id': 107778347, 'licence': 'Data © OpenStreetMap contributors, ODbL 1.0. https://osm.org/copyright', 'osm_type': 'way', 'osm_id': 28784068, 'lat': '48.215452740053074', 'lon': '11.378698866727724', 'display_name': 'A 8, Graßlfing, Olching, Landkreis Fürstenfeldbruck, Bayern, 82140, Deutschland', 'address': {'road': 'A 8', 'suburb': 'Graßlfing', 'town': 'Olching', 'county': 'Landkreis Fürstenfeldbruck', 'state': 'Bayern', 'postcode': '82140', 'country': 'Deutschland', 'country_code': 'de'}, 'boundingbox': ['48.2153506', '48.2199694', '11.3710404', '11.3788717']}","A 8, Graßlfing, Olching, Landkreis Fürstenfeldbruck, Bayern, 82140, Deutschland",A 8,0,0,0,up,[48.2163495  11.37718202],67474.82300954217,67474.82300954217
81783,9,7,71,122,2018,5,7,3,3,2,6,0,0,1,0,0,1,655972.31,5359440.2442,11.106018279000068,48.36884588500004,"(48.36884588500004, 11.106018279000068)","{'place_id': 123171715, 'licence': 'Data © OpenStreetMap contributors, ODbL 1.0. https://osm.org/copyright', 'osm_type': 'way', 'osm_id': 95261689, 'lat': '48.3688272236793', 'lon': '11.106011796933364', 'display_name': 'A 8, Burgadelzhausen, Adelzhausen, Dasing, Landkreis Aichach-Friedberg, Bayern, 86453, Deutschland', 'address': {'road': 'A 8', 'village': 'Burgadelzhausen', 'municipality': 'Dasing', 'county': 'Landkreis Aichach-Friedberg', 'state': 'Bayern', 'postcode': '86453', 'country': 'Deutschland', 'country_code': 'de'}, 'boundingbox': ['48.3561378', '48.3880253', '11.0750446', '11.1307183']}","A 8, Burgadelzhausen, Adelzhausen, Dasing, Landkreis Aichach-Friedberg, Bayern, 86453, Deutschland",A 8,0,0,0,up,[48.36875266 11.10622576],40696.48888588861,40696.48888588861
82356,9,1,74,113,2018,5,9,5,3,2,6,0,0,1,0,0,0,669243.6752,5349447.6902,11.28106217000004,48.27559871300008,"(48.27559871300008, 11.28106217000004)","{'place_id': 135294201, 'licence': 'Data © OpenStreetMap contributors, ODbL 1.0. https://osm.org/copyright', 'osm_type': 'way', 'osm_id': 143575534, 'lat': '48.27560447443723', 'lon': '11.281065319799879', 'display_name': 'A 8, Haidhof, Einsbach, Sulzemoos, Landkreis Dachau, Bayern, 85254, Deutschland', 'address': {'road': 'A 8', 'hamlet': 'Haidhof', 'village': 'Einsbach', 'county': 'Landkreis Dachau', 'state': 'Bayern', 'postcode': '85254', 'country': 'Deutschland', 'country_code': 'de'}, 'boundingbox': ['48.2709261', '48.2802015', '11.2713689', '11.2871833']}","A 8, Haidhof, Einsbach, Sulzemoos, Landkreis Dachau, Bayern, 85254, Deutschland",A 8,0,0,0,down,[48.27541171 11.28141818],18112.39700242768,57555.591331246964
82456,9,7,71,122,2018,5,14,1,2,8,6,0,0,1,0,0,0,651351.1229,5362384.359,11.044722917000058,48.39644105100008,"(48.396441051000075, 11.044722917000058)","{'place_id': 171593475, 'licence': 'Data © OpenStreetMap contributors, ODbL 1.0. https://osm.org/copyright', 'osm_type': 'way', 'osm_id': 288973413, 'lat': '48.39645460572565', 'lon': '11.044722367083569', 'display_name': 'A 8, Sophienhof, Bitzenhofen, Dasing, Landkreis Aichach-Friedberg, Bayern, 86453, Deutschland', 'address': {'road': 'A 8', 'hamlet': 'Sophienhof', 'village': 'Bitzenhofen', 'municipality': 'Dasing', 'county': 'Landkreis Aichach-Friedberg', 'state': 'Bayern', 'postcode': '86453', 'country': 'Deutschland', 'country_code': 'de'}, 'boundingbox': ['48.3960534', '48.4039031', '10.9564457', '11.0556046']}","A 8, Sophienhof, Bitzenhofen, Dasing, Landkreis Aichach-Friedberg, Bayern, 86453, Deutschland",A 8,0,0,0,down,[48.39678417 11.0520602 ],40662.937575563104,35016.13046010072
82461,9,7,72,223,2018,5,19,1,3,2,6,0,0,1,0,0,0,617383.0722,5363003.9637,10.586204117000024,48.40925267400007,"(48.40925267400007, 10.586204117000024)","{'place_id': 171014878, 'licence': 'Data © OpenStreetMap contributors, ODbL 1.0. https://osm.org/copyright', 'osm_type': 'way', 'osm_id': 289187283, 'lat': '48.40922997702219', 'lon': '10.586206204999025', 'display_name': 'A 8, Friedensdorf, Wollbach, Zusmarshausen, Landkreis Augsburg, Bayern, 86441, Deutschland', 'address': {'road': 'A 8', 'hamlet': 'Friedensdorf', 'village': 'Wollbach', 'county': 'Landkreis Augsburg', 'state': 'Bayern', 'postcode': '86441', 'country': 'Deutschland', 'country_code': 'de'}, 'boundingbox': ['48.407249', '48.4098', '10.575949', '10.5924484']}","A 8, Friedensdorf, Wollbach, Zusmarshausen, Landkreis Augsburg, Bayern, 86441, Deutschland",A 8,0,1,0,down,[48.40961267 10.5976917 ],74400.25179893948,1478.5013625648196
82527,9,7,72,111,2018,5,2,3,3,2,6,2,0,1,0,0,0,625575.5831,5364241.1731,10.697231462000047,48.41879931400007,"(48.41879931400007, 10.697231462000047)","{'place_id': 179285986, 'licence': 'Data © OpenStreetMap contributors, ODbL 1.0. https://osm.org/copyright', 'osm_type': 'way', 'osm_id': 327667395, 'lat': '48.41882139568743', 'lon': '10.697232989899835', 'display_name': 'A 8, Adelsried, Landkreis Augsburg, Bayern, 86477, Deutschland', 'address': {'road': 'A 8', 'village': 'Adelsried', 'county': 'Landkreis Augsburg', 'state': 'Bayern', 'postcode': '86477', 'country': 'Deutschland', 'country_code': 'de'}, 'boundingbox': ['48.4173813', '48.4201097', '10.6826043', '10.717102']}","A 8, Adelsried, Landkreis Augsburg, Bayern, 86477, Deutschland",A 8,0,0,1,down,[48.41871687 10.69875815],66630.45182943497,9044.692864622732
82695,9,7,61,0,2018,5,13,6,3,2,6,0,0,1,0,0,0,640328.4392,5364005.0684,10.896438747000047,48.41356337500008,"(48.41356337500008, 10.896438747000047)","{'place_id': 107051918, 'licence': 'Data © OpenStreetMap contributors, ODbL 1.0. https://osm.org/copyright', 'osm_type': 'way', 'osm_id': 27394068, 'lat': '48.413535259890374', 'lon': '10.896435695077187', 'display_name': 'A 8, Firnhaberau, Augsburg, Bayern, 86169, Deutschland', 'address': {'road': 'A 8', 'suburb': 'Firnhaberau', 'city': 'Augsburg', 'state': 'Bayern', 'postcode': '86169', 'country': 'Deutschland', 'country_code': 'de'}, 'boundingbox': ['48.4118564', '48.4140709', '10.8897511', '10.907569']}","A 8, Firnhaberau, Augsburg, Bayern, 86169, Deutschland",A 8,0,0,1,up,[48.41361898 10.89566396],23824.52794715201,23824.52794715201
82698,9,7,72,147,2018,5,15,6,3,2,6,0,0,1,0,0,0,634187.7345,5364504.9109,10.813655658000071,48.41939552400004,"(48.41939552400004, 10.813655658000071)","{'place_id': 137716867, 'licence': 'Data © OpenStreetMap contributors, ODbL 1.0. https://osm.org/copyright', 'osm_type': 'way', 'osm_id': 155078401, 'lat': '48.41941132073863', 'lon': '10.813657109054926', 'display_name': 'A 8, Gailenbach, Edenbergen, Gersthofen, Landkreis Augsburg, Bayern, 86368, Deutschland', 'address': {'road': 'A 8', 'hamlet': 'Gailenbach', 'village': 'Edenbergen', 'town': 'Gersthofen', 'county': 'Landkreis Augsburg', 'state': 'Bayern', 'postcode': '86368', 'country': 'Deutschland', 'country_code': 'de'}, 'boundingbox': ['48.4187167', '48.4197662', '10.8091429', '10.8209255']}","A 8, Gailenbach, Edenbergen, Gersthofen, Landkreis Augsburg, Bayern, 86368, Deutschland",A 8,0,0,0,down,[48.41924644 10.815455  ],58001.06432704232,17673.68585539813
82993,9,7,71,122,2018,5,18,6,3,2,6,0,0,1,0,0,0,652967.8438,5362096.2559,11.066444847000072,48.393460677000064,"(48.393460677000064, 11.066444847000072)","{'place_id': 169534566, 'licence': 'Data © OpenStreetMap contributors, ODbL 1.0. https://osm.org/copyright', 'osm_type': 'way', 'osm_id': 280691747, 'lat': '48.39346445768411', 'lon': '11.066446608519342', 'display_name': 'A 8, Neulwirth, Lindl, Dasing, Landkreis Aichach-Friedberg, Bayern, 86453, Deutschland', 'address': {'road': 'A 8', 'hamlet': 'Neulwirth', 'village': 'Lindl', 'municipality': 'Dasing', 'county': 'Landkreis Aichach-Friedberg', 'state': 'Bayern', 'postcode': '86453', 'country': 'Deutschland', 'country_code': 'de'}, 'boundingbox': ['48.3926085', '48.3936123', '11.0661293', '11.0681792']}","A 8, Neulwirth, Lindl, Dasing, Landkreis Aichach-Friedberg, Bayern, 86453, Deutschland",A 8,0,0,0,down,[48.3933244  11.06674707],38984.07184693226,36683.61732599046
82996,9,7,61,0,2018,5,16,6,3,2,6,0,0,1,0,0,0,639889.3363,5364048.1674,10.890522322000038,48.41404853400008,"(48.41404853400008, 10.890522322000038)","{'place_id': 107051918, 'licence': 'Data © OpenStreetMap contributors, ODbL 1.0. https://osm.org/copyright', 'osm_type': 'way', 'osm_id': 27394068, 'lat': '48.41402145366708', 'lon': '10.890520581837867', 'display_name': 'A 8, Firnhaberau, Augsburg, Bayern, 86169, Deutschland', 'address': {'road': 'A 8', 'suburb': 'Firnhaberau', 'city': 'Augsburg', 'state': 'Bayern', 'postcode': '86169', 'country': 'Deutschland', 'country_code': 'de'}, 'boundingbox': ['48.4118564', '48.4140709', '10.8897511', '10.907569']}","A 8, Firnhaberau, Augsburg, Bayern, 86169, Deutschland",A 8,0,0,0,up,[48.41394645 10.89168363],23384.502307511666,23384.502307511666
83013,9,7,72,223,2018,5,18,7,3,0,1,0,0,1,0,0,0,617747.429,5363078.098,10.591146523000075,48.409851401000026,"(48.409851401000026, 10.591146523000075)","{'place_id': 161862030, 'licence': 'Data © OpenStreetMap contributors, ODbL 1.0. https://osm.org/copyright', 'osm_type': 'way', 'osm_id': 246271668, 'lat': '48.409879790665', 'lon': '10.591144212242972', 'display_name': 'A 8, Friedensdorf, Wollbach, Zusmarshausen, Landkreis Augsburg, Bayern, 86441, Deutschland', 'address': {'road': 'A 8', 'hamlet': 'Friedensdorf', 'village': 'Wollbach', 'county': 'Landkreis Augsburg', 'state': 'Bayern', 'postcode': '86441', 'country': 'Deutschland', 'country_code': 'de'}, 'boundingbox': ['48.407462', '48.4099617', '10.5760621', '10.592436']}","A 8, Friedensdorf, Wollbach, Zusmarshausen, Landkreis Augsburg, Bayern, 86441, Deutschland",A 8,0,1,0,down,[48.41124298 10.597204  ],74240.12096283364,1438.4023960712145
83229,9,1,74,146,2018,5,13,6,3,2,6,0,0,1,0,0,0,668411.0033,5350002.912,11.270069841000064,48.28081197100005,"(48.28081197100005, 11.270069841000064)","{'place_id': 169893936, 'licence': 'Data © OpenStreetMap contributors, ODbL 1.0. https://osm.org/copyright', 'osm_type': 'way', 'osm_id': 280421285, 'lat': '48.280816174170575', 'lon': '11.27007183286327', 'display_name': 'A 8, Haidhof, Einsbach, Sulzemoos, Landkreis Dachau, Bayern, 85254, Deutschland', 'address': {'road': 'A 8', 'hamlet': 'Haidhof', 'village': 'Einsbach', 'county': 'Landkreis Dachau', 'state': 'Bayern', 'postcode': '85254', 'country': 'Deutschland', 'country_code': 'de'}, 'boundingbox': ['48.2802015', '48.281347', '11.2689517', '11.2713689']}","A 8, Haidhof, Einsbach, Sulzemoos, Landkreis Dachau, Bayern, 85254, Deutschland",A 8,0,0,0,down,[48.28073339 11.27024728],19111.739211375414,56557.51749550472
83578,9,7,72,223,2018,5,6,4,3,2,6,0,0,0,0,0,1,618955.256,5363093.7737,10.607465946000048,48.40976555200008,"(48.409765552000074, 10.607465946000048)","{'place_id': 179996451, 'licence': 'Data © OpenStreetMap contributors, ODbL 1.0. https://osm.org/copyright', 'osm_type': 'way', 'osm_id': 327667396, 'lat': '48.40976554937524', 'lon': '10.607465945934416', 'display_name': 'A 8, Wollbach, Zusmarshausen, Landkreis Augsburg, Bayern, 86441, Deutschland', 'address': {'road': 'A 8', 'village': 'Wollbach', 'county': 'Landkreis Augsburg', 'state': 'Bayern', 'postcode': '86441', 'country': 'Deutschland', 'country_code': 'de'}, 'boundingbox': ['48.4097528', '48.4098719', '10.6009573', '10.6099358']}","A 8, Wollbach, Zusmarshausen, Landkreis Augsburg, Bayern, 86441, Deutschland",A 8,0,0,0,up,[48.40981327 10.60556104],2161.522903480736,2161.522903480736
83594,9,1,74,146,2018,5,21,2,3,8,1,1,0,1,0,0,0,665580.9737,5351462.8245,11.232525472000075,48.29468289000005,"(48.29468289000005, 11.232525472000075)","{'place_id': 108867869, 'licence': 'Data © OpenStreetMap contributors, ODbL 1.0. https://osm.org/copyright', 'osm_type': 'way', 'osm_id': 28802113, 'lat': '48.294698527223794', 'lon': '11.232530038109253', 'display_name': 'A 8, Ziegelstadel, Wiedenzhausen, Sulzemoos, Landkreis Dachau, Bayern, 85259, Deutschland', 'address': {'road': 'A 8', 'hamlet': 'Ziegelstadel', 'village': 'Wiedenzhausen', 'county': 'Landkreis Dachau', 'state': 'Bayern', 'postcode': '85259', 'country': 'Deutschland', 'country_code': 'de'}, 'boundingbox': ['48.287303', '48.2952793', '11.2306553', '11.2558719']}","A 8, Ziegelstadel, Wiedenzhausen, Sulzemoos, Landkreis Dachau, Bayern, 85259, Deutschland",A 8,0,1,0,down,[48.29439055 11.23358491],22301.143715447404,53370.98894905116
83597,9,1,74,146,2018,5,20,2,3,8,1,1,0,1,0,0,0,667242.2551,5350744.2651,11.25462204100006,48.287786365000045,"(48.287786365000045, 11.25462204100006)","{'place_id': 108867869, 'licence': 'Data © OpenStreetMap contributors, ODbL 1.0. https://osm.org/copyright', 'osm_type': 'way', 'osm_id': 28802113, 'lat': '48.28779476269535', 'lon': '11.254625206369196', 'display_name': 'A 8, Ziegelstadel, Wiedenzhausen, Sulzemoos, Landkreis Dachau, Bayern, 85259, Deutschland', 'address': {'road': 'A 8', 'hamlet': 'Ziegelstadel', 'village': 'Wiedenzhausen', 'county': 'Landkreis Dachau', 'state': 'Bayern', 'postcode': '85259', 'country': 'Deutschland', 'country_code': 'de'}, 'boundingbox': ['48.287303', '48.2952793', '11.2306553', '11.2558719']}","A 8, Ziegelstadel, Wiedenzhausen, Sulzemoos, Landkreis Dachau, Bayern, 85259, Deutschland",A 8,0,1,0,down,[48.28816522 11.25364165],20493.922322751634,55176.758381359024
83604,9,1,74,146,2018,5,7,2,3,3,6,0,0,1,0,0,0,666634.7024,5351026.4689,11.246549396000034,48.29048355400005,"(48.29048355400005, 11.246549396000034)","{'place_id': 108867869, 'licence': 'Data © OpenStreetMap contributors, ODbL 1.0. https://osm.org/copyright', 'osm_type': 'way', 'osm_id': 28802113, 'lat': '48.290533146598534', 'lon': '11.24656450209825', 'display_name': 'A 8, Ziegelstadel, Wiedenzhausen, Sulzemoos, Landkreis Dachau, Bayern, 85259, Deutschland', 'address': {'road': 'A 8', 'hamlet': 'Ziegelstadel', 'village': 'Wiedenzhausen', 'county': 'Landkreis Dachau', 'state': 'Bayern', 'postcode': '85259', 'country': 'Deutschland', 'country_code': 'de'}, 'boundingbox': ['48.287303', '48.2952793', '11.2306553', '11.2558719']}","A 8, Ziegelstadel, Wiedenzhausen, Sulzemoos, Landkreis Dachau, Bayern, 85259, Deutschland",A 8,0,0,1,down,[48.29013077 11.24788487],21163.02024906156,54509.165348718365
83608,9,1,74,135,2018,5,4,2,3,8,1,2,0,1,0,0,0,663877.7983,5352672.8978,11.210049181000045,48.30600481800008,"(48.30600481800008, 11.210049181000045)","{'place_id': 207325858, 'licence': 'Data © OpenStreetMap contributors, ODbL 1.0. https://osm.org/copyright', 'osm_type': 'way', 'osm_id': 477921133, 'lat': '48.30603102261693', 'lon': '11.210067131479635', 'display_name': 'A 8, Lukka, Taxa, Odelzhausen, Landkreis Dachau, Bayern, 85259, Deutschland', 'address': {'road': 'A 8', 'hamlet': 'Lukka', 'village': 'Taxa', 'county': 'Landkreis Dachau', 'state': 'Bayern', 'postcode': '85259', 'country': 'Deutschland', 'country_code': 'de'}, 'boundingbox': ['48.295503', '48.306587', '11.2092555', '11.2299598']}","A 8, Lukka, Taxa, Odelzhausen, Landkreis Dachau, Bayern, 85259, Deutschland",A 8,0,0,0,down,[48.30570646 11.21054083],24404.466984306127,51261.757524264525
83736,9,7,71,122,2018,5,13,4,3,9,1,0,0,1,0,0,0,649284.7405,5362630.8848,11.016912275000038,48.39915016400005,"(48.39915016400005, 11.016912275000038)","{'place_id': 179625445, 'licence': 'Data © OpenStreetMap contributors, ODbL 1.0. https://osm.org/copyright', 'osm_type': 'way', 'osm_id': 327495113, 'lat': '48.399141828867535', 'lon': '11.016910736671623', 'display_name': 'A 8, Sophienhof, Bitzenhofen, Dasing, Landkreis Aichach-Friedberg, Bayern, 86453, Deutschland', 'address': {'road': 'A 8', 'hamlet': 'Sophienhof', 'village': 'Bitzenhofen', 'municipality': 'Dasing', 'county': 'Landkreis Aichach-Friedberg', 'state': 'Bayern', 'postcode': '86453', 'country': 'Deutschland', 'country_code': 'de'}, 'boundingbox': ['48.3959071', '48.4010591', '10.9924061', '11.0555759']}","A 8, Sophienhof, Bitzenhofen, Dasing, Landkreis Aichach-Friedberg, Bayern, 86453, Deutschland",A 8,0,0,0,up,[48.39911768 11.01704202],32898.48491468937,32898.48491468937
84026,9,7,71,129,2018,6,14,7,3,2,6,0,0,1,0,0,0,659871.9175,5356215.9017,11.15740973900006,48.33888259600008,"(48.33888259600008, 11.15740973900006)","{'place_id': 101890269, 'licence': 'Data © OpenStreetMap contributors, ODbL 1.0. https://osm.org/copyright', 'osm_type': 'way', 'osm_id': 14778570, 'lat': '48.33887701982319', 'lon': '11.157405330252338', 'display_name': 'A 8, Eurasburg, Dasing, Landkreis Aichach-Friedberg, Bayern, 85235, Deutschland', 'address': {'road': 'A 8', 'village': 'Eurasburg', 'municipality': 'Dasing', 'county': 'Landkreis Aichach-Friedberg', 'state': 'Bayern', 'postcode': '85235', 'country': 'Deutschland', 'country_code': 'de'}, 'boundingbox': ['48.3167717', '48.3399562', '11.1559195', '11.1937689']}","A 8, Eurasburg, Dasing, Landkreis Aichach-Friedberg, Bayern, 85235, Deutschland",A 8,0,0,0,down,[48.33857711 11.15778489],29789.39939018069,45874.9892531825
84220,9,1,74,113,2018,6,17,4,3,8,1,0,0,1,0,0,1,670862.625,5347419.7039,11.302044841000054,48.25693339500003,"(48.25693339500003, 11.302044841000054)","{'place_id': 163653495, 'licence': 'Data © OpenStreetMap contributors, ODbL 1.0. https://osm.org/copyright', 'osm_type': 'way', 'osm_id': 251505089, 'lat': '48.25691386384211', 'lon': '11.30203146966883', 'display_name': 'A 8, Palsweis, Bergkirchen, Landkreis Dachau, Bayern, 85232, Deutschland', 'address': {'road': 'A 8', 'village': 'Palsweis', 'county': 'Landkreis Dachau', 'state': 'Bayern', 'postcode': '85232', 'country': 'Deutschland', 'country_code': 'de'}, 'boundingbox': ['48.2563245', '48.2581997', '11.3003286', '11.3029315']}","A 8, Palsweis, Bergkirchen, Landkreis Dachau, Bayern, 85232, Deutschland",A 8,0,1,0,up,[48.2568156  11.30217478],60151.71101657675,60151.71101657675
84287,9,7,72,147,2018,6,16,1,3,3,6,0,0,1,0,0,0,631457.7165,5364431.742,10.776752975000022,48.41931312100007,"(48.41931312100007, 10.776752975000022)","{'place_id': 169439440, 'licence': 'Data © OpenStreetMap contributors, ODbL 1.0. https://osm.org/copyright', 'osm_type': 'way', 'osm_id': 279939243, 'lat': '48.41931092199466', 'lon': '10.776753238867432', 'display_name': 'A 8, Rettenbergen, Gersthofen, Landkreis Augsburg, Bayern, 86368, Deutschland', 'address': {'road': 'A 8', 'village': 'Rettenbergen', 'town': 'Gersthofen', 'county': 'Landkreis Augsburg', 'state': 'Bayern', 'postcode': '86368', 'country': 'Deutschland', 'country_code': 'de'}, 'boundingbox': ['48.4186288', '48.4194174', '10.7708476', '10.7776406']}","A 8, Rettenbergen, Gersthofen, Landkreis Augsburg, Bayern, 86368, Deutschland",A 8,0,0,1,down,[48.41928415 10.77653041],60734.450429492565,14945.332182735927
84374,9,7,72,223,2018,5,1,5,3,8,1,2,0,1,0,0,0,618557.2354,5363094.3874,10.602089780000028,48.40984607200005,"(48.40984607200005, 10.602089780000028)","{'place_id': 179996451, 'licence': 'Data © OpenStreetMap contributors, ODbL 1.0. https://osm.org/copyright', 'osm_type': 'way', 'osm_id': 327667396, 'lat': '48.40986320720582', 'lon': '10.602089992812909', 'display_name': 'A 8, Wollbach, Zusmarshausen, Landkreis Augsburg, Bayern, 86441, Deutschland', 'address': {'road': 'A 8', 'village': 'Wollbach', 'county': 'Landkreis Augsburg', 'state': 'Bayern', 'postcode': '86441', 'country': 'Deutschland', 'country_code': 'de'}, 'boundingbox': ['48.4097528', '48.4098719', '10.6009573', '10.6099358']}","A 8, Wollbach, Zusmarshausen, Landkreis Augsburg, Bayern, 86441, Deutschland",A 8,0,1,0,up,[48.40987271 10.60085294],1764.4438097744414,1764.4438097744414
84461,9,1,74,135,2018,6,19,2,3,8,1,0,0,1,0,0,0,661752.69,5354427.4972,11.182084614000075,48.32232592700007,"(48.32232592700007, 11.182084614000075)","{'place_id': 101890269, 'licence': 'Data © OpenStreetMap contributors, ODbL 1.0. https://osm.org/copyright', 'osm_type': 'way', 'osm_id': 14778570, 'lat': '48.32234986355385', 'lon': '11.182095666223981', 'display_name': 'A 8, Eurasburg, Dasing, Landkreis Aichach-Friedberg, Bayern, 85235, Deutschland', 'address': {'road': 'A 8', 'village': 'Eurasburg', 'municipality': 'Dasing', 'county': 'Landkreis Aichach-Friedberg', 'state': 'Bayern', 'postcode': '85235', 'country': 'Deutschland', 'country_code': 'de'}, 'boundingbox': ['48.3167717', '48.3399562', '11.1559195', '11.1937689']}","A 8, Eurasburg, Dasing, Landkreis Aichach-Friedberg, Bayern, 85235, Deutschland",A 8,0,1,0,down,[48.32078738 11.18547984],27166.446077616365,48503.824699564546
84475,9,1,79,142,2018,6,23,3,3,9,1,2,0,1,0,0,0,675348.1361,5344103.7915,11.361052962000032,48.22590083500006,"(48.22590083500006, 11.361052962000032)","{'place_id': 180097007, 'licence': 'Data © OpenStreetMap contributors, ODbL 1.0. https://osm.org/copyright', 'osm_type': 'way', 'osm_id': 327462613, 'lat': '48.22586912145257', 'lon': '11.361034252785108', 'display_name': 'A 8, Graßlfing, Olching, Landkreis Fürstenfeldbruck, Bayern, 82140, Deutschland', 'address': {'road': 'A 8', 'suburb': 'Graßlfing', 'town': 'Olching', 'county': 'Landkreis Fürstenfeldbruck', 'state': 'Bayern', 'postcode': '82140', 'country': 'Deutschland', 'country_code': 'de'}, 'boundingbox': ['48.2199694', '48.2294326', '11.3549891', '11.3710404']}","A 8, Graßlfing, Olching, Landkreis Fürstenfeldbruck, Bayern, 82140, Deutschland",A 8,0,1,0,up,[48.22697893 11.35915365],65726.81955565774,65726.81955565774
84546,9,7,71,130,2018,6,15,7,2,2,1,0,0,1,0,0,1,646638.1792,5362848.958,10.98125450300006,48.40173198300005,"(48.40173198300005, 10.98125450300006)","{'place_id': 171593475, 'licence': 'Data © OpenStreetMap contributors, ODbL 1.0. https://osm.org/copyright', 'osm_type': 'way', 'osm_id': 288973413, 'lat': '48.401740834093495', 'lon': '10.981254429776456', 'display_name': 'A 8, Sophienhof, Bitzenhofen, Dasing, Landkreis Aichach-Friedberg, Bayern, 86453, Deutschland', 'address': {'road': 'A 8', 'hamlet': 'Sophienhof', 'village': 'Bitzenhofen', 'municipality': 'Dasing', 'county': 'Landkreis Aichach-Friedberg', 'state': 'Bayern', 'postcode': '86453', 'country': 'Deutschland', 'country_code': 'de'}, 'boundingbox': ['48.3960534', '48.4039031', '10.9564457', '11.0556046']}","A 8, Sophienhof, Bitzenhofen, Dasing, Landkreis Aichach-Friedberg, Bayern, 86453, Deutschland",A 8,0,0,0,down,[48.40174875 10.98215367],45427.69942386252,30249.36424145919
84561,9,7,71,130,2018,6,14,1,3,9,1,0,0,1,0,0,0,645689.5359,5362834.0612,10.968439940000051,48.40181798100008,"(48.40181798100008, 10.968439940000051)","{'place_id': 169711243, 'licence': 'Data © OpenStreetMap contributors, ODbL 1.0. https://osm.org/copyright', 'osm_type': 'way', 'osm_id': 280694759, 'lat': '48.40179449347781', 'lon': '10.968436982805935', 'display_name': 'A 8, Derching, Friedberg, Landkreis Aichach-Friedberg, Bayern, 86316, Deutschland', 'address': {'road': 'A 8', 'village': 'Derching', 'town': 'Friedberg', 'county': 'Landkreis Aichach-Friedberg', 'state': 'Bayern', 'postcode': '86316', 'country': 'Deutschland', 'country_code': 'de'}, 'boundingbox': ['48.401446', '48.4037486', '10.9564506', '10.981465']}","A 8, Derching, Friedberg, Landkreis Aichach-Friedberg, Bayern, 86316, Deutschland",A 8,0,1,0,up,[48.40179623 10.96842168],29299.36460739783,29299.36460739783
84583,9,1,74,113,2018,6,14,1,3,9,1,0,0,1,0,0,0,669410.6911,5349304.3751,11.283253917000025,48.27426570900008,"(48.27426570900008, 11.283253917000025)","{'place_id': 135294201, 'licence': 'Data © OpenStreetMap contributors, ODbL 1.0. https://osm.org/copyright', 'osm_type': 'way', 'osm_id': 143575534, 'lat': '48.27426854968435', 'lon': '11.283255862179235', 'display_name': 'A 8, Haidhof, Einsbach, Sulzemoos, Landkreis Dachau, Bayern, 85254, Deutschland', 'address': {'road': 'A 8', 'hamlet': 'Haidhof', 'village': 'Einsbach', 'county': 'Landkreis Dachau', 'state': 'Bayern', 'postcode': '85254', 'country': 'Deutschland', 'country_code': 'de'}, 'boundingbox': ['48.2709261', '48.2802015', '11.2713689', '11.2871833']}","A 8, Haidhof, Einsbach, Sulzemoos, Landkreis Dachau, Bayern, 85254, Deutschland",A 8,0,1,0,down,[48.27426228 11.28326498],17892.374850028653,57773.88584030933
84655,9,1,79,142,2018,6,9,5,3,2,6,0,0,0,0,0,0,676541.4781,5343114.6376,11.376695071000029,48.21667826700008,"(48.21667826700008, 11.376695071000029)","{'place_id': 107778347, 'licence': 'Data © OpenStreetMap contributors, ODbL 1.0. https://osm.org/copyright', 'osm_type': 'way', 'osm_id': 28784068, 'lat': '48.21664724233335', 'lon': '11.376676784662155', 'display_name': 'A 8, Graßlfing, Olching, Landkreis Fürstenfeldbruck, Bayern, 82140, Deutschland', 'address': {'road': 'A 8', 'suburb': 'Graßlfing', 'town': 'Olching', 'county': 'Landkreis Fürstenfeldbruck', 'state': 'Bayern', 'postcode': '82140', 'country': 'Deutschland', 'country_code': 'de'}, 'boundingbox': ['48.2153506', '48.2199694', '11.3710404', '11.3788717']}","A 8, Graßlfing, Olching, Landkreis Fürstenfeldbruck, Bayern, 82140, Deutschland",A 8,0,0,1,up,[48.21515572 11.37920251],67274.68855451095,67274.68855451095
84666,9,7,71,122,2018,6,20,6,3,3,1,0,0,1,0,0,0,653258.8992,5361870.3387,11.070291617000066,48.391358860000025,"(48.391358860000025, 11.070291617000066)","{'place_id': 123161516, 'licence': 'Data © OpenStreetMap contributors, ODbL 1.0. https://osm.org/copyright', 'osm_type': 'way', 'osm_id': 95261664, 'lat': '48.391372061619265', 'lon': '11.070299924989287', 'display_name': 'A 8, Neulwirth, Lindl, Dasing, Landkreis Aichach-Friedberg, Bayern, 86453, Deutschland', 'address': {'road': 'A 8', 'hamlet': 'Neulwirth', 'village': 'Lindl', 'municipality': 'Dasing', 'county': 'Landkreis Aichach-Friedberg', 'state': 'Bayern', 'postcode': '86453', 'country': 'Deutschland', 'country_code': 'de'}, 'boundingbox': ['48.3883354', '48.3926085', '11.0681792', '11.0748745']}","A 8, Neulwirth, Lindl, Dasing, Landkreis Aichach-Friedberg, Bayern, 86453, Deutschland",A 8,0,1,0,down,[48.39075013 11.07128911],38615.60537269891,37049.98619958878