OBJECTID,ULAND,UREGBEZ,UKREIS,UGEMEINDE,UJAHR,UMONAT,USTUNDE,UWOCHENTAG,UKATEGORIE,UART,UTYP1,ULICHTVERH,IstRad,IstPKW,IstFuss,IstKrad,IstGkfz,LINREFX,LINREFY,XGCSWGS84,YGCSWGS84,coord,location_dict,address,road,UIDENTSTLAE,STRZUSTAND,IstSonstige,lane,coord_interp,dist_interp,dist_interp_up
84778,9,7,72,111,2018,6,20,5,3,3,1,1,0,1,0,0,1,626272.2167,5364181.3732,10.706624556000063,48.41812232700005,"(48.41812232700005, 10.706624556000063)","{'place_id': 179285986, 'licence': 'Data © OpenStreetMap contributors, ODbL 1.0. https://osm.org/copyright', 'osm_type': 'way', 'osm_id': 327667395, 'lat': '48.41814813775237', 'lon': '10.706626333836056', 'display_name': 'A 8, Adelsried, Landkreis Augsburg, Bayern, 86477, Deutschland', 'address': {'road': 'A 8', 'village': 'Adelsried', 'county': 'Landkreis Augsburg', 'state': 'Bayern', 'postcode': '86477', 'country': 'Deutschland', 'country_code': 'de'}, 'boundingbox': ['48.4173813', '48.4201097', '10.6826043', '10.717102']}","A 8, Adelsried, Landkreis Augsburg, Bayern, 86477, Deutschland",A 8,0,1,0,down,[48.41826214 10.70496646],65932.96938190509,9742.636796334598
84814,9,1,74,135,2018,6,19,2,3,8,1,0,0,1,0,0,0,660663.0047,5355187.251,11.167685014000028,48.32943414700002,"(48.32943414700002, 11.167685014000028)","{'place_id': 170077890, 'licence': 'Data © OpenStreetMap contributors, ODbL 1.0. https://osm.org/copyright', 'osm_type': 'way', 'osm_id': 280688897, 'lat': '48.32941558456545', 'lon': '11.167673102617922', 'display_name': 'A 8, Eurasburg, Dasing, Landkreis Aichach-Friedberg, Bayern, 85235, Deutschland', 'address': {'road': 'A 8', 'village': 'Eurasburg', 'municipality': 'Dasing', 'county': 'Landkreis Aichach-Friedberg', 'state': 'Bayern', 'postcode': '85235', 'country': 'Deutschland', 'country_code': 'de'}, 'boundingbox': ['48.3166388', '48.340026', '11.1555112', '11.193519']}","A 8, Eurasburg, Dasing, Landkreis Aichach-Friedberg, Bayern, 85235, Deutschland",A 8,0,1,0,up,[48.3299824  11.16678966],47175.02881705347,47175.02881705347
84829,9,1,74,113,2018,6,19,3,3,8,1,0,0,1,0,0,0,670759.6118,5347528.5777,11.300702035000027,48.25793988600003,"(48.25793988600003, 11.300702035000027)","{'place_id': 163653495, 'licence': 'Data © OpenStreetMap contributors, ODbL 1.0. https://osm.org/copyright', 'osm_type': 'way', 'osm_id': 251505089, 'lat': '48.25791105582648', 'lon': '11.300679018179169', 'display_name': 'A 8, Palsweis, Bergkirchen, Landkreis Dachau, Bayern, 85232, Deutschland', 'address': {'road': 'A 8', 'village': 'Palsweis', 'county': 'Landkreis Dachau', 'state': 'Bayern', 'postcode': '85232', 'country': 'Deutschland', 'country_code': 'de'}, 'boundingbox': ['48.2563245', '48.2581997', '11.3003286', '11.3029315']}","A 8, Palsweis, Bergkirchen, Landkreis Dachau, Bayern, 85232, Deutschland",A 8,0,1,0,up,[48.25777563 11.30084899],60001.73241877041,60001.73241877041
84899,9,7,72,147,2018,6,13,7,3,2,6,0,0,1,0,0,0,636181.8613,5364287.0595,10.840522792000058,48.41700875800007,"(48.41700875800007, 10.840522792000058)","{'place_id': 158972608, 'licence': 'Data © OpenStreetMap contributors, ODbL 1.0. https://osm.org/copyright', 'osm_type': 'way', 'osm_id': 230124430, 'lat': '48.41702273956336', 'lon': '10.840523972644046', 'display_name': 'A 8, Hirblingen, Gersthofen, Landkreis Augsburg, Bayern, 86368, Deutschland', 'address': {'road': 'A 8', 'village': 'Hirblingen', 'town': 'Gersthofen', 'county': 'Landkreis Augsburg', 'state': 'Bayern', 'postcode': '86368', 'country': 'Deutschland', 'country_code': 'de'}, 'boundingbox': ['48.4152777', '48.4170922', '10.8397014', '10.8611428']}","A 8, Hirblingen, Gersthofen, Landkreis Augsburg, Bayern, 86368, Deutschland",A 8,0,0,1,down,[48.41738374 10.83620146],55999.93080726562,19674.71886857274
84902,9,7,71,122,2018,6,20,6,3,9,1,0,0,1,0,0,0,653802.4081,5361353.5101,11.07743935600007,48.38657992200008,"(48.386579922000074, 11.07743935600007)","{'place_id': 112409051, 'licence': 'Data © OpenStreetMap contributors, ODbL 1.0. https://osm.org/copyright', 'osm_type': 'way', 'osm_id': 42400874, 'lat': '48.3865944308664', 'lon': '11.077449241975701', 'display_name': 'A 8, Burgadelzhausen, Adelzhausen, Dasing, Landkreis Aichach-Friedberg, Bayern, 86453, Deutschland', 'address': {'road': 'A 8', 'village': 'Burgadelzhausen', 'municipality': 'Dasing', 'county': 'Landkreis Aichach-Friedberg', 'state': 'Bayern', 'postcode': '86453', 'country': 'Deutschland', 'country_code': 'de'}, 'boundingbox': ['48.3561686', '48.3880438', '11.0753176', '11.1309595']}","A 8, Burgadelzhausen, Adelzhausen, Dasing, Landkreis Aichach-Friedberg, Bayern, 86453, Deutschland",A 8,0,1,0,down,[48.38635568 11.07779956],37866.22169389509,37798.55173741374
84915,9,7,71,122,2018,6,14,1,3,9,1,0,0,1,0,0,0,650675.6987,5362307.7943,11.035576604000028,48.39591442500006,"(48.39591442500006, 11.035576604000028)","{'place_id': 179625445, 'licence': 'Data © OpenStreetMap contributors, ODbL 1.0. https://osm.org/copyright', 'osm_type': 'way', 'osm_id': 327495113, 'lat': '48.39593147451168', 'lon': '11.035576034776717', 'display_name': 'A 8, Sophienhof, Bitzenhofen, Dasing, Landkreis Aichach-Friedberg, Bayern, 86453, Deutschland', 'address': {'road': 'A 8', 'hamlet': 'Sophienhof', 'village': 'Bitzenhofen', 'municipality': 'Dasing', 'county': 'Landkreis Aichach-Friedberg', 'state': 'Bayern', 'postcode': '86453', 'country': 'Deutschland', 'country_code': 'de'}, 'boundingbox': ['48.3959071', '48.4010591', '10.9924061', '11.0555759']}","A 8, Sophienhof, Bitzenhofen, Dasing, Landkreis Aichach-Friedberg, Bayern, 86453, Deutschland",A 8,0,1,0,up,[48.39593963 11.03582666],34338.24879737788,34338.24879737788
85168,9,7,72,147,2018,6,5,2,3,8,1,0,0,1,0,0,0,632551.4312,5364542.9876,10.791563051000026,48.42008430100003,"(48.42008430100003, 10.791563051000026)","{'place_id': 158394914, 'licence': 'Data © OpenStreetMap contributors, ODbL 1.0. https://osm.org/copyright', 'osm_type': 'way', 'osm_id': 230129518, 'lat': '48.4201008067538', 'lon': '10.791562789070298', 'display_name': 'A 8, Gailenbach, Edenbergen, Gersthofen, Landkreis Augsburg, Bayern, 86368, Deutschland', 'address': {'road': 'A 8', 'hamlet': 'Gailenbach', 'village': 'Edenbergen', 'town': 'Gersthofen', 'county': 'Landkreis Augsburg', 'state': 'Bayern', 'postcode': '86368', 'country': 'Deutschland', 'country_code': 'de'}, 'boundingbox': ['48.4197662', '48.4201841', '10.7870984', '10.8091429']}","A 8, Gailenbach, Edenbergen, Gersthofen, Landkreis Augsburg, Bayern, 86368, Deutschland",A 8,0,0,0,down,[48.42011754 10.79264053],59636.28256572438,16040.970791593852
85380,9,7,71,111,2018,6,23,2,3,2,6,2,0,1,0,0,0,658313.1156,5357380.9455,11.136827564000043,48.349749280000026,"(48.349749280000026, 11.136827564000043)","{'place_id': 107811304, 'licence': 'Data © OpenStreetMap contributors, ODbL 1.0. https://osm.org/copyright', 'osm_type': 'way', 'osm_id': 27127128, 'lat': '48.34973395164167', 'lon': '11.136815936670324', 'display_name': 'A 8, Holzschuster, Burgadelzhausen, Adelzhausen, Dasing, Landkreis Aichach-Friedberg, Bayern, 86559, Deutschland', 'address': {'road': 'A 8', 'hamlet': 'Holzschuster', 'village': 'Burgadelzhausen', 'municipality': 'Dasing', 'county': 'Landkreis Aichach-Friedberg', 'state': 'Bayern', 'postcode': '86559', 'country': 'Deutschland', 'country_code': 'de'}, 'boundingbox': ['48.3488778', '48.3505353', '11.1358104', '11.1380062']}","A 8, Holzschuster, Burgadelzhausen, Adelzhausen, Dasing, Landkreis Aichach-Friedberg, Bayern, 86559, Deutschland",A 8,0,0,0,up,[48.34984407 11.13667122],43928.041696359825,43928.041696359825
85535,9,7,72,147,2018,6,22,3,3,8,1,2,0,1,0,0,0,630367.3438,5364262.0438,10.761970273000031,48.41801371600008,"(48.41801371600008, 10.761970273000031)","{'place_id': 163875111, 'licence': 'Data © OpenStreetMap contributors, ODbL 1.0. https://osm.org/copyright', 'osm_type': 'way', 'osm_id': 253368216, 'lat': '48.41803211377935', 'lon': '10.761969536661187', 'display_name': 'A 8, Gersthofen, Landkreis Augsburg, Bayern, 86368, Deutschland', 'address': {'road': 'A 8', 'town': 'Gersthofen', 'county': 'Landkreis Augsburg', 'state': 'Bayern', 'postcode': '86368', 'country': 'Deutschland', 'country_code': 'de'}, 'boundingbox': ['48.4178521', '48.4182267', '10.7575916', '10.7660937']}","A 8, Gersthofen, Landkreis Augsburg, Bayern, 86368, Deutschland",A 8,0,1,0,down,[48.41800376 10.76125541],61836.13469834555,13841.894602214117
85730,9,1,79,142,2018,6,14,4,3,3,6,0,0,1,0,0,1,677080.9104,5342666.8368,11.383763721000037,48.21250266000004,"(48.21250266000004, 11.383763721000037)","{'place_id': 108533752, 'licence': 'Data © OpenStreetMap contributors, ODbL 1.0. https://osm.org/copyright', 'osm_type': 'way', 'osm_id': 28784616, 'lat': '48.212478419037666', 'lon': '11.383749399970382', 'display_name': 'A 8, Olching, Landkreis Fürstenfeldbruck, Bayern, 82140, Deutschland', 'address': {'road': 'A 8', 'town': 'Olching', 'county': 'Landkreis Fürstenfeldbruck', 'state': 'Bayern', 'postcode': '82140', 'country': 'Deutschland', 'country_code': 'de'}, 'boundingbox': ['48.2112162', '48.2126052', '11.3835348', '11.3858694']}","A 8, Olching, Landkreis Fürstenfeldbruck, Bayern, 82140, Deutschland",A 8,0,0,0,up,[48.21349823 11.38203664],67974.79796459412,67974.79796459412
86050,9,1,79,142,2018,6,14,3,2,9,1,0,0,1,0,0,0,675617.8278,5343879.8983,11.364588381000033,48.223813619000055,"(48.223813619000055, 11.364588381000033)","{'place_id': 180097007, 'licence': 'Data © OpenStreetMap contributors, ODbL 1.0. https://osm.org/copyright', 'osm_type': 'way', 'osm_id': 327462613, 'lat': '48.22378366868168', 'lon': '11.364570723461718', 'display_name': 'A 8, Graßlfing, Olching, Landkreis Fürstenfeldbruck, Bayern, 82140, Deutschland', 'address': {'road': 'A 8', 'suburb': 'Graßlfing', 'town': 'Olching', 'county': 'Landkreis Fürstenfeldbruck', 'state': 'Bayern', 'postcode': '82140', 'country': 'Deutschland', 'country_code': 'de'}, 'boundingbox': ['48.2199694', '48.2294326', '11.3549891', '11.3710404']}","A 8, Graßlfing, Olching, Landkreis Fürstenfeldbruck, Bayern, 82140, Deutschland",A 8,0,0,0,up,[48.22129595 11.36878968],66076.85756128468,66076.85756128468
86269,9,7,72,223,2018,6,1,5,2,9,1,2,0,1,0,0,0,624359.8929,5364353.2575,10.680841290000046,48.42004838400004,"(48.42004838400004, 10.680841290000046)","{'place_id': 172343933, 'licence': 'Data © OpenStreetMap contributors, ODbL 1.0. https://osm.org/copyright', 'osm_type': 'way', 'osm_id': 289185134, 'lat': '48.420099206960316', 'lon': '10.68083933699535', 'display_name': 'A 8, Streitheim, Zusmarshausen, Landkreis Augsburg, Bayern, 86441, Deutschland', 'address': {'road': 'A 8', 'village': 'Streitheim', 'county': 'Landkreis Augsburg', 'state': 'Bayern', 'postcode': '86441', 'country': 'Deutschland', 'country_code': 'de'}, 'boundingbox': ['48.420022', '48.4201229', '10.6794187', '10.6826043']}","A 8, Streitheim, Zusmarshausen, Landkreis Augsburg, Bayern, 86441, Deutschland",A 8,0,0,0,down,[48.42010767 10.68105513],67851.11797598818,7827.467340849703
86402,9,7,71,130,2018,6,16,5,3,8,1,0,0,1,0,0,0,648564.569,5362726.0194,11.007222285000068,48.400175628000056,"(48.400175628000056, 11.007222285000068)","{'place_id': 171593475, 'licence': 'Data © OpenStreetMap contributors, ODbL 1.0. https://osm.org/copyright', 'osm_type': 'way', 'osm_id': 288973413, 'lat': '48.40020858915387', 'lon': '11.007224605711048', 'display_name': 'A 8, Sophienhof, Bitzenhofen, Dasing, Landkreis Aichach-Friedberg, Bayern, 86453, Deutschland', 'address': {'road': 'A 8', 'hamlet': 'Sophienhof', 'village': 'Bitzenhofen', 'municipality': 'Dasing', 'county': 'Landkreis Aichach-Friedberg', 'state': 'Bayern', 'postcode': '86453', 'country': 'Deutschland', 'country_code': 'de'}, 'boundingbox': ['48.3960534', '48.4039031', '10.9564457', '11.0556046']}","A 8, Sophienhof, Bitzenhofen, Dasing, Landkreis Aichach-Friedberg, Bayern, 86453, Deutschland",A 8,0,1,0,down,[48.40015073 11.00804652],43501.27767540791,32173.61427201294
86463,9,1,74,146,2018,7,19,2,2,2,6,1,0,1,0,0,1,666773.1708,5350968.0492,11.248391652000066,48.28992190300005,"(48.28992190300005, 11.248391652000066)","{'place_id': 108867869, 'licence': 'Data © OpenStreetMap contributors, ODbL 1.0. https://osm.org/copyright', 'osm_type': 'way', 'osm_id': 28802113, 'lat': '48.289971946431336', 'lon': '11.248406895423674', 'display_name': 'A 8, Ziegelstadel, Wiedenzhausen, Sulzemoos, Landkreis Dachau, Bayern, 85259, Deutschland', 'address': {'road': 'A 8', 'hamlet': 'Ziegelstadel', 'village': 'Wiedenzhausen', 'county': 'Landkreis Dachau', 'state': 'Bayern', 'postcode': '85259', 'country': 'Deutschland', 'country_code': 'de'}, 'boundingbox': ['48.287303', '48.2952793', '11.2306553', '11.2558719']}","A 8, Ziegelstadel, Wiedenzhausen, Sulzemoos, Landkreis Dachau, Bayern, 85259, Deutschland",A 8,0,0,0,down,[48.28887845 11.2516972 ],21012.80330541841,54658.75192955338
86692,9,1,74,135,2018,7,22,2,3,2,1,2,0,1,0,0,1,662619.3822,5353835.696,11.193539413000051,48.31678324800004,"(48.31678324800004, 11.193539413000051)","{'place_id': 101890269, 'licence': 'Data © OpenStreetMap contributors, ODbL 1.0. https://osm.org/copyright', 'osm_type': 'way', 'osm_id': 14778570, 'lat': '48.316866523612156', 'lon': '11.193581564651677', 'display_name': 'A 8, Eurasburg, Dasing, Landkreis Aichach-Friedberg, Bayern, 85235, Deutschland', 'address': {'road': 'A 8', 'village': 'Eurasburg', 'municipality': 'Dasing', 'county': 'Landkreis Aichach-Friedberg', 'state': 'Bayern', 'postcode': '85235', 'country': 'Deutschland', 'country_code': 'de'}, 'boundingbox': ['48.3167717', '48.3399562', '11.1559195', '11.1937689']}","A 8, Eurasburg, Dasing, Landkreis Aichach-Friedberg, Bayern, 85235, Deutschland",A 8,0,0,1,down,[48.31633799 11.19453894],26117.732066563778,49550.65346177349
86843,9,7,72,223,2018,7,14,4,3,3,1,0,0,1,0,0,0,619550.9877,5363153.6363,10.615529922000064,48.41019116800004,"(48.41019116800004, 10.615529922000064)","{'place_id': 170982864, 'licence': 'Data © OpenStreetMap contributors, ODbL 1.0. https://osm.org/copyright', 'osm_type': 'way', 'osm_id': 289187276, 'lat': '48.410162766874514', 'lon': '10.615532491811548', 'display_name': 'A 8, Zusmarshausen, Landkreis Augsburg, Bayern, 86441, Deutschland', 'address': {'road': 'A 8', 'village': 'Zusmarshausen', 'county': 'Landkreis Augsburg', 'state': 'Bayern', 'postcode': '86441', 'country': 'Deutschland', 'country_code': 'de'}, 'boundingbox': ['48.4094857', '48.4103677', '10.612932', '10.6338294']}","A 8, Zusmarshausen, Landkreis Augsburg, Bayern, 86441, Deutschland",A 8,0,1,0,up,[48.41024908 10.61653455],2760.0416160216337,2760.0416160216337
86962,9,7,71,122,2018,7,10,3,3,2,6,0,0,1,0,0,0,654182.8926,5360985.3086,11.082440001000066,48.38317667100006,"(48.38317667100006, 11.082440001000066)","{'place_id': 112409051, 'licence': 'Data © OpenStreetMap contributors, ODbL 1.0. https://osm.org/copyright', 'osm_type': 'way', 'osm_id': 42400874, 'lat': '48.383188259718494', 'lon': '11.082447899305942', 'display_name': 'A 8, Burgadelzhausen, Adelzhausen, Dasing, Landkreis Aichach-Friedberg, Bayern, 86453, Deutschland', 'address': {'road': 'A 8', 'village': 'Burgadelzhausen', 'municipality': 'Dasing', 'county': 'Landkreis Aichach-Friedberg', 'state': 'Bayern', 'postcode': '86453', 'country': 'Deutschland', 'country_code': 'de'}, 'boundingbox': ['48.3561686', '48.3880438', '11.0753176', '11.1309595']}","A 8, Burgadelzhausen, Adelzhausen, Dasing, Landkreis Aichach-Friedberg, Bayern, 86453, Deutschland",A 8,0,0,0,down,[48.38301811 11.08269731],37337.32305427179,38327.37884029506
87223,9,1,79,142,2018,7,7,3,2,2,6,0,0,1,0,0,0,676695.927,5342986.9266,11.378719276000028,48.21548727500005,"(48.21548727500005, 11.378719276000028)","{'place_id': 107778347, 'licence': 'Data © OpenStreetMap contributors, ODbL 1.0. https://osm.org/copyright', 'osm_type': 'way', 'osm_id': 28784068, 'lat': '48.215452740053074', 'lon': '11.378698866727724', 'display_name': 'A 8, Graßlfing, Olching, Landkreis Fürstenfeldbruck, Bayern, 82140, Deutschland', 'address': {'road': 'A 8', 'suburb': 'Graßlfing', 'town': 'Olching', 'county': 'Landkreis Fürstenfeldbruck', 'state': 'Bayern', 'postcode': '82140', 'country': 'Deutschland', 'country_code': 'de'}, 'boundingbox': ['48.2153506', '48.2199694', '11.3710404', '11.3788717']}","A 8, Graßlfing, Olching, Landkreis Fürstenfeldbruck, Bayern, 82140, Deutschland",A 8,0,0,0,up,[48.2163495  11.37718202],67474.82300954217,67474.82300954217
87497,9,7,71,122,2018,7,13,4,3,4,7,0,0,1,0,0,0,652965.0794,5362304.7771,11.066483478000066,48.395336101000055,"(48.395336101000055, 11.066483478000066)","{'place_id': 132785040, 'licence': 'Data © OpenStreetMap contributors, ODbL 1.0. https://osm.org/copyright', 'osm_type': 'way', 'osm_id': 134464651, 'lat': '48.39433015', 'lon': '11.065991577839691', 'display_name': 'A+ (Autobahn A8), A 8, Neulwirth, Lindl, Dasing, Landkreis Aichach-Friedberg, Bayern, 86453, Deutschland', 'address': {'man_made': 'A+ (Autobahn A8)', 'road': 'A 8', 'hamlet': 'Neulwirth', 'village': 'Lindl', 'municipality': 'Dasing', 'county': 'Landkreis Aichach-Friedberg', 'state': 'Bayern', 'postcode': '86453', 'country': 'Deutschland', 'country_code': 'de'}, 'boundingbox': ['48.3938943', '48.3948202', '11.0657495', '11.0668734']}","A+ (Autobahn A8), A 8, Neulwirth, Lindl, Dasing, Landkreis Aichach-Friedberg, Bayern, 86453, Deutschland",A 8,0,0,1,down,[48.39421488 11.06468677],39089.81948236896,36579.39049726476
87523,9,7,71,111,2018,7,6,2,3,3,6,0,0,1,0,0,1,657635.904,5358416.4654,11.12808131600002,48.35922841900003,"(48.35922841900003, 11.12808131600002)","{'place_id': 123171715, 'licence': 'Data © OpenStreetMap contributors, ODbL 1.0. https://osm.org/copyright', 'osm_type': 'way', 'osm_id': 95261689, 'lat': '48.35920430446443', 'lon': '11.12805531394148', 'display_name': 'A 8, Burgadelzhausen, Adelzhausen, Dasing, Landkreis Aichach-Friedberg, Bayern, 86453, Deutschland', 'address': {'road': 'A 8', 'village': 'Burgadelzhausen', 'municipality': 'Dasing', 'county': 'Landkreis Aichach-Friedberg', 'state': 'Bayern', 'postcode': '86453', 'country': 'Deutschland', 'country_code': 'de'}, 'boundingbox': ['48.3561378', '48.3880253', '11.0750446', '11.1307183']}","A 8, Burgadelzhausen, Adelzhausen, Dasing, Landkreis Aichach-Friedberg, Bayern, 86453, Deutschland",A 8,0,0,0,up,[48.35875183 11.12847548],42688.35451554926,42688.35451554926
87594,9,7,71,122,2018,7,19,7,3,2,6,0,0,1,0,0,0,653143.4324,5361966.7953,11.068768065000029,48.39225412000008,"(48.39225412000008, 11.068768065000029)","{'place_id': 123161516, 'licence': 'Data © OpenStreetMap contributors, ODbL 1.0. https://osm.org/copyright', 'osm_type': 'way', 'osm_id': 95261664, 'lat': '48.39227828068551', 'lon': '11.068782099949527', 'display_name': 'A 8, Neulwirth, Lindl, Dasing, Landkreis Aichach-Friedberg, Bayern, 86453, Deutschland', 'address': {'road': 'A 8', 'hamlet': 'Neulwirth', 'village': 'Lindl', 'municipality': 'Dasing', 'county': 'Landkreis Aichach-Friedberg', 'state': 'Bayern', 'postcode': '86453', 'country': 'Deutschland', 'country_code': 'de'}, 'boundingbox': ['48.3883354', '48.3926085', '11.0681792', '11.0748745']}","A 8, Neulwirth, Lindl, Dasing, Landkreis Aichach-Friedberg, Bayern, 86453, Deutschland",A 8,0,0,0,down,[48.39262124 11.0681566 ],38766.04795248285,36900.07588245174
87694,9,7,61,0,2018,7,9,4,2,2,1,0,0,1,0,0,1,641853.1804,5363682.4369,10.916923519000022,48.41032105800008,"(48.41032105800008, 10.916923519000022)","{'place_id': 106960766, 'licence': 'Data © OpenStreetMap contributors, ODbL 1.0. https://osm.org/copyright', 'osm_type': 'way', 'osm_id': 27126890, 'lat': '48.410308892134324', 'lon': '10.916921483035324', 'display_name': 'A 8, Hammerschmiede, Augsburg, Bayern, 86169, Deutschland', 'address': {'road': 'A 8', 'suburb': 'Hammerschmiede', 'city': 'Augsburg', 'state': 'Bayern', 'postcode': '86169', 'country': 'Deutschland', 'country_code': 'de'}, 'boundingbox': ['48.4085277', '48.4114704', '10.9098781', '10.9277055']}","A 8, Hammerschmiede, Augsburg, Bayern, 86169, Deutschland",A 8,0,0,0,up,[48.41055261 10.91546591],25379.41278539619,25379.41278539619
87821,9,7,72,147,2018,7,17,2,3,3,6,0,0,1,0,0,0,638987.2162,5364063.0455,10.878342466000047,48.41438193100004,"(48.41438193100004, 10.878342466000047)","{'place_id': 194322876, 'licence': 'Data © OpenStreetMap contributors, ODbL 1.0. https://osm.org/copyright', 'osm_type': 'way', 'osm_id': 403304743, 'lat': '48.41438266991465', 'lon': '10.878342485585069', 'display_name': 'A 8, Gersthofen, Landkreis Augsburg, Bayern, 86368, Deutschland', 'address': {'road': 'A 8', 'town': 'Gersthofen', 'county': 'Landkreis Augsburg', 'state': 'Bayern', 'postcode': '86368', 'country': 'Deutschland', 'country_code': 'de'}, 'boundingbox': ['48.4143641', '48.4144426', '10.8760378', '10.8790431']}","A 8, Gersthofen, Landkreis Augsburg, Bayern, 86368, Deutschland",A 8,0,0,0,up,[48.4144143  10.87715949],22484.587060582344,22484.587060582344
87918,9,7,72,147,2018,7,15,1,3,9,1,0,0,1,0,0,0,634435.6585,5364462.254,10.816991125000072,48.418959100000045,"(48.418959100000045, 10.816991125000072)","{'place_id': 188592058, 'licence': 'Data © OpenStreetMap contributors, ODbL 1.0. https://osm.org/copyright', 'osm_type': 'way', 'osm_id': 376197233, 'lat': '48.41893431650578', 'lon': '10.81698867832042', 'display_name': 'A 8, Gailenbach, Batzenhofen, Gersthofen, Landkreis Augsburg, Bayern, 86368, Deutschland', 'address': {'road': 'A 8', 'hamlet': 'Gailenbach', 'village': 'Batzenhofen', 'town': 'Gersthofen', 'county': 'Landkreis Augsburg', 'state': 'Bayern', 'postcode': '86368', 'country': 'Deutschland', 'country_code': 'de'}, 'boundingbox': ['48.4188798', '48.4190459', '10.8158584', '10.8175409']}","A 8, Gailenbach, Batzenhofen, Gersthofen, Landkreis Augsburg, Bayern, 86368, Deutschland",A 8,0,1,0,up,[48.41899123 10.81641332],17923.96540318425,17923.96540318425
88069,9,1,74,135,2018,7,15,1,3,8,1,0,0,1,0,0,0,661635.4196,5354486.7505,11.180526513000077,48.32288861600006,"(48.32288861600006, 11.180526513000077)","{'place_id': 170077890, 'licence': 'Data © OpenStreetMap contributors, ODbL 1.0. https://osm.org/copyright', 'osm_type': 'way', 'osm_id': 280688897, 'lat': '48.32285324546706', 'lon': '11.180509817175759', 'display_name': 'A 8, Eurasburg, Dasing, Landkreis Aichach-Friedberg, Bayern, 85235, Deutschland', 'address': {'road': 'A 8', 'village': 'Eurasburg', 'municipality': 'Dasing', 'county': 'Landkreis Aichach-Friedberg', 'state': 'Bayern', 'postcode': '85235', 'country': 'Deutschland', 'country_code': 'de'}, 'boundingbox': ['48.3166388', '48.340026', '11.1555112', '11.193519']}","A 8, Eurasburg, Dasing, Landkreis Aichach-Friedberg, Bayern, 85235, Deutschland",A 8,0,1,0,up,[48.32443715 11.17715522],48373.33203807033,48373.33203807033
88216,9,1,74,135,2018,7,16,5,3,0,6,0,0,1,0,1,0,662180.5941,5354132.901,11.187739474000068,48.31956784800008,"(48.31956784800008, 11.187739474000068)","{'place_id': 170077890, 'licence': 'Data © OpenStreetMap contributors, ODbL 1.0. https://osm.org/copyright', 'osm_type': 'way', 'osm_id': 280688897, 'lat': '48.31955012972781', 'lon': '11.187731426874446', 'display_name': 'A 8, Eurasburg, Dasing, Landkreis Aichach-Friedberg, Bayern, 85235, Deutschland', 'address': {'road': 'A 8', 'village': 'Eurasburg', 'municipality': 'Dasing', 'county': 'Landkreis Aichach-Friedberg', 'state': 'Bayern', 'postcode': '85235', 'country': 'Deutschland', 'country_code': 'de'}, 'boundingbox': ['48.3166388', '48.340026', '11.1555112', '11.193519']}","A 8, Eurasburg, Dasing, Landkreis Aichach-Friedberg, Bayern, 85235, Deutschland",A 8,0,0,1,up,[48.32014531 11.18642207],49022.26073294389,49022.26073294389
88220,9,1,74,113,2018,7,15,5,3,2,6,0,0,1,0,0,0,670555.7107,5347813.596,11.298071996000033,48.26055698400006,"(48.26055698400006, 11.298071996000033)","{'place_id': 163589875, 'licence': 'Data © OpenStreetMap contributors, ODbL 1.0. https://osm.org/copyright', 'osm_type': 'way', 'osm_id': 251505078, 'lat': '48.26056103550815', 'lon': '11.29807581367458', 'display_name': 'A 8, Lauterbach, Bergkirchen, Landkreis Dachau, Bayern, 85232, Deutschland', 'address': {'road': 'A 8', 'village': 'Lauterbach', 'county': 'Landkreis Dachau', 'state': 'Bayern', 'postcode': '85232', 'country': 'Deutschland', 'country_code': 'de'}, 'boundingbox': ['48.2600198', '48.2614451', '11.2971376', '11.2986502']}","A 8, Lauterbach, Bergkirchen, Landkreis Dachau, Bayern, 85232, Deutschland",A 8,0,0,1,down,[48.26090543 11.29771051],16012.560623323521,59651.0436419297
88223,9,1,74,146,2018,7,16,5,3,2,6,0,0,1,0,0,0,666145.1416,5351230.0598,11.240034533000028,48.29244250600004,"(48.29244250600004, 11.240034533000028)","{'place_id': 108867869, 'licence': 'Data © OpenStreetMap contributors, ODbL 1.0. https://osm.org/copyright', 'osm_type': 'way', 'osm_id': 28802113, 'lat': '48.29247810522273', 'lon': '11.24004511284294', 'display_name': 'A 8, Ziegelstadel, Wiedenzhausen, Sulzemoos, Landkreis Dachau, Bayern, 85259, Deutschland', 'address': {'road': 'A 8', 'hamlet': 'Ziegelstadel', 'village': 'Wiedenzhausen', 'county': 'Landkreis Dachau', 'state': 'Bayern', 'postcode': '85259', 'country': 'Deutschland', 'country_code': 'de'}, 'boundingbox': ['48.287303', '48.2952793', '11.2306553', '11.2558719']}","A 8, Ziegelstadel, Wiedenzhausen, Sulzemoos, Landkreis Dachau, Bayern, 85259, Deutschland",A 8,0,0,0,down,[48.29394524 11.2351088 ],21692.140386502713,53980.16219076697