OBJECTID,ULAND,UREGBEZ,UKREIS,UGEMEINDE,UJAHR,UMONAT,USTUNDE,UWOCHENTAG,UKATEGORIE,UART,UTYP1,ULICHTVERH,IstRad,IstPKW,IstFuss,IstKrad,IstGkfz,LINREFX,LINREFY,XGCSWGS84,YGCSWGS84,coord,location_dict,address,road,UIDENTSTLAE,STRZUSTAND,IstSonstige,lane,coord_interp,dist_interp,dist_interp_up
88241,9,7,61,0,2018,7,15,1,3,2,6,0,0,1,0,0,0,640973.4846,5363878.2109,10.905108446000042,48.41227875800007,"(48.41227875800007, 10.905108446000042)","{'place_id': 107051918, 'licence': 'Data © OpenStreetMap contributors, ODbL 1.0. https://osm.org/copyright', 'osm_type': 'way', 'osm_id': 27394068, 'lat': '48.41226193177512', 'lon': '10.905105693670384', 'display_name': 'A 8, Firnhaberau, Augsburg, Bayern, 86169, Deutschland', 'address': {'road': 'A 8', 'suburb': 'Firnhaberau', 'city': 'Augsburg', 'state': 'Bayern', 'postcode': '86169', 'country': 'Deutschland', 'country_code': 'de'}, 'boundingbox': ['48.4118564', '48.4140709', '10.8897511', '10.907569']}","A 8, Firnhaberau, Augsburg, Bayern, 86169, Deutschland",A 8,0,1,0,up,[48.41174935 10.90821422],24480.33192407386,24480.33192407386
88287,9,1,74,113,2018,7,19,7,3,8,1,0,0,1,0,0,0,670792.9669,5347491.6872,11.301136173000032,48.25759926900008,"(48.25759926900008, 11.301136173000032)","{'place_id': 163653495, 'licence': 'Data © OpenStreetMap contributors, ODbL 1.0. https://osm.org/copyright', 'osm_type': 'way', 'osm_id': 251505089, 'lat': '48.257573149340445', 'lon': '11.30111694493871', 'display_name': 'A 8, Palsweis, Bergkirchen, Landkreis Dachau, Bayern, 85232, Deutschland', 'address': {'road': 'A 8', 'village': 'Palsweis', 'county': 'Landkreis Dachau', 'state': 'Bayern', 'postcode': '85232', 'country': 'Deutschland', 'country_code': 'de'}, 'boundingbox': ['48.2563245', '48.2581997', '11.3003286', '11.3029315']}","A 8, Palsweis, Bergkirchen, Landkreis Dachau, Bayern, 85232, Deutschland",A 8,0,1,0,up,[48.25811817 11.3004183 ],60051.4190203154,60051.4190203154
88414,9,7,72,147,2018,7,18,4,3,2,6,0,0,1,0,0,0,633290.561,5364550.8461,10.801550491000055,48.41999902300006,"(48.41999902300006, 10.801550491000055)","{'place_id': 180838116, 'licence': 'Data © OpenStreetMap contributors, ODbL 1.0. https://osm.org/copyright', 'osm_type': 'way', 'osm_id': 330705166, 'lat': '48.41997843278838', 'lon': '10.801549947630381', 'display_name': 'A 8, Edenbergen, Gersthofen, Landkreis Augsburg, Bayern, 86368, Deutschland', 'address': {'road': 'A 8', 'village': 'Edenbergen', 'town': 'Gersthofen', 'county': 'Landkreis Augsburg', 'state': 'Bayern', 'postcode': '86368', 'country': 'Deutschland', 'country_code': 'de'}, 'boundingbox': ['48.4199152', '48.4200048', '10.8005508', '10.803357']}","A 8, Edenbergen, Gersthofen, Landkreis Augsburg, Bayern, 86368, Deutschland",A 8,0,0,0,up,[48.41999073 10.80108377],16778.013510184082,16778.013510184082
88466,9,7,71,130,2018,7,7,2,3,2,6,0,0,1,0,0,0,645028.5722,5362990.9049,10.959569164000072,48.40338060600004,"(48.40338060600004, 10.959569164000072)","{'place_id': 171593475, 'licence': 'Data © OpenStreetMap contributors, ODbL 1.0. https://osm.org/copyright', 'osm_type': 'way', 'osm_id': 288973413, 'lat': '48.403396462668915', 'lon': '10.959571733895492', 'display_name': 'A 8, Sophienhof, Bitzenhofen, Dasing, Landkreis Aichach-Friedberg, Bayern, 86453, Deutschland', 'address': {'road': 'A 8', 'hamlet': 'Sophienhof', 'village': 'Bitzenhofen', 'municipality': 'Dasing', 'county': 'Landkreis Aichach-Friedberg', 'state': 'Bayern', 'postcode': '86453', 'country': 'Deutschland', 'country_code': 'de'}, 'boundingbox': ['48.3960534', '48.4039031', '10.9564457', '11.0556046']}","A 8, Sophienhof, Bitzenhofen, Dasing, Landkreis Aichach-Friedberg, Bayern, 86453, Deutschland",A 8,0,1,0,down,[48.40301673 10.96190004],47051.00494736204,28621.343106673456
88603,9,1,74,135,2018,7,12,6,2,8,7,0,0,0,0,0,0,662330.3879,5354032.6257,11.189719989000023,48.31862792300007,"(48.31862792300007, 11.189719989000023)","{'place_id': 170077890, 'licence': 'Data © OpenStreetMap contributors, ODbL 1.0. https://osm.org/copyright', 'osm_type': 'way', 'osm_id': 280688897, 'lat': '48.31859933920423', 'lon': '11.189706057937881', 'display_name': 'A 8, Eurasburg, Dasing, Landkreis Aichach-Friedberg, Bayern, 85235, Deutschland', 'address': {'road': 'A 8', 'village': 'Eurasburg', 'municipality': 'Dasing', 'county': 'Landkreis Aichach-Friedberg', 'state': 'Bayern', 'postcode': '85235', 'country': 'Deutschland', 'country_code': 'de'}, 'boundingbox': ['48.3166388', '48.340026', '11.1555112', '11.193519']}","A 8, Eurasburg, Dasing, Landkreis Aichach-Friedberg, Bayern, 85235, Deutschland",A 8,0,0,1,up,[48.31873678 11.18942505],49202.165762658624,49202.165762658624
88811,9,7,71,122,2018,7,16,7,2,4,1,0,0,1,0,0,0,652891.9001,5362242.1664,11.065472735000071,48.39479093400007,"(48.39479093400007, 11.065472735000071)","{'place_id': 132785040, 'licence': 'Data © OpenStreetMap contributors, ODbL 1.0. https://osm.org/copyright', 'osm_type': 'way', 'osm_id': 134464651, 'lat': '48.39433015', 'lon': '11.065991577839691', 'display_name': 'A+ (Autobahn A8), A 8, Neulwirth, Lindl, Dasing, Landkreis Aichach-Friedberg, Bayern, 86453, Deutschland', 'address': {'man_made': 'A+ (Autobahn A8)', 'road': 'A 8', 'hamlet': 'Neulwirth', 'village': 'Lindl', 'municipality': 'Dasing', 'county': 'Landkreis Aichach-Friedberg', 'state': 'Bayern', 'postcode': '86453', 'country': 'Deutschland', 'country_code': 'de'}, 'boundingbox': ['48.3938943', '48.3948202', '11.0657495', '11.0668734']}","A+ (Autobahn A8), A 8, Neulwirth, Lindl, Dasing, Landkreis Aichach-Friedberg, Bayern, 86453, Deutschland",A 8,0,0,0,down,[48.39406379 11.06506253],39122.262269845356,36546.82330259985
88963,9,1,79,142,2018,7,11,4,2,3,7,0,0,1,0,0,0,675309.9272,5344135.3264,11.360551977000055,48.22619486800005,"(48.22619486800005, 11.360551977000055)","{'place_id': 180097007, 'licence': 'Data © OpenStreetMap contributors, ODbL 1.0. https://osm.org/copyright', 'osm_type': 'way', 'osm_id': 327462613, 'lat': '48.22616428206609', 'lon': '11.360533933013858', 'display_name': 'A 8, Graßlfing, Olching, Landkreis Fürstenfeldbruck, Bayern, 82140, Deutschland', 'address': {'road': 'A 8', 'suburb': 'Graßlfing', 'town': 'Olching', 'county': 'Landkreis Fürstenfeldbruck', 'state': 'Bayern', 'postcode': '82140', 'country': 'Deutschland', 'country_code': 'de'}, 'boundingbox': ['48.2199694', '48.2294326', '11.3549891', '11.3710404']}","A 8, Graßlfing, Olching, Landkreis Fürstenfeldbruck, Bayern, 82140, Deutschland",A 8,0,0,0,up,[48.22668404 11.3596535 ],65677.346338106,65677.346338106
89076,9,7,61,0,2018,7,13,3,3,2,6,0,0,1,0,0,0,640976.0662,5363891.977,10.905147939000074,48.41240195900008,"(48.41240195900008, 10.905147939000074)","{'place_id': 107800681, 'licence': 'Data © OpenStreetMap contributors, ODbL 1.0. https://osm.org/copyright', 'osm_type': 'way', 'osm_id': 27126891, 'lat': '48.41240625652371', 'lon': '10.905148656029958', 'display_name': 'A 8, Hammerschmiede, Augsburg, Bayern, 86169, Deutschland', 'address': {'road': 'A 8', 'suburb': 'Hammerschmiede', 'city': 'Augsburg', 'state': 'Bayern', 'postcode': '86169', 'country': 'Deutschland', 'country_code': 'de'}, 'boundingbox': ['48.41233', '48.4126072', '10.9039443', '10.9056057']}","A 8, Hammerschmiede, Augsburg, Bayern, 86169, Deutschland",A 8,0,0,1,down,[48.41253092 10.9044005 ],51192.62695188774,24479.85021028342
89090,9,1,74,146,2018,7,8,7,3,0,7,0,0,1,0,0,0,668090.4391,5350214.3897,11.265836480000075,48.28279827900008,"(48.28279827900008, 11.265836480000075)","{'place_id': 108381959, 'licence': 'Data © OpenStreetMap contributors, ODbL 1.0. https://osm.org/copyright', 'osm_type': 'way', 'osm_id': 28802112, 'lat': '48.28281253020655', 'lon': '11.265843274803627', 'display_name': 'A 8, Haidhof, Einsbach, Sulzemoos, Landkreis Dachau, Bayern, 85254, Deutschland', 'address': {'road': 'A 8', 'hamlet': 'Haidhof', 'village': 'Einsbach', 'county': 'Landkreis Dachau', 'state': 'Bayern', 'postcode': '85254', 'country': 'Deutschland', 'country_code': 'de'}, 'boundingbox': ['48.282323', '48.283379', '11.264606', '11.26687']}","A 8, Haidhof, Einsbach, Sulzemoos, Landkreis Dachau, Bayern, 85254, Deutschland",A 8,0,0,0,down,[48.28240603 11.26669593],19495.130256455894,56174.108465396384
89623,9,7,71,122,2018,7,13,1,3,1,1,0,0,1,0,0,0,653788.192,5361367.3275,11.077252525000064,48.38670761600008,"(48.38670761600008, 11.077252525000064)","{'place_id': 112409051, 'licence': 'Data © OpenStreetMap contributors, ODbL 1.0. https://osm.org/copyright', 'osm_type': 'way', 'osm_id': 42400874, 'lat': '48.38672185711018', 'lon': '11.077262228533366', 'display_name': 'A 8, Burgadelzhausen, Adelzhausen, Dasing, Landkreis Aichach-Friedberg, Bayern, 86453, Deutschland', 'address': {'road': 'A 8', 'village': 'Burgadelzhausen', 'municipality': 'Dasing', 'county': 'Landkreis Aichach-Friedberg', 'state': 'Bayern', 'postcode': '86453', 'country': 'Deutschland', 'country_code': 'de'}, 'boundingbox': ['48.3561686', '48.3880438', '11.0753176', '11.1309595']}","A 8, Burgadelzhausen, Adelzhausen, Dasing, Landkreis Aichach-Friedberg, Bayern, 86453, Deutschland",A 8,0,0,0,down,[48.38622813 11.07798662],37886.0250392558,37778.74868393211
89969,9,1,74,113,2018,8,6,4,3,7,6,0,0,1,0,0,1,670375.913,5348054.5253,11.295748450000076,48.26277120300006,"(48.26277120300006, 11.295748450000076)","{'place_id': 180092636, 'licence': 'Data © OpenStreetMap contributors, ODbL 1.0. https://osm.org/copyright', 'osm_type': 'way', 'osm_id': 327464674, 'lat': '48.26277581432399', 'lon': '11.295752838868568', 'display_name': 'A 8, Hopfenau, Lauterbach, Bergkirchen, Landkreis Dachau, Bayern, 85232, Deutschland', 'address': {'road': 'A 8', 'hamlet': 'Hopfenau', 'village': 'Lauterbach', 'county': 'Landkreis Dachau', 'state': 'Bayern', 'postcode': '85232', 'country': 'Deutschland', 'country_code': 'de'}, 'boundingbox': ['48.2614451', '48.2706646', '11.2874642', '11.2971376']}","A 8, Hopfenau, Lauterbach, Bergkirchen, Landkreis Dachau, Bayern, 85232, Deutschland",A 8,0,0,0,down,[48.26079283 11.29781028],16312.979231315205,59350.621640587924
90113,9,7,72,147,2018,8,8,7,3,2,6,0,0,1,0,0,0,634974.8915,5364395.1959,10.824253816000066,48.418240827000034,"(48.418240827000034, 10.824253816000066)","{'place_id': 175763231, 'licence': 'Data © OpenStreetMap contributors, ODbL 1.0. https://osm.org/copyright', 'osm_type': 'way', 'osm_id': 304768090, 'lat': '48.41824349376307', 'lon': '10.824254099844733', 'display_name': 'A 8, Hirblingen, Gersthofen, Landkreis Augsburg, Bayern, 86368, Deutschland', 'address': {'road': 'A 8', 'village': 'Hirblingen', 'town': 'Gersthofen', 'county': 'Landkreis Augsburg', 'state': 'Bayern', 'postcode': '86368', 'country': 'Deutschland', 'country_code': 'de'}, 'boundingbox': ['48.418235', '48.4182927', '10.8237918', '10.8243339']}","A 8, Hirblingen, Gersthofen, Landkreis Augsburg, Bayern, 86368, Deutschland",A 8,0,0,0,up,[48.41828449 10.82387153],18466.048721993953,18466.048721993953
90114,9,7,72,147,2018,8,10,7,3,2,6,0,0,1,0,0,0,634683.4086,5364431.5429,10.820328020000034,48.418630034000046,"(48.418630034000046, 10.820328020000034)","{'place_id': 164426490, 'licence': 'Data © OpenStreetMap contributors, ODbL 1.0. https://osm.org/copyright', 'osm_type': 'way', 'osm_id': 253368215, 'lat': '48.418626773579916', 'lon': '10.82032767386196', 'display_name': 'A 8, Gailenbach, Hirblingen, Gersthofen, Landkreis Augsburg, Bayern, 86368, Deutschland', 'address': {'road': 'A 8', 'hamlet': 'Gailenbach', 'village': 'Hirblingen', 'town': 'Gersthofen', 'county': 'Landkreis Augsburg', 'state': 'Bayern', 'postcode': '86368', 'country': 'Deutschland', 'country_code': 'de'}, 'boundingbox': ['48.4185663', '48.4188798', '10.8175409', '10.8208973']}","A 8, Gailenbach, Hirblingen, Gersthofen, Landkreis Augsburg, Bayern, 86368, Deutschland",A 8,0,0,0,up,[48.41860233 10.82055579],18173.01204284174,18173.01204284174
90118,9,7,71,130,2018,8,19,1,3,3,3,0,0,1,0,0,1,644244.5161,5363165.4275,10.949041675000046,48.405129689000034,"(48.405129689000034, 10.949041675000046)","{'place_id': 202213840, 'licence': 'Data © OpenStreetMap contributors, ODbL 1.0. https://osm.org/copyright', 'osm_type': 'way', 'osm_id': 442603886, 'lat': '48.40574685', 'lon': '10.948737977057927', 'display_name': 'mobiheat, A 8, Derching, Friedberg, Landkreis Aichach-Friedberg, Bayern, 86316, Deutschland', 'address': {'building': 'mobiheat', 'road': 'A 8', 'village': 'Derching', 'town': 'Friedberg', 'county': 'Landkreis Aichach-Friedberg', 'state': 'Bayern', 'postcode': '86316', 'country': 'Deutschland', 'country_code': 'de'}, 'boundingbox': ['48.4056033', '48.4058904', '10.9484261', '10.9490498']}","mobiheat, A 8, Derching, Friedberg, Landkreis Aichach-Friedberg, Bayern, 86316, Deutschland",A 8,0,0,0,down,[48.40514946 10.9489677 ],47852.33179108497,27819.999227284945
90388,9,7,71,122,2018,8,23,5,3,9,7,2,0,0,0,0,0,653127.7974,5361979.2179,11.068561528000032,48.392369605000056,"(48.392369605000056, 11.068561528000032)","{'place_id': 123161516, 'licence': 'Data © OpenStreetMap contributors, ODbL 1.0. https://osm.org/copyright', 'osm_type': 'way', 'osm_id': 95261664, 'lat': '48.39239250933041', 'lon': '11.068574056897665', 'display_name': 'A 8, Neulwirth, Lindl, Dasing, Landkreis Aichach-Friedberg, Bayern, 86453, Deutschland', 'address': {'road': 'A 8', 'hamlet': 'Neulwirth', 'village': 'Lindl', 'municipality': 'Dasing', 'county': 'Landkreis Aichach-Friedberg', 'state': 'Bayern', 'postcode': '86453', 'country': 'Deutschland', 'country_code': 'de'}, 'boundingbox': ['48.3883354', '48.3926085', '11.0681792', '11.0748745']}","A 8, Neulwirth, Lindl, Dasing, Landkreis Aichach-Friedberg, Bayern, 86453, Deutschland",A 8,0,0,1,down,[48.39250731 11.06836506],38785.98874632014,36880.76194471865
90413,9,7,72,147,2018,8,18,5,3,2,1,0,0,1,0,0,1,633789.9376,5364526.6451,10.808288835000042,48.41967555800005,"(48.41967555800005, 10.808288835000042)","{'place_id': 164081832, 'licence': 'Data © OpenStreetMap contributors, ODbL 1.0. https://osm.org/copyright', 'osm_type': 'way', 'osm_id': 253368220, 'lat': '48.41966794071704', 'lon': '10.808288360060601', 'display_name': 'A 8, Gailenbach, Edenbergen, Gersthofen, Landkreis Augsburg, Bayern, 86368, Deutschland', 'address': {'road': 'A 8', 'hamlet': 'Gailenbach', 'village': 'Edenbergen', 'town': 'Gersthofen', 'county': 'Landkreis Augsburg', 'state': 'Bayern', 'postcode': '86368', 'country': 'Deutschland', 'country_code': 'de'}, 'boundingbox': ['48.419288', '48.4199152', '10.803357', '10.8131894']}","A 8, Gailenbach, Edenbergen, Gersthofen, Landkreis Augsburg, Bayern, 86368, Deutschland",A 8,0,0,0,up,[48.41969203 10.80790324],17276.67925329339,17276.67925329339
90431,9,7,72,147,2018,8,14,5,3,5,6,0,0,1,0,0,0,639290.5732,5364061.8001,10.882439471000056,48.414303751000034,"(48.414303751000034, 10.882439471000056)","{'place_id': 107197597, 'licence': 'Data © OpenStreetMap contributors, ODbL 1.0. https://osm.org/copyright', 'osm_type': 'way', 'osm_id': 27126750, 'lat': '48.41428355276903', 'lon': '10.882439056142559', 'display_name': 'A 8, Gersthofen, Landkreis Augsburg, Bayern, 86368, Deutschland', 'address': {'road': 'A 8', 'town': 'Gersthofen', 'county': 'Landkreis Augsburg', 'state': 'Bayern', 'postcode': '86368', 'country': 'Deutschland', 'country_code': 'de'}, 'boundingbox': ['48.4142457', '48.4143641', '10.8790431', '10.884282']}","A 8, Gersthofen, Landkreis Augsburg, Bayern, 86368, Deutschland",A 8,0,0,0,up,[48.41426334 10.88343346],22787.17927885515,22787.17927885515
90501,9,7,71,122,2018,8,17,6,3,2,6,0,0,1,0,0,0,653539.9428,5361587.4139,11.073982086000058,48.388746817000026,"(48.388746817000026, 11.073982086000058)","{'place_id': 169244576, 'licence': 'Data © OpenStreetMap contributors, ODbL 1.0. https://osm.org/copyright', 'osm_type': 'way', 'osm_id': 280691743, 'lat': '48.388748755941265', 'lon': '11.073983394012295', 'display_name': 'A 8, Lindl, Dasing, Landkreis Aichach-Friedberg, Bayern, 86453, Deutschland', 'address': {'road': 'A 8', 'village': 'Lindl', 'municipality': 'Dasing', 'county': 'Landkreis Aichach-Friedberg', 'state': 'Bayern', 'postcode': '86453', 'country': 'Deutschland', 'country_code': 'de'}, 'boundingbox': ['48.3882909', '48.3903099', '11.0716664', '11.0746621']}","A 8, Lindl, Dasing, Landkreis Aichach-Friedberg, Bayern, 86453, Deutschland",A 8,0,0,0,up,[48.3889758 11.0736468],37447.65312388061,37447.65312388061
90775,9,1,74,135,2018,8,8,2,3,8,1,0,0,1,0,0,0,662948.6683,5353558.3018,11.197870529000056,48.31420468800008,"(48.31420468800008, 11.197870529000056)","{'place_id': 119708307, 'licence': 'Data © OpenStreetMap contributors, ODbL 1.0. https://osm.org/copyright', 'osm_type': 'way', 'osm_id': 79797070, 'lat': '48.31412228968805', 'lon': '11.197821321767309', 'display_name': 'A 8, Spindelhafner, Taxa, Odelzhausen, Landkreis Dachau, Bayern, 85235, Deutschland', 'address': {'road': 'A 8', 'hamlet': 'Spindelhafner', 'village': 'Taxa', 'county': 'Landkreis Dachau', 'state': 'Bayern', 'postcode': '85235', 'country': 'Deutschland', 'country_code': 'de'}, 'boundingbox': ['48.3111046', '48.3144541', '11.1972657', '11.2023577']}","A 8, Spindelhafner, Taxa, Odelzhausen, Landkreis Dachau, Bayern, 85235, Deutschland",A 8,0,0,0,up,[48.31409827 11.1978612 ],49980.24480509618,49980.24480509618
91045,9,1,74,113,2018,8,19,4,3,9,1,0,0,1,0,0,0,669282.7001,5349416.7847,11.281575337000048,48.27531045300003,"(48.27531045300003, 11.281575337000048)","{'place_id': 135294201, 'licence': 'Data © OpenStreetMap contributors, ODbL 1.0. https://osm.org/copyright', 'osm_type': 'way', 'osm_id': 143575534, 'lat': '48.27532215001121', 'lon': '11.281581731800989', 'display_name': 'A 8, Haidhof, Einsbach, Sulzemoos, Landkreis Dachau, Bayern, 85254, Deutschland', 'address': {'road': 'A 8', 'hamlet': 'Haidhof', 'village': 'Einsbach', 'county': 'Landkreis Dachau', 'state': 'Bayern', 'postcode': '85254', 'country': 'Deutschland', 'country_code': 'de'}, 'boundingbox': ['48.2709261', '48.2802015', '11.2713689', '11.2871833']}","A 8, Haidhof, Einsbach, Sulzemoos, Landkreis Dachau, Bayern, 85254, Deutschland",A 8,0,0,0,down,[48.2756954  11.28089937],18062.691497928714,57605.29735094288
91211,9,7,71,111,2018,8,11,6,3,2,6,0,0,1,0,0,0,657317.5482,5358798.7304,11.123929524000062,48.36274454800008,"(48.36274454800008, 11.123929524000062)","{'place_id': 112409051, 'licence': 'Data © OpenStreetMap contributors, ODbL 1.0. https://osm.org/copyright', 'osm_type': 'way', 'osm_id': 42400874, 'lat': '48.362780388092105', 'lon': '11.123952054665155', 'display_name': 'A 8, Burgadelzhausen, Adelzhausen, Dasing, Landkreis Aichach-Friedberg, Bayern, 86453, Deutschland', 'address': {'road': 'A 8', 'village': 'Burgadelzhausen', 'municipality': 'Dasing', 'county': 'Landkreis Aichach-Friedberg', 'state': 'Bayern', 'postcode': '86453', 'country': 'Deutschland', 'country_code': 'de'}, 'boundingbox': ['48.3561686', '48.3880438', '11.0753176', '11.1309595']}","A 8, Burgadelzhausen, Adelzhausen, Dasing, Landkreis Aichach-Friedberg, Bayern, 86453, Deutschland",A 8,0,0,0,down,[48.3626981  11.12408303],33473.68227046279,42192.220462436155
91473,9,7,71,111,2018,8,20,3,3,3,6,2,0,1,0,0,0,658594.9551,5357126.1476,11.140532950000022,48.34738785000008,"(48.34738785000008, 11.140532950000022)","{'place_id': 169057293, 'licence': 'Data © OpenStreetMap contributors, ODbL 1.0. https://osm.org/copyright', 'osm_type': 'way', 'osm_id': 280690992, 'lat': '48.347364264558585', 'lon': '11.140519795612896', 'display_name': 'A 8, Holzschuster, Burgadelzhausen, Adelzhausen, Dasing, Landkreis Aichach-Friedberg, Bayern, 86559, Deutschland', 'address': {'road': 'A 8', 'hamlet': 'Holzschuster', 'village': 'Burgadelzhausen', 'municipality': 'Dasing', 'county': 'Landkreis Aichach-Friedberg', 'state': 'Bayern', 'postcode': '86559', 'country': 'Deutschland', 'country_code': 'de'}, 'boundingbox': ['48.3451351', '48.3478008', '11.1397371', '11.1451555']}","A 8, Holzschuster, Burgadelzhausen, Adelzhausen, Dasing, Landkreis Aichach-Friedberg, Bayern, 86559, Deutschland",A 8,0,0,0,up,[48.34752637 11.14022908],44308.31819225967,44308.31819225967
91598,9,7,71,122,2018,8,0,5,3,1,1,2,0,0,0,0,1,653387.6588,5361731.9387,11.071979240000076,48.39008324600008,"(48.39008324600008, 11.071979240000076)","{'place_id': 169244576, 'licence': 'Data © OpenStreetMap contributors, ODbL 1.0. https://osm.org/copyright', 'osm_type': 'way', 'osm_id': 280691743, 'lat': '48.39009430412264', 'lon': '11.0719866836691', 'display_name': 'A 8, Lindl, Dasing, Landkreis Aichach-Friedberg, Bayern, 86453, Deutschland', 'address': {'road': 'A 8', 'village': 'Lindl', 'municipality': 'Dasing', 'county': 'Landkreis Aichach-Friedberg', 'state': 'Bayern', 'postcode': '86453', 'country': 'Deutschland', 'country_code': 'de'}, 'boundingbox': ['48.3882909', '48.3903099', '11.0716664', '11.0746621']}","A 8, Lindl, Dasing, Landkreis Aichach-Friedberg, Bayern, 86453, Deutschland",A 8,0,0,0,up,[48.3896519  11.07264377],37237.94109912503,37237.94109912503
91639,9,7,71,111,2018,8,5,2,3,8,6,2,0,1,0,0,0,657743.6564,5358247.1855,11.129471470000055,48.35767961400006,"(48.35767961400006, 11.129471470000055)","{'place_id': 123171715, 'licence': 'Data © OpenStreetMap contributors, ODbL 1.0. https://osm.org/copyright', 'osm_type': 'way', 'osm_id': 95261689, 'lat': '48.35767279598967', 'lon': '11.129463991626517', 'display_name': 'A 8, Burgadelzhausen, Adelzhausen, Dasing, Landkreis Aichach-Friedberg, Bayern, 86453, Deutschland', 'address': {'road': 'A 8', 'village': 'Burgadelzhausen', 'municipality': 'Dasing', 'county': 'Landkreis Aichach-Friedberg', 'state': 'Bayern', 'postcode': '86453', 'country': 'Deutschland', 'country_code': 'de'}, 'boundingbox': ['48.3561378', '48.3880253', '11.0750446', '11.1307183']}","A 8, Burgadelzhausen, Adelzhausen, Dasing, Landkreis Aichach-Friedberg, Bayern, 86453, Deutschland",A 8,0,0,0,up,[48.35837248 11.12882671],42888.90797417991,42888.90797417991
91684,9,1,79,142,2018,8,18,1,3,3,1,0,0,1,0,0,0,675156.0041,5344262.6397,11.35853383500006,48.22738183200005,"(48.22738183200005, 11.35853383500006)","{'place_id': 180097007, 'licence': 'Data © OpenStreetMap contributors, ODbL 1.0. https://osm.org/copyright', 'osm_type': 'way', 'osm_id': 327462613, 'lat': '48.22735393637573', 'lon': '11.35851737814571', 'display_name': 'A 8, Graßlfing, Olching, Landkreis Fürstenfeldbruck, Bayern, 82140, Deutschland', 'address': {'road': 'A 8', 'suburb': 'Graßlfing', 'town': 'Olching', 'county': 'Landkreis Fürstenfeldbruck', 'state': 'Bayern', 'postcode': '82140', 'country': 'Deutschland', 'country_code': 'de'}, 'boundingbox': ['48.2199694', '48.2294326', '11.3549891', '11.3710404']}","A 8, Graßlfing, Olching, Landkreis Fürstenfeldbruck, Bayern, 82140, Deutschland",A 8,0,0,0,up,[48.2298097 11.3543494],65477.87089259493,65477.87089259493
91820,9,7,71,111,2018,8,11,6,3,8,1,0,0,1,0,0,0,657694.2646,5358353.7821,11.128845127000034,48.35865029800004,"(48.35865029800004, 11.128845127000034)","{'place_id': 112409051, 'licence': 'Data © OpenStreetMap contributors, ODbL 1.0. https://osm.org/copyright', 'osm_type': 'way', 'osm_id': 42400874, 'lat': '48.35866004807672', 'lon': '11.128855155059163', 'display_name': 'A 8, Burgadelzhausen, Adelzhausen, Dasing, Landkreis Aichach-Friedberg, Bayern, 86453, Deutschland', 'address': {'road': 'A 8', 'village': 'Burgadelzhausen', 'municipality': 'Dasing', 'county': 'Landkreis Aichach-Friedberg', 'state': 'Bayern', 'postcode': '86453', 'country': 'Deutschland', 'country_code': 'de'}, 'boundingbox': ['48.3561686', '48.3880438', '11.0753176', '11.1309595']}","A 8, Burgadelzhausen, Adelzhausen, Dasing, Landkreis Aichach-Friedberg, Bayern, 86453, Deutschland",A 8,0,1,0,down,[48.35758661 11.12985401],32888.8638465868,42772.570595762394
91899,9,7,71,129,2018,8,17,6,3,2,6,0,0,1,0,0,0,660547.4377,5355299.1752,11.166169564000027,48.33046973700005,"(48.33046973700005, 11.166169564000027)","{'place_id': 170077890, 'licence': 'Data © OpenStreetMap contributors, ODbL 1.0. https://osm.org/copyright', 'osm_type': 'way', 'osm_id': 280688897, 'lat': '48.3304430355299', 'lon': '11.166150012301548', 'display_name': 'A 8, Eurasburg, Dasing, Landkreis Aichach-Friedberg, Bayern, 85235, Deutschland', 'address': {'road': 'A 8', 'village': 'Eurasburg', 'municipality': 'Dasing', 'county': 'Landkreis Aichach-Friedberg', 'state': 'Bayern', 'postcode': '85235', 'country': 'Deutschland', 'country_code': 'de'}, 'boundingbox': ['48.3166388', '48.340026', '11.1555112', '11.193519']}","A 8, Eurasburg, Dasing, Landkreis Aichach-Friedberg, Bayern, 85235, Deutschland",A 8,0,1,0,up,[48.33021904 11.16645552],47014.06769955825,47014.06769955825
91906,9,1,74,113,2018,8,15,2,3,0,7,0,0,1,0,0,1,669648.0057,5349008.0508,11.28633080700007,48.271538347000046,"(48.271538347000046, 11.28633080700007)","{'place_id': 169894014, 'licence': 'Data © OpenStreetMap contributors, ODbL 1.0. https://osm.org/copyright', 'osm_type': 'way', 'osm_id': 280421998, 'lat': '48.27152653561617', 'lon': '11.286319480651132', 'display_name': 'A 8, Einsbach, Sulzemoos, Landkreis Dachau, Bayern, 85254, Deutschland', 'address': {'road': 'A 8', 'village': 'Einsbach', 'county': 'Landkreis Dachau', 'state': 'Bayern', 'postcode': '85254', 'country': 'Deutschland', 'country_code': 'de'}, 'boundingbox': ['48.2708684', '48.2776562', '11.2764074', '11.2870058']}","A 8, Einsbach, Sulzemoos, Landkreis Dachau, Bayern, 85254, Deutschland",A 8,0,0,1,up,[48.27165309 11.28618729],58151.97148496967,58151.97148496967
91969,9,1,74,146,2018,8,5,3,3,2,6,1,0,1,0,0,0,667305.7028,5350694.5384,11.255457008000064,48.28732256700005,"(48.28732256700005, 11.255457008000064)","{'place_id': 207155179, 'licence': 'Data © OpenStreetMap contributors, ODbL 1.0. https://osm.org/copyright', 'osm_type': 'way', 'osm_id': 477921131, 'lat': '48.287307082974685', 'lon': '11.255450773554116', 'display_name': 'A 8, Ziegelstadel, Wiedenzhausen, Sulzemoos, Landkreis Dachau, Bayern, 85254, Deutschland', 'address': {'road': 'A 8', 'hamlet': 'Ziegelstadel', 'village': 'Wiedenzhausen', 'county': 'Landkreis Dachau', 'state': 'Bayern', 'postcode': '85254', 'country': 'Deutschland', 'country_code': 'de'}, 'boundingbox': ['48.28718', '48.2919587', '11.2411804', '11.2557664']}","A 8, Ziegelstadel, Wiedenzhausen, Sulzemoos, Landkreis Dachau, Bayern, 85254, Deutschland",A 8,0,0,0,up,[48.28727357 11.25553396],55256.02091607899,55256.02091607899