OBJECTID,ULAND,UREGBEZ,UKREIS,UGEMEINDE,UJAHR,UMONAT,USTUNDE,UWOCHENTAG,UKATEGORIE,UART,UTYP1,ULICHTVERH,IstRad,IstPKW,IstFuss,IstKrad,IstGkfz,LINREFX,LINREFY,XGCSWGS84,YGCSWGS84,coord,location_dict,address,road,UIDENTSTLAE,STRZUSTAND,IstSonstige,lane,coord_interp,dist_interp,dist_interp_up
101262,9,7,72,147,2018,12,19,5,3,2,6,2,0,1,0,0,1,639089.6273,5364063.7393,10.879725956000073,48.414365573000055,"(48.414365573000055, 10.879725956000073)","{'place_id': 107197597, 'licence': 'Data © OpenStreetMap contributors, ODbL 1.0. https://osm.org/copyright', 'osm_type': 'way', 'osm_id': 27126750, 'lat': '48.414347190723824', 'lon': '10.879725500503582', 'display_name': 'A 8, Gersthofen, Landkreis Augsburg, Bayern, 86368, Deutschland', 'address': {'road': 'A 8', 'town': 'Gersthofen', 'county': 'Landkreis Augsburg', 'state': 'Bayern', 'postcode': '86368', 'country': 'Deutschland', 'country_code': 'de'}, 'boundingbox': ['48.4142457', '48.4143641', '10.8790431', '10.884282']}","A 8, Gersthofen, Landkreis Augsburg, Bayern, 86368, Deutschland",A 8,0,0,0,up,[48.41431787 10.88090808],22586.72038337788,22586.72038337788
101264,9,7,61,0,2018,12,13,6,3,2,6,0,0,1,0,0,0,640284.935,5364010.9259,10.895853112000054,48.41362573000004,"(48.41362573000004, 10.895853112000054)","{'place_id': 107051918, 'licence': 'Data © OpenStreetMap contributors, ODbL 1.0. https://osm.org/copyright', 'osm_type': 'way', 'osm_id': 27394068, 'lat': '48.41359881698121', 'lon': '10.89585019056533', 'display_name': 'A 8, Firnhaberau, Augsburg, Bayern, 86169, Deutschland', 'address': {'road': 'A 8', 'suburb': 'Firnhaberau', 'city': 'Augsburg', 'state': 'Bayern', 'postcode': '86169', 'country': 'Deutschland', 'country_code': 'de'}, 'boundingbox': ['48.4118564', '48.4140709', '10.8897511', '10.907569']}","A 8, Firnhaberau, Augsburg, Bayern, 86169, Deutschland",A 8,0,0,0,up,[48.41355575 10.89624938],23780.74004078193,23780.74004078193
101265,9,7,71,130,2018,12,20,4,3,9,1,2,0,1,0,0,1,647408.4513,5362801.8915,10.991638736000027,48.40112917000005,"(48.40112917000005, 10.991638736000027)","{'place_id': 179891746, 'licence': 'Data © OpenStreetMap contributors, ODbL 1.0. https://osm.org/copyright', 'osm_type': 'way', 'osm_id': 327495111, 'lat': '48.401109541618325', 'lon': '10.991637447917448', 'display_name': 'A 8, Haberskirch, Friedberg, Landkreis Aichach-Friedberg, Bayern, 86316, Deutschland', 'address': {'road': 'A 8', 'village': 'Haberskirch', 'town': 'Friedberg', 'county': 'Landkreis Aichach-Friedberg', 'state': 'Bayern', 'postcode': '86316', 'country': 'Deutschland', 'country_code': 'de'}, 'boundingbox': ['48.4010591', '48.4011933', '10.9903611', '10.9924061']}","A 8, Haberskirch, Friedberg, Landkreis Aichach-Friedberg, Bayern, 86316, Deutschland",A 8,0,0,0,up,[48.40114253 10.99113119],31018.003592152716,31018.003592152716
101338,9,7,71,111,2018,12,12,2,3,2,6,0,0,1,0,0,1,657378.7065,5358722.1138,11.124725966000028,48.36204048900004,"(48.36204048900004, 11.124725966000028)","{'place_id': 123171715, 'licence': 'Data © OpenStreetMap contributors, ODbL 1.0. https://osm.org/copyright', 'osm_type': 'way', 'osm_id': 95261689, 'lat': '48.36202357670792', 'lon': '11.124714634764304', 'display_name': 'A 8, Burgadelzhausen, Adelzhausen, Dasing, Landkreis Aichach-Friedberg, Bayern, 86453, Deutschland', 'address': {'road': 'A 8', 'village': 'Burgadelzhausen', 'municipality': 'Dasing', 'county': 'Landkreis Aichach-Friedberg', 'state': 'Bayern', 'postcode': '86453', 'country': 'Deutschland', 'country_code': 'de'}, 'boundingbox': ['48.3561378', '48.3880253', '11.0750446', '11.1307183']}","A 8, Burgadelzhausen, Adelzhausen, Dasing, Landkreis Aichach-Friedberg, Bayern, 86453, Deutschland",A 8,0,0,0,up,[48.36209249 11.1246122 ],42288.909148913175,42288.909148913175
101339,9,7,71,122,2018,12,14,2,3,2,6,0,0,1,0,0,0,654499.279,5360667.154,11.086593304000075,48.38023886100007,"(48.38023886100007, 11.086593304000075)","{'place_id': 123171715, 'licence': 'Data © OpenStreetMap contributors, ODbL 1.0. https://osm.org/copyright', 'osm_type': 'way', 'osm_id': 95261689, 'lat': '48.380225806953334', 'lon': '11.086584926244715', 'display_name': 'A 8, Burgadelzhausen, Adelzhausen, Dasing, Landkreis Aichach-Friedberg, Bayern, 86453, Deutschland', 'address': {'road': 'A 8', 'village': 'Burgadelzhausen', 'municipality': 'Dasing', 'county': 'Landkreis Aichach-Friedberg', 'state': 'Bayern', 'postcode': '86453', 'country': 'Deutschland', 'country_code': 'de'}, 'boundingbox': ['48.3561378', '48.3880253', '11.0750446', '11.1307183']}","A 8, Burgadelzhausen, Adelzhausen, Dasing, Landkreis Aichach-Friedberg, Bayern, 86453, Deutschland",A 8,0,1,0,up,[48.38038984 11.08632881],38775.646924273875,38775.646924273875
101447,9,7,71,122,2018,12,10,4,2,4,2,0,0,1,0,0,0,653577.3812,5361551.883,11.074474462000069,48.38841825600008,"(48.38841825600008, 11.074474462000069)","{'place_id': 169244576, 'licence': 'Data © OpenStreetMap contributors, ODbL 1.0. https://osm.org/copyright', 'osm_type': 'way', 'osm_id': 280691743, 'lat': '48.38841772327487', 'lon': '11.074474102622931', 'display_name': 'A 8, Lindl, Dasing, Landkreis Aichach-Friedberg, Bayern, 86453, Deutschland', 'address': {'road': 'A 8', 'village': 'Lindl', 'municipality': 'Dasing', 'county': 'Landkreis Aichach-Friedberg', 'state': 'Bayern', 'postcode': '86453', 'country': 'Deutschland', 'country_code': 'de'}, 'boundingbox': ['48.3882909', '48.3903099', '11.0716664', '11.0746621']}","A 8, Lindl, Dasing, Landkreis Aichach-Friedberg, Bayern, 86453, Deutschland",A 8,0,0,0,up,[48.38789632 11.07523029],37499.210911511516,37499.210911511516
101457,9,7,71,122,2018,12,11,4,2,0,6,0,0,1,0,0,0,652421.8959,5362331.071,11.059159816000031,48.395704032000026,"(48.395704032000026, 11.059159816000031)","{'place_id': 108274407, 'licence': 'Data © OpenStreetMap contributors, ODbL 1.0. https://osm.org/copyright', 'osm_type': 'way', 'osm_id': 27455457, 'lat': '48.39568723198457', 'lon': '11.059156187770348', 'display_name': 'A 8, Taiting, Dasing, Landkreis Aichach-Friedberg, Bayern, 86453, Deutschland', 'address': {'road': 'A 8', 'village': 'Taiting', 'municipality': 'Dasing', 'county': 'Landkreis Aichach-Friedberg', 'state': 'Bayern', 'postcode': '86453', 'country': 'Deutschland', 'country_code': 'de'}, 'boundingbox': ['48.3952439', '48.3957615', '11.0588123', '11.0610376']}","A 8, Taiting, Dasing, Landkreis Aichach-Friedberg, Bayern, 86453, Deutschland",A 8,0,1,1,up,[48.39559754 11.05957282],36091.241508596846,36091.241508596846
101641,9,7,71,129,2018,12,10,5,3,2,6,0,0,1,0,0,0,659987.7333,5356053.3972,11.158909761000077,48.33739232300008,"(48.33739232300008, 11.158909761000077)","{'place_id': 170077890, 'licence': 'Data © OpenStreetMap contributors, ODbL 1.0. https://osm.org/copyright', 'osm_type': 'way', 'osm_id': 280688897, 'lat': '48.33737766582778', 'lon': '11.158895053990987', 'display_name': 'A 8, Eurasburg, Dasing, Landkreis Aichach-Friedberg, Bayern, 85235, Deutschland', 'address': {'road': 'A 8', 'village': 'Eurasburg', 'municipality': 'Dasing', 'county': 'Landkreis Aichach-Friedberg', 'state': 'Bayern', 'postcode': '85235', 'country': 'Deutschland', 'country_code': 'de'}, 'boundingbox': ['48.3166388', '48.340026', '11.1555112', '11.193519']}","A 8, Eurasburg, Dasing, Landkreis Aichach-Friedberg, Bayern, 85235, Deutschland",A 8,0,0,0,up,[48.3369765  11.15929528],46073.24091957698,46073.24091957698
101684,9,1,74,135,2018,12,12,7,3,0,6,0,0,1,0,0,0,663074.456,5353445.4241,11.19952223300004,48.31315748600008,"(48.31315748600008, 11.19952223300004)","{'place_id': 119708307, 'licence': 'Data © OpenStreetMap contributors, ODbL 1.0. https://osm.org/copyright', 'osm_type': 'way', 'osm_id': 79797070, 'lat': '48.31307839611674', 'lon': '11.199470722938644', 'display_name': 'A 8, Spindelhafner, Taxa, Odelzhausen, Landkreis Dachau, Bayern, 85235, Deutschland', 'address': {'road': 'A 8', 'hamlet': 'Spindelhafner', 'village': 'Taxa', 'county': 'Landkreis Dachau', 'state': 'Bayern', 'postcode': '85235', 'country': 'Deutschland', 'country_code': 'de'}, 'boundingbox': ['48.3111046', '48.3144541', '11.1972657', '11.2023577']}","A 8, Spindelhafner, Taxa, Odelzhausen, Landkreis Dachau, Bayern, 85235, Deutschland",A 8,0,0,0,up,[48.31348405 11.19884744],50148.69271534787,50148.69271534787
101804,9,7,72,223,2018,12,15,2,3,9,6,0,0,1,0,0,0,624481.3371,5364344.4683,10.68247937800004,48.41994536200008,"(48.41994536200008, 10.68247937800004)","{'place_id': 170982259, 'licence': 'Data © OpenStreetMap contributors, ODbL 1.0. https://osm.org/copyright', 'osm_type': 'way', 'osm_id': 289185137, 'lat': '48.41993029553001', 'lon': '10.68247942028706', 'display_name': 'A 8, Streitheim, Zusmarshausen, Landkreis Augsburg, Bayern, 86441, Deutschland', 'address': {'road': 'A 8', 'village': 'Streitheim', 'county': 'Landkreis Augsburg', 'state': 'Bayern', 'postcode': '86441', 'country': 'Deutschland', 'country_code': 'de'}, 'boundingbox': ['48.4198263', '48.4199306', '10.6794361', '10.6825879']}","A 8, Streitheim, Zusmarshausen, Landkreis Augsburg, Bayern, 86441, Deutschland",A 8,0,1,0,up,[48.41992829 10.68159153],7947.644533300122,7947.644533300122
51942,9,1,74,135,2019,1,15,2,3,2,1,0,0,1,0,0,0,663258.0415638657,5353274.154186249,11.201930227000048,48.311570397000025,"(48.311570397000025, 11.201930227000048)","{'place_id': 169245527, 'licence': 'Data © OpenStreetMap contributors, ODbL 1.0. https://osm.org/copyright', 'osm_type': 'way', 'osm_id': 280422002, 'lat': '48.31160725168872', 'lon': '11.201956215167673', 'display_name': 'A 8, Spindelhafner, Taxa, Odelzhausen, Landkreis Dachau, Bayern, 85235, Deutschland', 'address': {'road': 'A 8', 'hamlet': 'Spindelhafner', 'village': 'Taxa', 'county': 'Landkreis Dachau', 'state': 'Bayern', 'postcode': '85235', 'country': 'Deutschland', 'country_code': 'de'}, 'boundingbox': ['48.3107187', '48.3145561', '11.1975496', '11.2032163']}","A 8, Spindelhafner, Taxa, Odelzhausen, Landkreis Dachau, Bayern, 85235, Deutschland",A 8,0,1,0,down,[48.3120575  11.20131818],25266.954782378416,50399.17430677126
51989,9,7,71,122,2019,1,18,7,3,9,1,2,0,1,0,0,0,651581.9897556519,5362391.870242076,11.047842522000051,48.39645312700002,"(48.39645312700002, 11.047842522000051)","{'place_id': 179625445, 'licence': 'Data © OpenStreetMap contributors, ODbL 1.0. https://osm.org/copyright', 'osm_type': 'way', 'osm_id': 327495113, 'lat': '48.396435275081586', 'lon': '11.047843325496736', 'display_name': 'A 8, Sophienhof, Bitzenhofen, Dasing, Landkreis Aichach-Friedberg, Bayern, 86453, Deutschland', 'address': {'road': 'A 8', 'hamlet': 'Sophienhof', 'village': 'Bitzenhofen', 'municipality': 'Dasing', 'county': 'Landkreis Aichach-Friedberg', 'state': 'Bayern', 'postcode': '86453', 'country': 'Deutschland', 'country_code': 'de'}, 'boundingbox': ['48.3959071', '48.4010591', '10.9924061', '11.0555759']}","A 8, Sophienhof, Bitzenhofen, Dasing, Landkreis Aichach-Friedberg, Bayern, 86453, Deutschland",A 8,0,2,0,up,[48.39648578 11.04896965],35246.081597710465,35246.081597710465
51990,9,7,72,223,2019,1,9,7,3,3,1,0,0,1,0,0,1,618298.8787077107,5363109.022437668,10.598604091000029,48.41002623400004,"(48.41002623400004, 10.598604091000029)","{'place_id': 15191232, 'licence': 'Data © OpenStreetMap contributors, ODbL 1.0. https://osm.org/copyright', 'osm_type': 'node', 'osm_id': 1625439653, 'lat': '48.4100368', 'lon': '10.5981125', 'display_name': 'Zusmarshausen, A 8, Wollbach, Zusmarshausen, Landkreis Augsburg, Bayern, 86441, Deutschland', 'address': {'highway': 'Zusmarshausen', 'road': 'A 8', 'village': 'Wollbach', 'county': 'Landkreis Augsburg', 'state': 'Bayern', 'postcode': '86441', 'country': 'Deutschland', 'country_code': 'de'}, 'boundingbox': ['48.4099868', '48.4100868', '10.5980625', '10.5981625']}","Zusmarshausen, A 8, Wollbach, Zusmarshausen, Landkreis Augsburg, Bayern, 86441, Deutschland",A 8,0,1,0,down,[48.4102646  10.59737611],74176.38955835391,1511.7428997184065
52051,9,1,74,135,2019,1,0,7,3,9,1,2,0,1,0,0,0,663258.0415638657,5353274.154186249,11.201930227000048,48.311570397000025,"(48.311570397000025, 11.201930227000048)","{'place_id': 169245527, 'licence': 'Data © OpenStreetMap contributors, ODbL 1.0. https://osm.org/copyright', 'osm_type': 'way', 'osm_id': 280422002, 'lat': '48.31160725168872', 'lon': '11.201956215167673', 'display_name': 'A 8, Spindelhafner, Taxa, Odelzhausen, Landkreis Dachau, Bayern, 85235, Deutschland', 'address': {'road': 'A 8', 'hamlet': 'Spindelhafner', 'village': 'Taxa', 'county': 'Landkreis Dachau', 'state': 'Bayern', 'postcode': '85235', 'country': 'Deutschland', 'country_code': 'de'}, 'boundingbox': ['48.3107187', '48.3145561', '11.1975496', '11.2032163']}","A 8, Spindelhafner, Taxa, Odelzhausen, Landkreis Dachau, Bayern, 85235, Deutschland",A 8,0,2,0,down,[48.3120575  11.20131818],25266.954782378416,50399.17430677126
52067,9,7,71,122,2019,1,11,6,3,3,1,0,0,1,0,0,0,649472.5761850346,5362574.484728659,11.019428313000049,48.39859857000005,"(48.39859857000005, 11.019428313000049)","{'place_id': 179625445, 'licence': 'Data © OpenStreetMap contributors, ODbL 1.0. https://osm.org/copyright', 'osm_type': 'way', 'osm_id': 327495113, 'lat': '48.398582665059884', 'lon': '11.01942436973954', 'display_name': 'A 8, Sophienhof, Bitzenhofen, Dasing, Landkreis Aichach-Friedberg, Bayern, 86453, Deutschland', 'address': {'road': 'A 8', 'hamlet': 'Sophienhof', 'village': 'Bitzenhofen', 'municipality': 'Dasing', 'county': 'Landkreis Aichach-Friedberg', 'state': 'Bayern', 'postcode': '86453', 'country': 'Deutschland', 'country_code': 'de'}, 'boundingbox': ['48.3959071', '48.4010591', '10.9924061', '11.0555759']}","A 8, Sophienhof, Bitzenhofen, Dasing, Landkreis Aichach-Friedberg, Bayern, 86453, Deutschland",A 8,0,1,0,up,[48.39876306 11.01869792],33094.14584516759,33094.14584516759
52113,9,1,74,135,2019,1,23,6,3,3,1,2,0,1,0,0,0,662542.134582811,5353898.747520905,11.19252252900003,48.31736994800008,"(48.31736994800008, 11.19252252900003)","{'place_id': 101890269, 'licence': 'Data © OpenStreetMap contributors, ODbL 1.0. https://osm.org/copyright', 'osm_type': 'way', 'osm_id': 14778570, 'lat': '48.3173959215021', 'lon': '11.192535676018496', 'display_name': 'A 8, Eurasburg, Dasing, Landkreis Aichach-Friedberg, Bayern, 85235, Deutschland', 'address': {'road': 'A 8', 'village': 'Eurasburg', 'municipality': 'Dasing', 'county': 'Landkreis Aichach-Friedberg', 'state': 'Bayern', 'postcode': '85235', 'country': 'Deutschland', 'country_code': 'de'}, 'boundingbox': ['48.3167717', '48.3399562', '11.1559195', '11.1937689']}","A 8, Eurasburg, Dasing, Landkreis Aichach-Friedberg, Bayern, 85235, Deutschland",A 8,0,2,1,down,[48.31744524 11.19243867],26217.613349036466,49451.47283819884
52114,9,1,74,135,2019,1,23,6,2,3,1,2,0,1,0,0,0,662589.5836538468,5353846.043215484,11.19314176200004,48.31688393300004,"(48.31688393300004, 11.19314176200004)","{'place_id': 170077890, 'licence': 'Data © OpenStreetMap contributors, ODbL 1.0. https://osm.org/copyright', 'osm_type': 'way', 'osm_id': 280688897, 'lat': '48.31684819193151', 'lon': '11.193122869509894', 'display_name': 'A 8, Eurasburg, Dasing, Landkreis Aichach-Friedberg, Bayern, 85235, Deutschland', 'address': {'road': 'A 8', 'village': 'Eurasburg', 'municipality': 'Dasing', 'county': 'Landkreis Aichach-Friedberg', 'state': 'Bayern', 'postcode': '85235', 'country': 'Deutschland', 'country_code': 'de'}, 'boundingbox': ['48.3166388', '48.340026', '11.1555112', '11.193519']}","A 8, Eurasburg, Dasing, Landkreis Aichach-Friedberg, Bayern, 85235, Deutschland",A 8,0,2,0,up,[48.31601932 11.19463786],49520.88540751616,49520.88540751616
52182,9,7,72,223,2019,1,5,4,2,8,1,2,0,1,0,0,0,624778.6258867765,5364318.306096008,10.686487914000054,48.41965128400005,"(48.41965128400005, 10.686487914000054)","{'place_id': 171475805, 'licence': 'Data © OpenStreetMap contributors, ODbL 1.0. https://osm.org/copyright', 'osm_type': 'way', 'osm_id': 289185132, 'lat': '48.419620302627784', 'lon': '10.686484208605918', 'display_name': 'A 8, Streitheim, Zusmarshausen, Landkreis Augsburg, Bayern, 86441, Deutschland', 'address': {'road': 'A 8', 'village': 'Streitheim', 'county': 'Landkreis Augsburg', 'state': 'Bayern', 'postcode': '86441', 'country': 'Deutschland', 'country_code': 'de'}, 'boundingbox': ['48.4194658', '48.4199306', '10.6825879', '10.6877759']}","A 8, Streitheim, Zusmarshausen, Landkreis Augsburg, Bayern, 86441, Deutschland",A 8,0,1,0,up,[48.41962097 10.68648029],8245.231241314954,8245.231241314954
52233,9,7,71,122,2019,1,19,4,3,3,1,2,0,1,0,0,0,655340.562146483,5359925.343161166,11.09767325300004,48.37336299700007,"(48.37336299700007, 11.09767325300004)","{'place_id': 112409051, 'licence': 'Data © OpenStreetMap contributors, ODbL 1.0. https://osm.org/copyright', 'osm_type': 'way', 'osm_id': 42400874, 'lat': '48.37337794814788', 'lon': '11.09768281004995', 'display_name': 'A 8, Burgadelzhausen, Adelzhausen, Dasing, Landkreis Aichach-Friedberg, Bayern, 86453, Deutschland', 'address': {'road': 'A 8', 'village': 'Burgadelzhausen', 'municipality': 'Dasing', 'county': 'Landkreis Aichach-Friedberg', 'state': 'Bayern', 'postcode': '86453', 'country': 'Deutschland', 'country_code': 'de'}, 'boundingbox': ['48.3561686', '48.3880438', '11.0753176', '11.1309595']}","A 8, Burgadelzhausen, Adelzhausen, Dasing, Landkreis Aichach-Friedberg, Bayern, 86453, Deutschland",A 8,0,2,0,down,[48.37506195 11.09504873],35769.38519931422,39895.89630050704
52234,9,7,71,130,2019,1,5,4,3,9,1,2,0,1,0,0,0,646139.49341809,5362806.291958055,10.974505988000033,48.40146415900006,"(48.40146415900006, 10.974505988000033)","{'place_id': 169711243, 'licence': 'Data © OpenStreetMap contributors, ODbL 1.0. https://osm.org/copyright', 'osm_type': 'way', 'osm_id': 280694759, 'lat': '48.40145176803399', 'lon': '10.974506220639036', 'display_name': 'A 8, Derching, Friedberg, Landkreis Aichach-Friedberg, Bayern, 86316, Deutschland', 'address': {'road': 'A 8', 'village': 'Derching', 'town': 'Friedberg', 'county': 'Landkreis Aichach-Friedberg', 'state': 'Bayern', 'postcode': '86316', 'country': 'Deutschland', 'country_code': 'de'}, 'boundingbox': ['48.401446', '48.4037486', '10.9564506', '10.981465']}","A 8, Derching, Friedberg, Landkreis Aichach-Friedberg, Bayern, 86316, Deutschland",A 8,0,2,0,up,[48.40147904 10.97219088],29750.186633240854,29750.186633240854
52324,9,1,74,146,2019,1,19,4,3,9,1,2,0,1,0,0,0,666404.0767819239,5351123.159646033,11.243480702000056,48.29141346400007,"(48.29141346400007, 11.243480702000056)","{'place_id': 108867869, 'licence': 'Data © OpenStreetMap contributors, ODbL 1.0. https://osm.org/copyright', 'osm_type': 'way', 'osm_id': 28802113, 'lat': '48.29145353284161', 'lon': '11.243492610182779', 'display_name': 'A 8, Ziegelstadel, Wiedenzhausen, Sulzemoos, Landkreis Dachau, Bayern, 85259, Deutschland', 'address': {'road': 'A 8', 'hamlet': 'Ziegelstadel', 'village': 'Wiedenzhausen', 'county': 'Landkreis Dachau', 'state': 'Bayern', 'postcode': '85259', 'country': 'Deutschland', 'country_code': 'de'}, 'boundingbox': ['48.287303', '48.2952793', '11.2306553', '11.2558719']}","A 8, Ziegelstadel, Wiedenzhausen, Sulzemoos, Landkreis Dachau, Bayern, 85259, Deutschland",A 8,0,2,0,down,[48.29210125 11.24131296],21412.608269054446,54259.69101579712
52325,9,1,79,142,2019,1,10,4,3,2,6,0,0,0,0,0,1,676518.8663027836,5343134.051544486,11.376399012000036,48.21685907100005,"(48.21685907100005, 11.376399012000036)","{'place_id': 107778347, 'licence': 'Data © OpenStreetMap contributors, ODbL 1.0. https://osm.org/copyright', 'osm_type': 'way', 'osm_id': 28784068, 'lat': '48.21682336845036', 'lon': '11.37637796845771', 'display_name': 'A 8, Graßlfing, Olching, Landkreis Fürstenfeldbruck, Bayern, 82140, Deutschland', 'address': {'road': 'A 8', 'suburb': 'Graßlfing', 'town': 'Olching', 'county': 'Landkreis Fürstenfeldbruck', 'state': 'Bayern', 'postcode': '82140', 'country': 'Deutschland', 'country_code': 'de'}, 'boundingbox': ['48.2153506', '48.2199694', '11.3710404', '11.3788717']}","A 8, Graßlfing, Olching, Landkreis Fürstenfeldbruck, Bayern, 82140, Deutschland",A 8,0,1,0,up,[48.21497821 11.37950295],67244.92944828818,67244.92944828818
52423,9,1,74,135,2019,1,5,3,3,8,1,2,0,1,0,0,0,661518.5265148133,5354562.629810851,11.178979833000028,48.32360065900008,"(48.32360065900008, 11.178979833000028)","{'place_id': 170077890, 'licence': 'Data © OpenStreetMap contributors, ODbL 1.0. https://osm.org/copyright', 'osm_type': 'way', 'osm_id': 280688897, 'lat': '48.32358003381675', 'lon': '11.178970097369636', 'display_name': 'A 8, Eurasburg, Dasing, Landkreis Aichach-Friedberg, Bayern, 85235, Deutschland', 'address': {'road': 'A 8', 'village': 'Eurasburg', 'municipality': 'Dasing', 'county': 'Landkreis Aichach-Friedberg', 'state': 'Bayern', 'postcode': '85235', 'country': 'Deutschland', 'country_code': 'de'}, 'boundingbox': ['48.3166388', '48.340026', '11.1555112', '11.193519']}","A 8, Eurasburg, Dasing, Landkreis Aichach-Friedberg, Bayern, 85235, Deutschland",A 8,0,2,0,up,[48.32371297 11.17868895],48234.212375439296,48234.212375439296
52472,9,1,79,142,2019,1,7,2,3,2,6,0,0,1,0,0,0,674832.3396953169,5344546.835613756,11.354296647000067,48.23002582200007,"(48.23002582200007, 11.354296647000067)","{'place_id': 115264999, 'licence': 'Data © OpenStreetMap contributors, ODbL 1.0. https://osm.org/copyright', 'osm_type': 'way', 'osm_id': 55706469, 'lat': '48.2300374908034', 'lon': '11.354303537341025', 'display_name': 'A 8, Graßlfing, Olching, Landkreis Fürstenfeldbruck, Bayern, 82140, Deutschland', 'address': {'road': 'A 8', 'suburb': 'Graßlfing', 'town': 'Olching', 'county': 'Landkreis Fürstenfeldbruck', 'state': 'Bayern', 'postcode': '82140', 'country': 'Deutschland', 'country_code': 'de'}, 'boundingbox': ['48.2116422', '48.230365', '11.3537489', '11.3855279']}","A 8, Graßlfing, Olching, Landkreis Fürstenfeldbruck, Bayern, 82140, Deutschland",A 8,0,0,0,down,[48.22990323 11.35453145],10619.522997663813,65047.905096553084
52773,9,7,72,111,2019,1,9,5,3,8,1,0,0,1,0,0,0,625573.7084487835,5364227.318224095,10.697201988000074,48.41867509600007,"(48.41867509600007, 10.697201988000074)","{'place_id': 172330239, 'licence': 'Data © OpenStreetMap contributors, ODbL 1.0. https://osm.org/copyright', 'osm_type': 'way', 'osm_id': 295617761, 'lat': '48.41863058764906', 'lon': '10.697198527695727', 'display_name': 'A 8, Adelsried, Landkreis Augsburg, Bayern, 86477, Deutschland', 'address': {'road': 'A 8', 'village': 'Adelsried', 'county': 'Landkreis Augsburg', 'state': 'Bayern', 'postcode': '86477', 'country': 'Deutschland', 'country_code': 'de'}, 'boundingbox': ['48.4170752', '48.4187014', '10.6962877', '10.7191709']}","A 8, Adelsried, Landkreis Augsburg, Bayern, 86477, Deutschland",A 8,0,2,0,up,[48.41867918 10.6965698 ],9044.133127423418,9044.133127423418
52774,9,7,72,223,2019,1,11,5,3,3,6,0,0,1,0,0,0,618178.0361593934,5363109.725821702,10.596971972000064,48.41005523200005,"(48.41005523200005, 10.596971972000064)","{'place_id': 135890206, 'licence': 'Data © OpenStreetMap contributors, ODbL 1.0. https://osm.org/copyright', 'osm_type': 'way', 'osm_id': 149585379, 'lat': '48.41006006966013', 'lon': '10.596972003694022', 'display_name': 'A 8, Friedensdorf, Wollbach, Zusmarshausen, Landkreis Augsburg, Bayern, 86441, Deutschland', 'address': {'road': 'A 8', 'hamlet': 'Friedensdorf', 'village': 'Wollbach', 'county': 'Landkreis Augsburg', 'state': 'Bayern', 'postcode': '86441', 'country': 'Deutschland', 'country_code': 'de'}, 'boundingbox': ['48.4100368', '48.4100621', '10.5950936', '10.5981125']}","A 8, Friedensdorf, Wollbach, Zusmarshausen, Landkreis Augsburg, Bayern, 86441, Deutschland",A 8,0,0,0,down,[48.41034061 10.59740548],74267.83709814191,1446.8428435074263
52810,9,1,62,0,2019,1,16,7,3,0,1,0,0,1,0,0,0,682415.0170647698,5337793.181805368,11.453407894000064,48.16718455400007,"(48.16718455400007, 11.453407894000064)","{'place_id': 283644550, 'licence': 'Data © OpenStreetMap contributors, ODbL 1.0. https://osm.org/copyright', 'osm_type': 'node', 'osm_id': 273168, 'lat': '48.1671327', 'lon': '11.4534788', 'display_name': 'München-Obermenzing, A 8, Pipping, Obermenzing, Pasing-Obermenzing, München, Bayern, Deutschland', 'address': {'highway': 'München-Obermenzing', 'road': 'A 8', 'suburb': 'Pipping', 'city_district': 'Pasing-Obermenzing', 'city': 'München', 'state': 'Bayern', 'country': 'Deutschland', 'country_code': 'de'}, 'boundingbox': ['48.1670827', '48.1671827', '11.4534288', '11.4535288']}","München-Obermenzing, A 8, Pipping, Obermenzing, Pasing-Obermenzing, München, Bayern, Deutschland",A 8,0,0,0,up,[48.16725631 11.45330989],75193.19067181679,75193.19067181679
52915,9,1,74,146,2019,1,16,6,3,0,6,0,0,1,0,0,0,666680.4798733993,5351007.217417809,11.24715847300007,48.29029843400008,"(48.29029843400008, 11.24715847300007)","{'place_id': 108867869, 'licence': 'Data © OpenStreetMap contributors, ODbL 1.0. https://osm.org/copyright', 'osm_type': 'way', 'osm_id': 28802113, 'lat': '48.29034765395262', 'lon': '11.247173465588856', 'display_name': 'A 8, Ziegelstadel, Wiedenzhausen, Sulzemoos, Landkreis Dachau, Bayern, 85259, Deutschland', 'address': {'road': 'A 8', 'hamlet': 'Ziegelstadel', 'village': 'Wiedenzhausen', 'county': 'Landkreis Dachau', 'state': 'Bayern', 'postcode': '85259', 'country': 'Deutschland', 'country_code': 'de'}, 'boundingbox': ['48.287303', '48.2952793', '11.2306553', '11.2558719']}","A 8, Ziegelstadel, Wiedenzhausen, Sulzemoos, Landkreis Dachau, Bayern, 85259, Deutschland",A 8,0,0,1,down,[48.29031624 11.24727603],21113.465334364173,54558.719736730614
53024,9,7,71,122,2019,1,15,3,3,3,6,0,0,1,0,0,1,652651.6366001479,5362263.86207067,11.062237002000074,48.39504420100008,"(48.39504420100008, 11.062237002000074)","{'place_id': 107914160, 'licence': 'Data © OpenStreetMap contributors, ODbL 1.0. https://osm.org/copyright', 'osm_type': 'way', 'osm_id': 27127051, 'lat': '48.39505593059414', 'lon': '11.06224065144313', 'display_name': 'A 8, Lindl, Dasing, Landkreis Aichach-Friedberg, Bayern, 86453, Deutschland', 'address': {'road': 'A 8', 'village': 'Lindl', 'municipality': 'Dasing', 'county': 'Landkreis Aichach-Friedberg', 'state': 'Bayern', 'postcode': '86453', 'country': 'Deutschland', 'country_code': 'de'}, 'boundingbox': ['48.3948165', '48.3951944', '11.0617956', '11.0630102']}","A 8, Lindl, Dasing, Landkreis Aichach-Friedberg, Bayern, 86453, Deutschland",A 8,0,0,0,down,[48.39495626 11.06256157],39341.967706495874,36328.92037186883