OBJECTID,ULAND,UREGBEZ,UKREIS,UGEMEINDE,UJAHR,UMONAT,USTUNDE,UWOCHENTAG,UKATEGORIE,UART,UTYP1,ULICHTVERH,IstRad,IstPKW,IstFuss,IstKrad,IstGkfz,LINREFX,LINREFY,XGCSWGS84,YGCSWGS84,coord,location_dict,address,road,UIDENTSTLAE,STRZUSTAND,IstSonstige,lane,coord_interp,dist_interp,dist_interp_up
53043,9,7,71,122,2019,1,9,3,3,2,6,0,0,1,0,0,0,653441.4277529754,5361700.586972861,11.072693611000034,48.38978829400003,"(48.38978829400003, 11.072693611000034)","{'place_id': 123161516, 'licence': 'Data © OpenStreetMap contributors, ODbL 1.0. https://osm.org/copyright', 'osm_type': 'way', 'osm_id': 95261664, 'lat': '48.389828020084686', 'lon': '11.072719534030389', 'display_name': 'A 8, Neulwirth, Lindl, Dasing, Landkreis Aichach-Friedberg, Bayern, 86453, Deutschland', 'address': {'road': 'A 8', 'hamlet': 'Neulwirth', 'village': 'Lindl', 'municipality': 'Dasing', 'county': 'Landkreis Aichach-Friedberg', 'state': 'Bayern', 'postcode': '86453', 'country': 'Deutschland', 'country_code': 'de'}, 'boundingbox': ['48.3883354', '48.3926085', '11.0681792', '11.0748745']}","A 8, Neulwirth, Lindl, Dasing, Landkreis Aichach-Friedberg, Bayern, 86453, Deutschland",A 8,0,1,0,down,[48.3901808  11.07217958],38366.57242355213,37298.35206494085
53078,9,1,74,146,2019,1,9,4,3,2,6,0,0,1,0,0,0,666246.530922264,5351188.32312404,11.241383988000052,48.29204067500008,"(48.292040675000074, 11.241383988000052)","{'place_id': 108867869, 'licence': 'Data © OpenStreetMap contributors, ODbL 1.0. https://osm.org/copyright', 'osm_type': 'way', 'osm_id': 28802113, 'lat': '48.2920769930356', 'lon': '11.24139478146916', 'display_name': 'A 8, Ziegelstadel, Wiedenzhausen, Sulzemoos, Landkreis Dachau, Bayern, 85259, Deutschland', 'address': {'road': 'A 8', 'hamlet': 'Ziegelstadel', 'village': 'Wiedenzhausen', 'county': 'Landkreis Dachau', 'state': 'Bayern', 'postcode': '85259', 'country': 'Deutschland', 'country_code': 'de'}, 'boundingbox': ['48.287303', '48.2952793', '11.2306553', '11.2558719']}","A 8, Ziegelstadel, Wiedenzhausen, Sulzemoos, Landkreis Dachau, Bayern, 85259, Deutschland",A 8,0,0,0,down,[48.29147742 11.24341194],21582.732573606245,54089.56732089301
53080,9,1,74,135,2019,1,9,4,3,2,6,0,0,1,0,0,0,661224.7878852468,5354771.75856987,11.175100073000069,48.32555574600008,"(48.32555574600008, 11.175100073000069)","{'place_id': 101890269, 'licence': 'Data © OpenStreetMap contributors, ODbL 1.0. https://osm.org/copyright', 'osm_type': 'way', 'osm_id': 14778570, 'lat': '48.32562609160699', 'lon': '11.175132903653708', 'display_name': 'A 8, Eurasburg, Dasing, Landkreis Aichach-Friedberg, Bayern, 85235, Deutschland', 'address': {'road': 'A 8', 'village': 'Eurasburg', 'municipality': 'Dasing', 'county': 'Landkreis Aichach-Friedberg', 'state': 'Bayern', 'postcode': '85235', 'country': 'Deutschland', 'country_code': 'de'}, 'boundingbox': ['48.3167717', '48.3399562', '11.1559195', '11.1937689']}","A 8, Eurasburg, Dasing, Landkreis Aichach-Friedberg, Bayern, 85235, Deutschland",A 8,0,0,0,down,[48.32515395 11.17614445],27795.6263726223,47874.47909791352
53227,9,1,74,146,2019,1,18,5,3,2,6,2,0,1,0,0,0,666588.5085758911,5351045.798813308,11.245934738000074,48.29066948700006,"(48.29066948700006, 11.245934738000074)","{'place_id': 108867869, 'licence': 'Data © OpenStreetMap contributors, ODbL 1.0. https://osm.org/copyright', 'osm_type': 'way', 'osm_id': 28802113, 'lat': '48.29072026392788', 'lon': '11.245950204849573', 'display_name': 'A 8, Ziegelstadel, Wiedenzhausen, Sulzemoos, Landkreis Dachau, Bayern, 85259, Deutschland', 'address': {'road': 'A 8', 'hamlet': 'Ziegelstadel', 'village': 'Wiedenzhausen', 'county': 'Landkreis Dachau', 'state': 'Bayern', 'postcode': '85259', 'country': 'Deutschland', 'country_code': 'de'}, 'boundingbox': ['48.287303', '48.2952793', '11.2306553', '11.2558719']}","A 8, Ziegelstadel, Wiedenzhausen, Sulzemoos, Landkreis Dachau, Bayern, 85259, Deutschland",A 8,0,0,0,down,[48.28994375 11.24849878],21212.988191527922,54459.19744367105
53228,9,1,74,146,2019,1,16,5,3,2,6,1,0,1,0,0,0,666680.4798733993,5351007.217417809,11.24715847300007,48.29029843400008,"(48.29029843400008, 11.24715847300007)","{'place_id': 108867869, 'licence': 'Data © OpenStreetMap contributors, ODbL 1.0. https://osm.org/copyright', 'osm_type': 'way', 'osm_id': 28802113, 'lat': '48.29034765395262', 'lon': '11.247173465588856', 'display_name': 'A 8, Ziegelstadel, Wiedenzhausen, Sulzemoos, Landkreis Dachau, Bayern, 85259, Deutschland', 'address': {'road': 'A 8', 'hamlet': 'Ziegelstadel', 'village': 'Wiedenzhausen', 'county': 'Landkreis Dachau', 'state': 'Bayern', 'postcode': '85259', 'country': 'Deutschland', 'country_code': 'de'}, 'boundingbox': ['48.287303', '48.2952793', '11.2306553', '11.2558719']}","A 8, Ziegelstadel, Wiedenzhausen, Sulzemoos, Landkreis Dachau, Bayern, 85259, Deutschland",A 8,0,1,0,down,[48.29031624 11.24727603],21113.465334364173,54558.719736730614
53232,9,1,74,146,2019,1,16,5,3,2,6,2,0,1,0,0,0,665388.6591061112,5351545.059707839,11.229966748000038,48.29547246700008,"(48.29547246700008, 11.229966748000038)","{'place_id': 207302773, 'licence': 'Data © OpenStreetMap contributors, ODbL 1.0. https://osm.org/copyright', 'osm_type': 'way', 'osm_id': 477921130, 'lat': '48.29549801872691', 'lon': '11.229975078609504', 'display_name': 'A 8, Wiedenzhausen, Sulzemoos, Landkreis Dachau, Bayern, 85259, Deutschland', 'address': {'road': 'A 8', 'village': 'Wiedenzhausen', 'county': 'Landkreis Dachau', 'state': 'Bayern', 'postcode': '85259', 'country': 'Deutschland', 'country_code': 'de'}, 'boundingbox': ['48.2952793', '48.295503', '11.2299598', '11.2306553']}","A 8, Wiedenzhausen, Sulzemoos, Landkreis Dachau, Bayern, 85259, Deutschland",A 8,0,2,0,down,[48.29536366 11.23038845],22509.782719509898,53161.84305773452
53258,9,7,71,122,2019,1,19,4,3,2,3,2,0,1,0,0,0,652462.9945637453,5362333.420553841,11.059715523000024,48.395715221000046,"(48.395715221000046, 11.059715523000024)","{'place_id': 169764308, 'licence': 'Data © OpenStreetMap contributors, ODbL 1.0. https://osm.org/copyright', 'osm_type': 'way', 'osm_id': 280691745, 'lat': '48.395722944243275', 'lon': '11.059717173349085', 'display_name': 'A 8, Taiting, Dasing, Landkreis Aichach-Friedberg, Bayern, 86453, Deutschland', 'address': {'road': 'A 8', 'village': 'Taiting', 'municipality': 'Dasing', 'county': 'Landkreis Aichach-Friedberg', 'state': 'Bayern', 'postcode': '86453', 'country': 'Deutschland', 'country_code': 'de'}, 'boundingbox': ['48.395536', '48.3959072', '11.0588549', '11.0605205']}","A 8, Taiting, Dasing, Landkreis Aichach-Friedberg, Bayern, 86453, Deutschland",A 8,0,0,0,down,[48.39547796 11.06076089],39542.8159167918,36129.88044866782
53424,9,7,72,111,2019,1,3,6,3,2,6,2,0,1,0,0,0,626073.4227832919,5364198.165739708,10.703944054000033,48.41831314500007,"(48.41831314500007, 10.703944054000033)","{'place_id': 179285986, 'licence': 'Data © OpenStreetMap contributors, ODbL 1.0. https://osm.org/copyright', 'osm_type': 'way', 'osm_id': 327667395, 'lat': '48.41833452027729', 'lon': '10.703945563018012', 'display_name': 'A 8, Adelsried, Landkreis Augsburg, Bayern, 86477, Deutschland', 'address': {'road': 'A 8', 'village': 'Adelsried', 'county': 'Landkreis Augsburg', 'state': 'Bayern', 'postcode': '86477', 'country': 'Deutschland', 'country_code': 'de'}, 'boundingbox': ['48.4173813', '48.4201097', '10.6826043', '10.717102']}","A 8, Adelsried, Landkreis Augsburg, Bayern, 86477, Deutschland",A 8,0,1,0,down,[48.41827324 10.70481045],66131.9679986172,9543.47318335186
53456,9,7,61,0,2019,1,20,2,3,9,1,2,0,1,0,0,0,643424.4394270899,5363347.979823047,10.938029742000026,48.406958213000046,"(48.406958213000046, 10.938029742000026)","{'place_id': 170078922, 'licence': 'Data © OpenStreetMap contributors, ODbL 1.0. https://osm.org/copyright', 'osm_type': 'way', 'osm_id': 280694756, 'lat': '48.406960850434395', 'lon': '10.938030174869114', 'display_name': 'A 8, Dickelsmoor, Friedberg, Landkreis Aichach-Friedberg, Bayern, 86169, Deutschland', 'address': {'road': 'A 8', 'hamlet': 'Dickelsmoor', 'town': 'Friedberg', 'county': 'Landkreis Aichach-Friedberg', 'state': 'Bayern', 'postcode': '86169', 'country': 'Deutschland', 'country_code': 'de'}, 'boundingbox': ['48.4052755', '48.4085066', '10.9287196', '10.9482169']}","A 8, Dickelsmoor, Friedberg, Landkreis Aichach-Friedberg, Bayern, 86169, Deutschland",A 8,0,1,0,down,[48.40722434 10.93642535],48690.49077977134,26981.93409734617
53556,9,7,61,0,2019,1,17,4,3,2,6,2,0,1,0,0,0,639830.2531703431,5364065.132216003,10.889729955000064,48.41421418900006,"(48.41421418900006, 10.889729955000064)","{'place_id': 108221378, 'licence': 'Data © OpenStreetMap contributors, ODbL 1.0. https://osm.org/copyright', 'osm_type': 'way', 'osm_id': 27394066, 'lat': '48.41423539006759', 'lon': '10.889730838377817', 'display_name': 'A 8, Firnhaberau, Gersthofen, Landkreis Augsburg, Bayern, 86169, Deutschland', 'address': {'road': 'A 8', 'suburb': 'Firnhaberau', 'town': 'Gersthofen', 'county': 'Landkreis Augsburg', 'state': 'Bayern', 'postcode': '86169', 'country': 'Deutschland', 'country_code': 'de'}, 'boundingbox': ['48.4142339', '48.4142974', '10.8882426', '10.8897666']}","A 8, Firnhaberau, Gersthofen, Landkreis Augsburg, Bayern, 86169, Deutschland",A 8,0,0,1,down,[48.41429555 10.88827805],52350.65288061836,23325.027605004652
53640,9,7,61,0,2019,2,15,6,3,3,3,0,0,1,0,0,1,640986.6966182245,5363889.617016783,10.905290722000077,48.41237836100004,"(48.41237836100004, 10.905290722000077)","{'place_id': 107800681, 'licence': 'Data © OpenStreetMap contributors, ODbL 1.0. https://osm.org/copyright', 'osm_type': 'way', 'osm_id': 27126891, 'lat': '48.41238243966716', 'lon': '10.905291402514347', 'display_name': 'A 8, Hammerschmiede, Augsburg, Bayern, 86169, Deutschland', 'address': {'road': 'A 8', 'suburb': 'Hammerschmiede', 'city': 'Augsburg', 'state': 'Bayern', 'postcode': '86169', 'country': 'Deutschland', 'country_code': 'de'}, 'boundingbox': ['48.41233', '48.4126072', '10.9039443', '10.9056057']}","A 8, Hammerschmiede, Augsburg, Bayern, 86169, Deutschland",A 8,0,0,0,down,[48.4125547  10.90425779],51181.76372734013,24490.71345621243
53724,9,1,74,135,2019,1,19,3,3,2,6,2,0,1,0,0,1,662330.3879082073,5354032.625727301,11.189719989000023,48.31862792300007,"(48.31862792300007, 11.189719989000023)","{'place_id': 170077890, 'licence': 'Data © OpenStreetMap contributors, ODbL 1.0. https://osm.org/copyright', 'osm_type': 'way', 'osm_id': 280688897, 'lat': '48.31859933920423', 'lon': '11.189706057937881', 'display_name': 'A 8, Eurasburg, Dasing, Landkreis Aichach-Friedberg, Bayern, 85235, Deutschland', 'address': {'road': 'A 8', 'village': 'Eurasburg', 'municipality': 'Dasing', 'county': 'Landkreis Aichach-Friedberg', 'state': 'Bayern', 'postcode': '85235', 'country': 'Deutschland', 'country_code': 'de'}, 'boundingbox': ['48.3166388', '48.340026', '11.1555112', '11.193519']}","A 8, Eurasburg, Dasing, Landkreis Aichach-Friedberg, Bayern, 85235, Deutschland",A 8,0,0,0,up,[48.31873678 11.18942505],49202.165762658624,49202.165762658624
53726,9,7,71,111,2019,1,17,3,3,2,6,2,0,1,0,0,0,658668.070801721,5357073.936541401,11.141499391000025,48.346900093000045,"(48.346900093000045, 11.141499391000025)","{'place_id': 169057293, 'licence': 'Data © OpenStreetMap contributors, ODbL 1.0. https://osm.org/copyright', 'osm_type': 'way', 'osm_id': 280690992, 'lat': '48.34685529169127', 'lon': '11.14147674121602', 'display_name': 'A 8, Holzschuster, Burgadelzhausen, Adelzhausen, Dasing, Landkreis Aichach-Friedberg, Bayern, 86559, Deutschland', 'address': {'road': 'A 8', 'hamlet': 'Holzschuster', 'village': 'Burgadelzhausen', 'municipality': 'Dasing', 'county': 'Landkreis Aichach-Friedberg', 'state': 'Bayern', 'postcode': '86559', 'country': 'Deutschland', 'country_code': 'de'}, 'boundingbox': ['48.3451351', '48.3478008', '11.1397371', '11.1451555']}","A 8, Holzschuster, Burgadelzhausen, Adelzhausen, Dasing, Landkreis Aichach-Friedberg, Bayern, 86559, Deutschland",A 8,0,0,0,up,[48.34657159 11.14203841],44398.20956006471,44398.20956006471
53774,9,7,72,223,2019,1,12,5,3,2,6,0,0,1,0,0,1,617656.874502779,5363063.461977529,10.589919227000053,48.409736690000045,"(48.409736690000045, 10.589919227000053)","{'place_id': 161862030, 'licence': 'Data © OpenStreetMap contributors, ODbL 1.0. https://osm.org/copyright', 'osm_type': 'way', 'osm_id': 246271668, 'lat': '48.4097758379464', 'lon': '10.589915408170757', 'display_name': 'A 8, Friedensdorf, Wollbach, Zusmarshausen, Landkreis Augsburg, Bayern, 86441, Deutschland', 'address': {'road': 'A 8', 'hamlet': 'Friedensdorf', 'village': 'Wollbach', 'county': 'Landkreis Augsburg', 'state': 'Bayern', 'postcode': '86441', 'country': 'Deutschland', 'country_code': 'de'}, 'boundingbox': ['48.407462', '48.4099617', '10.5760621', '10.592436']}","A 8, Friedensdorf, Wollbach, Zusmarshausen, Landkreis Augsburg, Bayern, 86441, Deutschland",A 8,0,0,0,down,[48.41132338 10.59719893],74231.17102803057,1419.1739563609558
53859,9,7,71,122,2019,1,8,5,3,2,6,0,0,1,0,0,0,655973.389505404,5359439.711320146,11.106032647000063,48.36884082700004,"(48.36884082700004, 11.106032647000063)","{'place_id': 123171715, 'licence': 'Data © OpenStreetMap contributors, ODbL 1.0. https://osm.org/copyright', 'osm_type': 'way', 'osm_id': 95261689, 'lat': '48.36882222567229', 'lon': '11.106026185772112', 'display_name': 'A 8, Burgadelzhausen, Adelzhausen, Dasing, Landkreis Aichach-Friedberg, Bayern, 86453, Deutschland', 'address': {'road': 'A 8', 'village': 'Burgadelzhausen', 'municipality': 'Dasing', 'county': 'Landkreis Aichach-Friedberg', 'state': 'Bayern', 'postcode': '86453', 'country': 'Deutschland', 'country_code': 'de'}, 'boundingbox': ['48.3561378', '48.3880253', '11.0750446', '11.1307183']}","A 8, Burgadelzhausen, Adelzhausen, Dasing, Landkreis Aichach-Friedberg, Bayern, 86453, Deutschland",A 8,0,0,0,up,[48.36875767 11.10621135],40697.690386771144,40697.690386771144
53987,9,7,72,147,2019,2,7,2,3,3,6,0,0,1,0,0,0,634436.7520914543,5364476.220606323,10.817010375000052,48.41908445400002,"(48.41908445400002, 10.817010375000052)","{'place_id': 137716867, 'licence': 'Data © OpenStreetMap contributors, ODbL 1.0. https://osm.org/copyright', 'osm_type': 'way', 'osm_id': 155078401, 'lat': '48.419101214123764', 'lon': '10.817011943345628', 'display_name': 'A 8, Gailenbach, Edenbergen, Gersthofen, Landkreis Augsburg, Bayern, 86368, Deutschland', 'address': {'road': 'A 8', 'hamlet': 'Gailenbach', 'village': 'Edenbergen', 'town': 'Gersthofen', 'county': 'Landkreis Augsburg', 'state': 'Bayern', 'postcode': '86368', 'country': 'Deutschland', 'country_code': 'de'}, 'boundingbox': ['48.4187167', '48.4197662', '10.8091429', '10.8209255']}","A 8, Gailenbach, Edenbergen, Gersthofen, Landkreis Augsburg, Bayern, 86368, Deutschland",A 8,0,0,0,down,[48.41913785 10.81662208],57751.015178187845,17923.321321295443
54194,9,7,71,130,2019,2,21,1,3,3,6,2,0,1,0,0,0,644395.5952982623,5363132.034690347,10.951070349000076,48.404794854000045,"(48.404794854000045, 10.951070349000076)","{'place_id': 154722427, 'licence': 'Data © OpenStreetMap contributors, ODbL 1.0. https://osm.org/copyright', 'osm_type': 'way', 'osm_id': 218532964, 'lat': '48.40479951810348', 'lon': '10.951071118172896', 'display_name': 'A 8, Derching, Friedberg, Landkreis Aichach-Friedberg, Bayern, 86316, Deutschland', 'address': {'road': 'A 8', 'village': 'Derching', 'town': 'Friedberg', 'county': 'Landkreis Aichach-Friedberg', 'state': 'Bayern', 'postcode': '86316', 'country': 'Deutschland', 'country_code': 'de'}, 'boundingbox': ['48.4047921', '48.4052755', '10.9482169', '10.9511161']}","A 8, Derching, Friedberg, Landkreis Aichach-Friedberg, Bayern, 86316, Deutschland",A 8,0,1,0,down,[48.40500274 10.949839  ],47697.97982107127,27974.541567753833
54311,9,7,71,129,2019,2,10,1,3,3,1,0,0,1,0,0,0,658841.345652462,5356954.662972717,11.143791340000064,48.345784234000064,"(48.345784234000064, 11.143791340000064)","{'place_id': 169057293, 'licence': 'Data © OpenStreetMap contributors, ODbL 1.0. https://osm.org/copyright', 'osm_type': 'way', 'osm_id': 280690992, 'lat': '48.34576134532448', 'lon': '11.143781032262137', 'display_name': 'A 8, Holzschuster, Burgadelzhausen, Adelzhausen, Dasing, Landkreis Aichach-Friedberg, Bayern, 86559, Deutschland', 'address': {'road': 'A 8', 'hamlet': 'Holzschuster', 'village': 'Burgadelzhausen', 'municipality': 'Dasing', 'county': 'Landkreis Aichach-Friedberg', 'state': 'Bayern', 'postcode': '86559', 'country': 'Deutschland', 'country_code': 'de'}, 'boundingbox': ['48.3451351', '48.3478008', '11.1397371', '11.1451555']}","A 8, Holzschuster, Burgadelzhausen, Adelzhausen, Dasing, Landkreis Aichach-Friedberg, Bayern, 86559, Deutschland",A 8,0,2,0,up,[48.34616638 11.14288265],44608.50487198582,44608.50487198582
54317,9,1,74,113,2019,2,10,1,3,3,1,0,0,1,0,0,0,674001.3783535985,5345227.44137938,11.343396142000074,48.23637248600005,"(48.23637248600005, 11.343396142000074)","{'place_id': 125641879, 'licence': 'Data © OpenStreetMap contributors, ODbL 1.0. https://osm.org/copyright', 'osm_type': 'way', 'osm_id': 105836028, 'lat': '48.23829685', 'lon': '11.342871400000007', 'display_name': 'Logicpark, A 8, Bergkirchen, Landkreis Dachau, Bayern, 85232, Deutschland', 'address': {'building': 'Logicpark', 'road': 'A 8', 'village': 'Bergkirchen', 'county': 'Landkreis Dachau', 'state': 'Bayern', 'postcode': '85232', 'country': 'Deutschland', 'country_code': 'de'}, 'boundingbox': ['48.2371782', '48.2394155', '11.3410869', '11.3446559']}","Logicpark, A 8, Bergkirchen, Landkreis Dachau, Bayern, 85232, Deutschland",A 8,0,2,0,down,[48.23643013 11.34331186],11692.241264150745,63975.69158253579
54406,9,7,72,147,2019,2,15,4,2,3,7,0,0,1,0,0,1,629775.1335748658,5364213.116641678,10.753955071000064,48.41769600600002,"(48.41769600600002, 10.753955071000064)","{'place_id': 173525292, 'licence': 'Data © OpenStreetMap contributors, ODbL 1.0. https://osm.org/copyright', 'osm_type': 'way', 'osm_id': 299305749, 'lat': '48.41771153611831', 'lon': '10.753954474055412', 'display_name': 'A 8, Gersthofen, Landkreis Augsburg, Bayern, 86368, Deutschland', 'address': {'road': 'A 8', 'town': 'Gersthofen', 'county': 'Landkreis Augsburg', 'state': 'Bayern', 'postcode': '86368', 'country': 'Deutschland', 'country_code': 'de'}, 'boundingbox': ['48.4171819', '48.4177718', '10.7406659', '10.7555223']}","A 8, Gersthofen, Landkreis Augsburg, Bayern, 86368, Deutschland",A 8,0,0,0,down,[48.41765126 10.7523793 ],62428.86956309104,13249.085994848581
54828,9,7,71,130,2019,2,20,7,3,3,6,2,0,1,0,0,1,644711.7993014166,5363046.723290812,10.955310892000057,48.40395528300007,"(48.40395528300007, 10.955310892000057)","{'place_id': 163521075, 'licence': 'Data © OpenStreetMap contributors, ODbL 1.0. https://osm.org/copyright', 'osm_type': 'way', 'osm_id': 251505087, 'lat': '48.403940153324626', 'lon': '10.955308354769342', 'display_name': 'A 8, Derching, Friedberg, Landkreis Aichach-Friedberg, Bayern, 86316, Deutschland', 'address': {'road': 'A 8', 'village': 'Derching', 'town': 'Friedberg', 'county': 'Landkreis Aichach-Friedberg', 'state': 'Bayern', 'postcode': '86316', 'country': 'Deutschland', 'country_code': 'de'}, 'boundingbox': ['48.4037486', '48.4042334', '10.9535838', '10.9564506']}","A 8, Derching, Friedberg, Landkreis Aichach-Friedberg, Bayern, 86316, Deutschland",A 8,0,0,0,up,[48.40391417 10.9554646 ],28300.884918142077,28300.884918142077
55077,9,7,61,0,2019,2,7,2,3,2,6,0,0,1,0,0,1,640228.6701275939,5364032.112958221,10.895100247000071,48.41382875800008,"(48.41382875800008, 10.895100247000071)","{'place_id': 169297776, 'licence': 'Data © OpenStreetMap contributors, ODbL 1.0. https://osm.org/copyright', 'osm_type': 'way', 'osm_id': 280726822, 'lat': '48.41383128790172', 'lon': '10.895100485412842', 'display_name': 'A 8, Firnhaberau, Augsburg, Bayern, 86169, Deutschland', 'address': {'road': 'A 8', 'suburb': 'Firnhaberau', 'city': 'Augsburg', 'state': 'Bayern', 'postcode': '86169', 'country': 'Deutschland', 'country_code': 'de'}, 'boundingbox': ['48.4126072', '48.4142339', '10.8897666', '10.9039443']}","A 8, Firnhaberau, Augsburg, Bayern, 86169, Deutschland",A 8,0,0,0,down,[48.41392695 10.89408526],51951.64638372582,23722.72848366191
55185,9,7,72,111,2019,2,12,1,2,2,6,0,0,1,0,0,0,625991.6867197203,5364191.143531503,10.702837749000023,48.41826634700004,"(48.41826634700004, 10.702837749000023)","{'place_id': 172330239, 'licence': 'Data © OpenStreetMap contributors, ODbL 1.0. https://osm.org/copyright', 'osm_type': 'way', 'osm_id': 295617761, 'lat': '48.418226043060756', 'lon': '10.702835070645161', 'display_name': 'A 8, Adelsried, Landkreis Augsburg, Bayern, 86477, Deutschland', 'address': {'road': 'A 8', 'village': 'Adelsried', 'county': 'Landkreis Augsburg', 'state': 'Bayern', 'postcode': '86477', 'country': 'Deutschland', 'country_code': 'de'}, 'boundingbox': ['48.4170752', '48.4187014', '10.6962877', '10.7191709']}","A 8, Adelsried, Landkreis Augsburg, Bayern, 86477, Deutschland",A 8,0,0,0,up,[48.4183397  10.70140297],9462.631483093679,9462.631483093679
55191,9,7,72,111,2019,2,0,3,3,1,5,2,0,1,0,0,1,627872.4512964934,5364071.442804616,10.728208742000048,48.41681104200006,"(48.41681104200006, 10.728208742000048)","{'place_id': 148284748, 'licence': 'Data © OpenStreetMap contributors, ODbL 1.0. https://osm.org/copyright', 'osm_type': 'way', 'osm_id': 199150240, 'lat': '48.41681108892235', 'lon': '10.728208743296387', 'display_name': 'A 8, Adelsried, Landkreis Augsburg, Bayern, 86477, Deutschland', 'address': {'road': 'A 8', 'village': 'Adelsried', 'county': 'Landkreis Augsburg', 'state': 'Bayern', 'postcode': '86477', 'country': 'Deutschland', 'country_code': 'de'}, 'boundingbox': ['48.4168031', '48.4169679', '10.7254633', '10.7355185']}","A 8, Adelsried, Landkreis Augsburg, Bayern, 86477, Deutschland",A 8,0,0,0,down,[48.41680818 10.72977017],64332.322483321055,11344.43861004511
55263,9,7,72,223,2019,2,7,7,3,3,6,0,0,1,0,0,0,619532.2703519389,5363150.547978215,10.615276214000062,48.41016694500007,"(48.41016694500007, 10.615276214000062)","{'place_id': 170982864, 'licence': 'Data © OpenStreetMap contributors, ODbL 1.0. https://osm.org/copyright', 'osm_type': 'way', 'osm_id': 289187276, 'lat': '48.410139800393175', 'lon': '10.615278670118302', 'display_name': 'A 8, Zusmarshausen, Landkreis Augsburg, Bayern, 86441, Deutschland', 'address': {'road': 'A 8', 'village': 'Zusmarshausen', 'county': 'Landkreis Augsburg', 'state': 'Bayern', 'postcode': '86441', 'country': 'Deutschland', 'country_code': 'de'}, 'boundingbox': ['48.4094857', '48.4103677', '10.612932', '10.6338294']}","A 8, Zusmarshausen, Landkreis Augsburg, Bayern, 86441, Deutschland",A 8,0,0,0,up,[48.4100871  10.61469328],2741.1343238791965,2741.1343238791965
55541,9,7,72,147,2019,3,6,7,2,8,7,1,0,1,0,0,0,636291.9996340713,5364275.801713836,10.842006874000049,48.41688371600002,"(48.41688371600002, 10.842006874000049)","{'place_id': 158972608, 'licence': 'Data © OpenStreetMap contributors, ODbL 1.0. https://osm.org/copyright', 'osm_type': 'way', 'osm_id': 230124430, 'lat': '48.41689742131438', 'lon': '10.842008031316778', 'display_name': 'A 8, Hirblingen, Gersthofen, Landkreis Augsburg, Bayern, 86368, Deutschland', 'address': {'road': 'A 8', 'village': 'Hirblingen', 'town': 'Gersthofen', 'county': 'Landkreis Augsburg', 'state': 'Bayern', 'postcode': '86368', 'country': 'Deutschland', 'country_code': 'de'}, 'boundingbox': ['48.4152777', '48.4170922', '10.8397014', '10.8611428']}","A 8, Hirblingen, Gersthofen, Landkreis Augsburg, Bayern, 86368, Deutschland",A 8,0,0,0,down,[48.41750748 10.83471712],55889.494549915624,19785.171911231704
55569,9,1,74,113,2019,3,13,7,3,2,6,0,0,1,0,0,0,669203.0807653321,5349478.064003846,11.280527647000042,48.275882610000046,"(48.275882610000046, 11.280527647000042)","{'place_id': 135294201, 'licence': 'Data © OpenStreetMap contributors, ODbL 1.0. https://osm.org/copyright', 'osm_type': 'way', 'osm_id': 143575534, 'lat': '48.27588831847235', 'lon': '11.28053053619869', 'display_name': 'A 8, Haidhof, Einsbach, Sulzemoos, Landkreis Dachau, Bayern, 85254, Deutschland', 'address': {'road': 'A 8', 'hamlet': 'Haidhof', 'village': 'Einsbach', 'county': 'Landkreis Dachau', 'state': 'Bayern', 'postcode': '85254', 'country': 'Deutschland', 'country_code': 'de'}, 'boundingbox': ['48.2709261', '48.2802015', '11.2713689', '11.2871833']}","A 8, Haidhof, Einsbach, Sulzemoos, Landkreis Dachau, Bayern, 85254, Deutschland",A 8,0,0,0,down,[48.27623469 11.27984698],18163.05385004572,57505.899025225095
55572,9,1,74,113,2019,3,13,7,3,2,6,0,0,1,0,0,0,670006.525376698,5348527.09048474,11.290965175000052,48.26711859100004,"(48.26711859100004, 11.290965175000052)","{'place_id': 134244450, 'licence': 'Data © OpenStreetMap contributors, ODbL 1.0. https://osm.org/copyright', 'osm_type': 'way', 'osm_id': 143578410, 'lat': '48.2671036505766', 'lon': '11.290950915075452', 'display_name': 'A 8, Hopfenau, Lauterbach, Bergkirchen, Landkreis Dachau, Bayern, 85232, Deutschland', 'address': {'road': 'A 8', 'hamlet': 'Hopfenau', 'village': 'Lauterbach', 'county': 'Landkreis Dachau', 'state': 'Bayern', 'postcode': '85232', 'country': 'Deutschland', 'country_code': 'de'}, 'boundingbox': ['48.2599717', '48.270607', '11.2872774', '11.2984073']}","A 8, Hopfenau, Lauterbach, Bergkirchen, Landkreis Dachau, Bayern, 85232, Deutschland",A 8,0,0,0,up,[48.27234106 11.28545737],58751.46544713514,58751.46544713514