OBJECTID,ULAND,UREGBEZ,UKREIS,UGEMEINDE,UJAHR,UMONAT,USTUNDE,UWOCHENTAG,UKATEGORIE,UART,UTYP1,ULICHTVERH,IstRad,IstPKW,IstFuss,IstKrad,IstGkfz,LINREFX,LINREFY,XGCSWGS84,YGCSWGS84,coord,location_dict,address,road,UIDENTSTLAE,STRZUSTAND,IstSonstige,lane,coord_interp,dist_interp,dist_interp_up
61673,9,7,72,223,2019,6,10,7,3,2,6,0,0,1,0,0,0,617285.4818721162,5362999.421278825,10.584884629000044,48.409229992000064,"(48.409229992000064, 10.584884629000044)","{'place_id': 161862030, 'licence': 'Data © OpenStreetMap contributors, ODbL 1.0. https://osm.org/copyright', 'osm_type': 'way', 'osm_id': 246271668, 'lat': '48.40926280409232', 'lon': '10.584880930393835', 'display_name': 'A 8, Friedensdorf, Wollbach, Zusmarshausen, Landkreis Augsburg, Bayern, 86441, Deutschland', 'address': {'road': 'A 8', 'hamlet': 'Friedensdorf', 'village': 'Wollbach', 'county': 'Landkreis Augsburg', 'state': 'Bayern', 'postcode': '86441', 'country': 'Deutschland', 'country_code': 'de'}, 'boundingbox': ['48.407462', '48.4099617', '10.5760621', '10.592436']}","A 8, Friedensdorf, Wollbach, Zusmarshausen, Landkreis Augsburg, Bayern, 86441, Deutschland",A 8,0,0,0,down,[48.4116891  10.59717587],74190.45679258023,1484.1430138127175
61676,9,7,72,223,2019,6,10,7,3,2,6,0,0,1,0,0,0,617264.957754882,5362994.9039002,10.584606134000069,48.40919318600004,"(48.40919318600004, 10.584606134000069)","{'place_id': 161862030, 'licence': 'Data © OpenStreetMap contributors, ODbL 1.0. https://osm.org/copyright', 'osm_type': 'way', 'osm_id': 246271668, 'lat': '48.40922968291063', 'lon': '10.58460077074614', 'display_name': 'A 8, Friedensdorf, Wollbach, Zusmarshausen, Landkreis Augsburg, Bayern, 86441, Deutschland', 'address': {'road': 'A 8', 'hamlet': 'Friedensdorf', 'village': 'Wollbach', 'county': 'Landkreis Augsburg', 'state': 'Bayern', 'postcode': '86441', 'country': 'Deutschland', 'country_code': 'de'}, 'boundingbox': ['48.407462', '48.4099617', '10.5760621', '10.592436']}","A 8, Friedensdorf, Wollbach, Zusmarshausen, Landkreis Augsburg, Bayern, 86441, Deutschland",A 8,0,0,0,down,[48.41171809 10.59717404],74187.22994189539,1481.785158524524
61679,9,7,72,147,2019,6,17,7,2,2,6,0,0,1,0,0,0,631206.1177293938,5364364.404647429,10.773333052000057,48.418760056000046,"(48.418760056000046, 10.773333052000057)","{'place_id': 160537666, 'licence': 'Data © OpenStreetMap contributors, ODbL 1.0. https://osm.org/copyright', 'osm_type': 'way', 'osm_id': 237842495, 'lat': '48.418746108419555', 'lon': '10.7733347407346', 'display_name': 'A 8, Rettenbergen, Gersthofen, Landkreis Augsburg, Bayern, 86368, Deutschland', 'address': {'road': 'A 8', 'village': 'Rettenbergen', 'town': 'Gersthofen', 'county': 'Landkreis Augsburg', 'state': 'Bayern', 'postcode': '86368', 'country': 'Deutschland', 'country_code': 'de'}, 'boundingbox': ['48.418131', '48.4198693', '10.7667927', '10.78637']}","A 8, Rettenbergen, Gersthofen, Landkreis Augsburg, Bayern, 86368, Deutschland",A 8,0,0,0,up,[48.41866244 10.77264224],14686.107410205985,14686.107410205985
61850,9,1,62,0,2019,5,17,4,3,2,6,0,0,1,0,0,0,680525.1976676406,5339583.917976466,11.428774958000076,48.18382065800006,"(48.18382065800006, 11.428774958000076)","{'place_id': 148112756, 'licence': 'Data © OpenStreetMap contributors, ODbL 1.0. https://osm.org/copyright', 'osm_type': 'way', 'osm_id': 198366313, 'lat': '48.18382048988672', 'lon': '11.428774847559497', 'display_name': 'A 8, Langwied, Lochhausen, Aubing-Lochhausen-Langwied, München, Bayern, 81249, Deutschland', 'address': {'road': 'A 8', 'suburb': 'Langwied', 'city_district': 'Aubing-Lochhausen-Langwied', 'city': 'München', 'state': 'Bayern', 'postcode': '81249', 'country': 'Deutschland', 'country_code': 'de'}, 'boundingbox': ['48.1830339', '48.1838242', '11.4287692', '11.4299722']}","A 8, Langwied, Lochhausen, Aubing-Lochhausen-Langwied, München, Bayern, 81249, Deutschland",A 8,0,0,0,down,[48.18423767 11.42815153],3074.056140762778,72592.67545967316
61884,9,7,72,147,2019,5,15,6,3,3,6,0,0,1,0,0,1,636140.9057277981,5364277.1859610025,10.83996636200004,48.41692882700005,"(48.41692882700005, 10.83996636200004)","{'place_id': 108528498, 'licence': 'Data © OpenStreetMap contributors, ODbL 1.0. https://osm.org/copyright', 'osm_type': 'way', 'osm_id': 28770573, 'lat': '48.41694259840642', 'lon': '10.839967561804562', 'display_name': 'A 8, Hirblingen, Gersthofen, Landkreis Augsburg, Bayern, 86368, Deutschland', 'address': {'road': 'A 8', 'village': 'Hirblingen', 'town': 'Gersthofen', 'county': 'Landkreis Augsburg', 'state': 'Bayern', 'postcode': '86368', 'country': 'Deutschland', 'country_code': 'de'}, 'boundingbox': ['48.4168632', '48.4170613', '10.8386051', '10.8408789']}","A 8, Hirblingen, Gersthofen, Landkreis Augsburg, Bayern, 86368, Deutschland",A 8,0,0,0,up,[48.41698177 10.83951499],19635.14791256822,19635.14791256822
62012,9,1,74,113,2019,5,12,6,3,3,6,0,0,1,0,0,0,670694.5803689631,5347605.757809332,11.29985771400004,48.25865122000005,"(48.25865122000005, 11.29985771400004)","{'place_id': 179888512, 'licence': 'Data © OpenStreetMap contributors, ODbL 1.0. https://osm.org/copyright', 'osm_type': 'way', 'osm_id': 327464676, 'lat': '48.25862902701268', 'lon': '11.299837547505136', 'display_name': 'A 8, Lauterbach, Bergkirchen, Landkreis Dachau, Bayern, 85232, Deutschland', 'address': {'road': 'A 8', 'village': 'Lauterbach', 'county': 'Landkreis Dachau', 'state': 'Bayern', 'postcode': '85232', 'country': 'Deutschland', 'country_code': 'de'}, 'boundingbox': ['48.2581997', '48.2599717', '11.2984073', '11.3003286']}","A 8, Lauterbach, Bergkirchen, Landkreis Dachau, Bayern, 85232, Deutschland",A 8,0,0,0,up,[48.25871195 11.29974641],59900.675984121204,59900.675984121204
62199,9,7,72,147,2019,6,6,4,2,2,6,0,0,1,0,1,1,638940.9233662738,5364079.4373254,10.877722621000032,48.41453953000007,"(48.41453953000007, 10.877722621000032)","{'place_id': 306657, 'licence': 'Data © OpenStreetMap contributors, ODbL 1.0. https://osm.org/copyright', 'osm_type': 'node', 'osm_id': 129959235, 'lat': '48.414542', 'lon': '10.8783046', 'display_name': 'Kreuz Augsburg-West, A 8, Gersthofen, Landkreis Augsburg, Bayern, 86368, Deutschland', 'address': {'highway': 'Kreuz Augsburg-West', 'road': 'A 8', 'town': 'Gersthofen', 'county': 'Landkreis Augsburg', 'state': 'Bayern', 'postcode': '86368', 'country': 'Deutschland', 'country_code': 'de'}, 'boundingbox': ['48.414492', '48.414592', '10.8782546', '10.8783546']}","Kreuz Augsburg-West, A 8, Gersthofen, Landkreis Augsburg, Bayern, 86368, Deutschland",A 8,0,0,0,down,[48.41455425 10.87774662],53237.942526834835,22438.159251258556
62456,9,1,74,135,2019,6,15,1,3,3,6,0,0,1,0,0,0,660760.6030327892,5355101.856285592,11.16896827100004,48.32864161400005,"(48.32864161400005, 11.16896827100004)","{'place_id': 170077890, 'licence': 'Data © OpenStreetMap contributors, ODbL 1.0. https://osm.org/copyright', 'osm_type': 'way', 'osm_id': 280688897, 'lat': '48.328622564623636', 'lon': '11.168957367053695', 'display_name': 'A 8, Eurasburg, Dasing, Landkreis Aichach-Friedberg, Bayern, 85235, Deutschland', 'address': {'road': 'A 8', 'village': 'Eurasburg', 'municipality': 'Dasing', 'county': 'Landkreis Aichach-Friedberg', 'state': 'Bayern', 'postcode': '85235', 'country': 'Deutschland', 'country_code': 'de'}, 'boundingbox': ['48.3166388', '48.340026', '11.1555112', '11.193519']}","A 8, Eurasburg, Dasing, Landkreis Aichach-Friedberg, Bayern, 85235, Deutschland",A 8,0,0,0,up,[48.32946294 11.1675949 ],47304.579329930704,47304.579329930704
62986,9,1,62,0,2019,6,15,6,3,2,6,0,0,1,0,0,0,679095.4702647589,5340910.158925785,11.410116479000068,48.19614678900008,"(48.196146789000075, 11.410116479000068)","{'place_id': 288477, 'licence': 'Data © OpenStreetMap contributors, ODbL 1.0. https://osm.org/copyright', 'osm_type': 'node', 'osm_id': 106370593, 'lat': '48.1958239', 'lon': '11.4106291', 'display_name': 'München-Langwied, A 8, Lochhausen, Aubing-Lochhausen-Langwied, München, Bayern, 81249, Deutschland', 'address': {'highway': 'München-Langwied', 'road': 'A 8', 'suburb': 'Lochhausen', 'city_district': 'Aubing-Lochhausen-Langwied', 'city': 'München', 'state': 'Bayern', 'postcode': '81249', 'country': 'Deutschland', 'country_code': 'de'}, 'boundingbox': ['48.1957739', '48.1958739', '11.4105791', '11.4106791']}","München-Langwied, A 8, Lochhausen, Aubing-Lochhausen-Langwied, München, Bayern, 81249, Deutschland",A 8,0,0,0,down,[48.19622337 11.41003512],5021.82527871129,70644.91603196348
63331,9,7,71,130,2019,6,10,3,3,2,6,0,0,1,0,0,0,645638.724466552,5362842.913914869,10.96775690900006,48.40190931800004,"(48.40190931800004, 10.96775690900006)","{'place_id': 169711243, 'licence': 'Data © OpenStreetMap contributors, ODbL 1.0. https://osm.org/copyright', 'osm_type': 'way', 'osm_id': 280694759, 'lat': '48.40188057375536', 'lon': '10.967753289958837', 'display_name': 'A 8, Derching, Friedberg, Landkreis Aichach-Friedberg, Bayern, 86316, Deutschland', 'address': {'road': 'A 8', 'village': 'Derching', 'town': 'Friedberg', 'county': 'Landkreis Aichach-Friedberg', 'state': 'Bayern', 'postcode': '86316', 'country': 'Deutschland', 'country_code': 'de'}, 'boundingbox': ['48.401446', '48.4037486', '10.9564506', '10.981465']}","A 8, Derching, Friedberg, Landkreis Aichach-Friedberg, Bayern, 86316, Deutschland",A 8,0,0,1,up,[48.40171024 10.96910623],29247.9179186713,29247.9179186713
63380,9,7,71,130,2019,6,21,5,2,2,1,1,0,1,0,0,0,643736.3989014776,5363278.72067718,10.942218872000067,48.40626441800004,"(48.40626441800004, 10.942218872000067)","{'place_id': 170078922, 'licence': 'Data © OpenStreetMap contributors, ODbL 1.0. https://osm.org/copyright', 'osm_type': 'way', 'osm_id': 280694756, 'lat': '48.406264960362805', 'lon': '10.942218962188516', 'display_name': 'A 8, Dickelsmoor, Friedberg, Landkreis Aichach-Friedberg, Bayern, 86169, Deutschland', 'address': {'road': 'A 8', 'hamlet': 'Dickelsmoor', 'town': 'Friedberg', 'county': 'Landkreis Aichach-Friedberg', 'state': 'Bayern', 'postcode': '86169', 'country': 'Deutschland', 'country_code': 'de'}, 'boundingbox': ['48.4052755', '48.4085066', '10.9287196', '10.9482169']}","A 8, Dickelsmoor, Friedberg, Landkreis Aichach-Friedberg, Bayern, 86169, Deutschland",A 8,0,0,0,down,[48.40586696 10.94456689],48371.698397185515,27300.768592969933
63458,9,7,72,147,2019,6,0,1,3,9,1,2,0,0,0,0,1,637424.6649990221,5364161.694428634,10.857269298000062,48.415611667000064,"(48.415611667000064, 10.857269298000062)","{'place_id': 158972608, 'licence': 'Data © OpenStreetMap contributors, ODbL 1.0. https://osm.org/copyright', 'osm_type': 'way', 'osm_id': 230124430, 'lat': '48.4156350775413', 'lon': '10.857271270699252', 'display_name': 'A 8, Hirblingen, Gersthofen, Landkreis Augsburg, Bayern, 86368, Deutschland', 'address': {'road': 'A 8', 'village': 'Hirblingen', 'town': 'Gersthofen', 'county': 'Landkreis Augsburg', 'state': 'Bayern', 'postcode': '86368', 'country': 'Deutschland', 'country_code': 'de'}, 'boundingbox': ['48.4152777', '48.4170922', '10.8397014', '10.8611428']}","A 8, Hirblingen, Gersthofen, Landkreis Augsburg, Bayern, 86368, Deutschland",A 8,0,1,0,down,[48.4156943  10.85657127],54753.915931021664,20920.70858996259
63623,9,7,72,223,2019,6,15,7,3,2,7,0,0,1,0,0,0,623138.4770851694,5363758.075316192,10.664165240000044,48.41493599000007,"(48.41493599000007, 10.664165240000044)","{'place_id': 190915435, 'licence': 'Data © OpenStreetMap contributors, ODbL 1.0. https://osm.org/copyright', 'osm_type': 'way', 'osm_id': 383249717, 'lat': '48.414947573094864', 'lon': '10.664160602698358', 'display_name': 'A 8, Streitheim, Zusmarshausen, Landkreis Augsburg, Bayern, 86441, Deutschland', 'address': {'road': 'A 8', 'village': 'Streitheim', 'county': 'Landkreis Augsburg', 'state': 'Bayern', 'postcode': '86441', 'country': 'Deutschland', 'country_code': 'de'}, 'boundingbox': ['48.4124994', '48.420022', '10.6545948', '10.6794187']}","A 8, Streitheim, Zusmarshausen, Landkreis Augsburg, Bayern, 86441, Deutschland",A 8,0,0,0,down,[48.414899   10.66403887],69233.79353730977,6455.44669995007
63698,9,7,71,122,2019,6,13,6,2,3,6,0,0,1,0,0,1,655370.5367385875,5359898.275494672,11.098067737000065,48.37311226500003,"(48.37311226500003, 11.098067737000065)","{'place_id': 112409051, 'licence': 'Data © OpenStreetMap contributors, ODbL 1.0. https://osm.org/copyright', 'osm_type': 'way', 'osm_id': 42400874, 'lat': '48.37313234133718', 'lon': '11.098080122482834', 'display_name': 'A 8, Burgadelzhausen, Adelzhausen, Dasing, Landkreis Aichach-Friedberg, Bayern, 86453, Deutschland', 'address': {'road': 'A 8', 'village': 'Burgadelzhausen', 'municipality': 'Dasing', 'county': 'Landkreis Aichach-Friedberg', 'state': 'Bayern', 'postcode': '86453', 'country': 'Deutschland', 'country_code': 'de'}, 'boundingbox': ['48.3561686', '48.3880438', '11.0753176', '11.1309595']}","A 8, Burgadelzhausen, Adelzhausen, Dasing, Landkreis Aichach-Friedberg, Bayern, 86453, Deutschland",A 8,0,0,0,down,[48.37176977 11.10028834],35729.08017638139,39936.33630149843
63856,9,7,71,122,2019,6,18,4,3,2,6,0,0,1,0,0,0,654171.4200480934,5360976.923078124,11.082282080000027,48.38310408300004,"(48.38310408300004, 11.082282080000027)","{'place_id': 123171715, 'licence': 'Data © OpenStreetMap contributors, ODbL 1.0. https://osm.org/copyright', 'osm_type': 'way', 'osm_id': 95261689, 'lat': '48.383100781887464', 'lon': '11.082279824925688', 'display_name': 'A 8, Burgadelzhausen, Adelzhausen, Dasing, Landkreis Aichach-Friedberg, Bayern, 86453, Deutschland', 'address': {'road': 'A 8', 'village': 'Burgadelzhausen', 'municipality': 'Dasing', 'county': 'Landkreis Aichach-Friedberg', 'state': 'Bayern', 'postcode': '86453', 'country': 'Deutschland', 'country_code': 'de'}, 'boundingbox': ['48.3561378', '48.3880253', '11.0750446', '11.1307183']}","A 8, Burgadelzhausen, Adelzhausen, Dasing, Landkreis Aichach-Friedberg, Bayern, 86453, Deutschland",A 8,0,0,0,up,[48.38292311 11.08254034],38325.03624626895,38325.03624626895
64007,9,7,71,130,2019,6,10,2,2,2,6,0,0,1,0,0,1,645740.6201861491,5362840.437339025,10.969131939000022,48.40186350300007,"(48.40186350300007, 10.969131939000022)","{'place_id': 171593475, 'licence': 'Data © OpenStreetMap contributors, ODbL 1.0. https://osm.org/copyright', 'osm_type': 'way', 'osm_id': 288973413, 'lat': '48.40185611562309', 'lon': '10.969131199343863', 'display_name': 'A 8, Sophienhof, Bitzenhofen, Dasing, Landkreis Aichach-Friedberg, Bayern, 86453, Deutschland', 'address': {'road': 'A 8', 'hamlet': 'Sophienhof', 'village': 'Bitzenhofen', 'municipality': 'Dasing', 'county': 'Landkreis Aichach-Friedberg', 'state': 'Bayern', 'postcode': '86453', 'country': 'Deutschland', 'country_code': 'de'}, 'boundingbox': ['48.3960534', '48.4039031', '10.9564457', '11.0556046']}","A 8, Sophienhof, Bitzenhofen, Dasing, Landkreis Aichach-Friedberg, Bayern, 86453, Deutschland",A 8,0,0,0,down,[48.4017746  10.96994568],46324.74602404095,29349.398672982683
64119,9,7,71,122,2019,6,13,1,3,1,6,0,0,1,0,0,0,655219.2806512611,5360034.595899822,11.096076978000042,48.374375084000064,"(48.374375084000064, 11.096076978000042)","{'place_id': 112409051, 'licence': 'Data © OpenStreetMap contributors, ODbL 1.0. https://osm.org/copyright', 'osm_type': 'way', 'osm_id': 42400874, 'lat': '48.374395914368286', 'lon': '11.096090293156252', 'display_name': 'A 8, Burgadelzhausen, Adelzhausen, Dasing, Landkreis Aichach-Friedberg, Bayern, 86453, Deutschland', 'address': {'road': 'A 8', 'village': 'Burgadelzhausen', 'municipality': 'Dasing', 'county': 'Landkreis Aichach-Friedberg', 'state': 'Bayern', 'postcode': '86453', 'country': 'Deutschland', 'country_code': 'de'}, 'boundingbox': ['48.3561686', '48.3880438', '11.0753176', '11.1309595']}","A 8, Burgadelzhausen, Adelzhausen, Dasing, Landkreis Aichach-Friedberg, Bayern, 86453, Deutschland",A 8,0,0,0,down,[48.37404555 11.09663878],35932.42311334045,39732.85746184517
64484,9,1,62,0,2019,6,15,4,3,6,7,0,0,1,0,0,0,679184.0500281584,5340827.902018976,11.41127270100003,48.195382402000064,"(48.195382402000064, 11.41127270100003)","{'place_id': 169591660, 'licence': 'Data © OpenStreetMap contributors, ODbL 1.0. https://osm.org/copyright', 'osm_type': 'way', 'osm_id': 280342519, 'lat': '48.19539179830602', 'lon': '11.411278948852456', 'display_name': 'A 8, Lochhausen, Aubing-Lochhausen-Langwied, München, Bayern, 81249, Deutschland', 'address': {'road': 'A 8', 'suburb': 'Lochhausen', 'city_district': 'Aubing-Lochhausen-Langwied', 'city': 'München', 'state': 'Bayern', 'postcode': '81249', 'country': 'Deutschland', 'country_code': 'de'}, 'boundingbox': ['48.1942191', '48.1958239', '11.4106291', '11.4130426']}","A 8, Lochhausen, Aubing-Lochhausen-Langwied, München, Bayern, 81249, Deutschland",A 8,0,0,1,down,[48.19699428 11.40888875],4901.093965544248,70765.67155837927
64486,9,1,62,0,2019,6,18,4,3,3,6,0,0,0,0,1,0,680574.1921681119,5339519.301700553,11.429406049000022,48.18322591100008,"(48.18322591100008, 11.429406049000022)","{'place_id': 170004898, 'licence': 'Data © OpenStreetMap contributors, ODbL 1.0. https://osm.org/copyright', 'osm_type': 'way', 'osm_id': 280341480, 'lat': '48.18322132166331', 'lon': '11.429403010718065', 'display_name': 'A 8, Langwied, Lochhausen, Aubing-Lochhausen-Langwied, München, Bayern, 81249, Deutschland', 'address': {'road': 'A 8', 'suburb': 'Langwied', 'city_district': 'Aubing-Lochhausen-Langwied', 'city': 'München', 'state': 'Bayern', 'postcode': '81249', 'country': 'Deutschland', 'country_code': 'de'}, 'boundingbox': ['48.1826923', '48.1840537', '11.4281457', '11.4302021']}","A 8, Langwied, Lochhausen, Aubing-Lochhausen-Langwied, München, Bayern, 81249, Deutschland",A 8,0,0,1,up,[48.18352342 11.42894693],72672.50067914416,72672.50067914416
64487,9,1,74,135,2019,6,13,4,3,2,6,0,0,1,0,0,0,661134.9326565359,5354816.617745545,11.173905881000053,48.32598194900004,"(48.32598194900004, 11.173905881000053)","{'place_id': 170077890, 'licence': 'Data © OpenStreetMap contributors, ODbL 1.0. https://osm.org/copyright', 'osm_type': 'way', 'osm_id': 280688897, 'lat': '48.325976304501715', 'lon': '11.173903000612269', 'display_name': 'A 8, Eurasburg, Dasing, Landkreis Aichach-Friedberg, Bayern, 85235, Deutschland', 'address': {'road': 'A 8', 'village': 'Eurasburg', 'municipality': 'Dasing', 'county': 'Landkreis Aichach-Friedberg', 'state': 'Bayern', 'postcode': '85235', 'country': 'Deutschland', 'country_code': 'de'}, 'boundingbox': ['48.3166388', '48.340026', '11.1555112', '11.193519']}","A 8, Eurasburg, Dasing, Landkreis Aichach-Friedberg, Bayern, 85235, Deutschland",A 8,0,0,0,up,[48.32633657 11.17319734],47774.84392888253,47774.84392888253
64524,9,1,74,146,2019,7,14,2,3,8,7,0,0,0,0,0,0,668820.4663728643,5349716.552942721,11.275470232000032,48.27812865900006,"(48.27812865900006, 11.275470232000032)","{'place_id': 134592671, 'licence': 'Data © OpenStreetMap contributors, ODbL 1.0. https://osm.org/copyright', 'osm_type': 'way', 'osm_id': 143578406, 'lat': '48.27810568760016', 'lon': '11.275459340949096', 'display_name': 'A 8, Einsbach, Sulzemoos, Landkreis Dachau, Bayern, 85254, Deutschland', 'address': {'road': 'A 8', 'village': 'Einsbach', 'county': 'Landkreis Dachau', 'state': 'Bayern', 'postcode': '85254', 'country': 'Deutschland', 'country_code': 'de'}, 'boundingbox': ['48.2776562', '48.2787606', '11.274078', '11.2764074']}","A 8, Einsbach, Sulzemoos, Landkreis Dachau, Bayern, 85254, Deutschland",A 8,0,0,1,up,[48.27830704 11.27503481],57056.17082670812,57056.17082670812
64628,9,1,74,146,2019,6,20,1,3,3,6,0,0,1,0,0,0,667732.1185814681,5350433.897450423,11.26109741700003,48.28486662900008,"(48.28486662900008, 11.26109741700003)","{'place_id': 148630884, 'licence': 'Data © OpenStreetMap contributors, ODbL 1.0. https://osm.org/copyright', 'osm_type': 'way', 'osm_id': 197697279, 'lat': '48.28484757863755', 'lon': '11.261088457989143', 'display_name': 'A 8, Haidhof, Einsbach, Sulzemoos, Landkreis Dachau, Bayern, 85254, Deutschland', 'address': {'road': 'A 8', 'hamlet': 'Haidhof', 'village': 'Einsbach', 'county': 'Landkreis Dachau', 'state': 'Bayern', 'postcode': '85254', 'country': 'Deutschland', 'country_code': 'de'}, 'boundingbox': ['48.2809649', '48.287056', '11.2560819', '11.2693599']}","A 8, Haidhof, Einsbach, Sulzemoos, Landkreis Dachau, Bayern, 85254, Deutschland",A 8,0,0,0,up,[48.28396363 11.26296779],55754.860126056956,55754.860126056956
64702,9,7,71,129,2019,7,20,2,3,8,7,1,0,1,0,0,0,660217.2970443638,5355737.016462764,11.161884943000077,48.33448981700008,"(48.33448981700008, 11.161884943000077)","{'place_id': 101890269, 'licence': 'Data © OpenStreetMap contributors, ODbL 1.0. https://osm.org/copyright', 'osm_type': 'way', 'osm_id': 14778570, 'lat': '48.33454645344149', 'lon': '11.161944574361398', 'display_name': 'A 8, Eurasburg, Dasing, Landkreis Aichach-Friedberg, Bayern, 85235, Deutschland', 'address': {'road': 'A 8', 'village': 'Eurasburg', 'municipality': 'Dasing', 'county': 'Landkreis Aichach-Friedberg', 'state': 'Bayern', 'postcode': '85235', 'country': 'Deutschland', 'country_code': 'de'}, 'boundingbox': ['48.3167717', '48.3399562', '11.1559195', '11.1937689']}","A 8, Eurasburg, Dasing, Landkreis Aichach-Friedberg, Bayern, 85235, Deutschland",A 8,0,1,0,down,[48.33374207 11.16270878],29198.467041043757,46463.60415389522
64735,9,1,79,142,2019,6,3,7,3,2,1,2,0,1,0,0,0,676118.5187413385,5343465.3159242775,11.371151680000024,48.21994808900007,"(48.21994808900007, 11.371151680000024)","{'place_id': 107778347, 'licence': 'Data © OpenStreetMap contributors, ODbL 1.0. https://osm.org/copyright', 'osm_type': 'way', 'osm_id': 28784068, 'lat': '48.21991522673433', 'lon': '11.37113231055764', 'display_name': 'A 8, Graßlfing, Olching, Landkreis Fürstenfeldbruck, Bayern, 82140, Deutschland', 'address': {'road': 'A 8', 'suburb': 'Graßlfing', 'town': 'Olching', 'county': 'Landkreis Fürstenfeldbruck', 'state': 'Bayern', 'postcode': '82140', 'country': 'Deutschland', 'country_code': 'de'}, 'boundingbox': ['48.2153506', '48.2199694', '11.3710404', '11.3788717']}","A 8, Graßlfing, Olching, Landkreis Fürstenfeldbruck, Bayern, 82140, Deutschland",A 8,0,0,0,up,[48.2165061  11.37691676],66726.02033761695,66726.02033761695
64790,9,1,74,135,2019,7,15,2,3,9,7,0,0,1,0,0,0,661200.8875078205,5354770.958956324,11.174777567000037,48.32555465200005,"(48.32555465200005, 11.174777567000037)","{'place_id': 170077890, 'licence': 'Data © OpenStreetMap contributors, ODbL 1.0. https://osm.org/copyright', 'osm_type': 'way', 'osm_id': 280688897, 'lat': '48.32554707110639', 'lon': '11.174774047221751', 'display_name': 'A 8, Eurasburg, Dasing, Landkreis Aichach-Friedberg, Bayern, 85235, Deutschland', 'address': {'road': 'A 8', 'village': 'Eurasburg', 'municipality': 'Dasing', 'county': 'Landkreis Aichach-Friedberg', 'state': 'Bayern', 'postcode': '85235', 'country': 'Deutschland', 'country_code': 'de'}, 'boundingbox': ['48.3166388', '48.340026', '11.1555112', '11.193519']}","A 8, Eurasburg, Dasing, Landkreis Aichach-Friedberg, Bayern, 85235, Deutschland",A 8,0,1,0,up,[48.32488262 11.17620602],47854.98867014242,47854.98867014242
64942,9,7,71,130,2019,7,8,5,2,2,1,0,0,0,0,0,1,643639.9418670125,5363299.933448058,10.940923548000058,48.40647713800007,"(48.40647713800007, 10.940923548000058)","{'place_id': 170078922, 'licence': 'Data © OpenStreetMap contributors, ODbL 1.0. https://osm.org/copyright', 'osm_type': 'way', 'osm_id': 280694756, 'lat': '48.4064802853812', 'lon': '10.940924071372248', 'display_name': 'A 8, Dickelsmoor, Friedberg, Landkreis Aichach-Friedberg, Bayern, 86169, Deutschland', 'address': {'road': 'A 8', 'hamlet': 'Dickelsmoor', 'town': 'Friedberg', 'county': 'Landkreis Aichach-Friedberg', 'state': 'Bayern', 'postcode': '86169', 'country': 'Deutschland', 'country_code': 'de'}, 'boundingbox': ['48.4052755', '48.4085066', '10.9287196', '10.9482169']}","A 8, Dickelsmoor, Friedberg, Landkreis Aichach-Friedberg, Bayern, 86169, Deutschland",A 8,0,0,0,down,[48.40668296 10.93970436],48470.22387947041,27202.222206160834
65195,9,7,71,130,2019,7,8,6,2,2,6,0,0,1,0,0,1,644146.469951028,5363186.856774824,10.947725025000068,48.40534479500008,"(48.40534479500008, 10.947725025000068)","{'place_id': 170078922, 'licence': 'Data © OpenStreetMap contributors, ODbL 1.0. https://osm.org/copyright', 'osm_type': 'way', 'osm_id': 280694756, 'lat': '48.4053595117074', 'lon': '10.94772755157545', 'display_name': 'A 8, Dickelsmoor, Friedberg, Landkreis Aichach-Friedberg, Bayern, 86169, Deutschland', 'address': {'road': 'A 8', 'hamlet': 'Dickelsmoor', 'town': 'Friedberg', 'county': 'Landkreis Aichach-Friedberg', 'state': 'Bayern', 'postcode': '86169', 'country': 'Deutschland', 'country_code': 'de'}, 'boundingbox': ['48.4052755', '48.4085066', '10.9287196', '10.9482169']}","A 8, Dickelsmoor, Friedberg, Landkreis Aichach-Friedberg, Bayern, 86169, Deutschland",A 8,0,0,0,down,[48.40533054 10.94789926],47952.44220557847,27719.88481772782
65197,9,7,71,122,2019,7,12,6,3,3,7,0,0,1,0,0,0,652741.5760821728,5362225.554336809,11.063437282000052,48.39467800800002,"(48.39467800800002, 11.063437282000052)","{'place_id': 108155254, 'licence': 'Data © OpenStreetMap contributors, ODbL 1.0. https://osm.org/copyright', 'osm_type': 'way', 'osm_id': 27127130, 'lat': '48.394668439702905', 'lon': '11.063433938701632', 'display_name': 'A 8, Neulwirth, Lindl, Dasing, Landkreis Aichach-Friedberg, Bayern, 86453, Deutschland', 'address': {'road': 'A 8', 'hamlet': 'Neulwirth', 'village': 'Lindl', 'municipality': 'Dasing', 'county': 'Landkreis Aichach-Friedberg', 'state': 'Bayern', 'postcode': '86453', 'country': 'Deutschland', 'country_code': 'de'}, 'boundingbox': ['48.3936123', '48.3948165', '11.0630102', '11.0661293']}","A 8, Neulwirth, Lindl, Dasing, Landkreis Aichach-Friedberg, Bayern, 86453, Deutschland",A 8,0,0,0,down,[48.39448024 11.06397227],39244.425044547206,36425.865766462404