OBJECTID,ULAND,UREGBEZ,UKREIS,UGEMEINDE,UJAHR,UMONAT,USTUNDE,UWOCHENTAG,UKATEGORIE,UART,UTYP1,ULICHTVERH,IstRad,IstPKW,IstFuss,IstKrad,IstGkfz,LINREFX,LINREFY,XGCSWGS84,YGCSWGS84,coord,location_dict,address,road,UIDENTSTLAE,STRZUSTAND,IstSonstige,lane,coord_interp,dist_interp,dist_interp_up
65249,9,7,71,122,2019,7,15,3,3,2,6,0,0,1,0,0,1,655673.8298798921,5359621.663271233,11.102058027000057,48.37055062900004,"(48.37055062900004, 11.102058027000057)","{'place_id': 123171715, 'licence': 'Data © OpenStreetMap contributors, ODbL 1.0. https://osm.org/copyright', 'osm_type': 'way', 'osm_id': 95261689, 'lat': '48.37052030219444', 'lon': '11.102041790242977', 'display_name': 'A 8, Burgadelzhausen, Adelzhausen, Dasing, Landkreis Aichach-Friedberg, Bayern, 86453, Deutschland', 'address': {'road': 'A 8', 'village': 'Burgadelzhausen', 'municipality': 'Dasing', 'county': 'Landkreis Aichach-Friedberg', 'state': 'Bayern', 'postcode': '86453', 'country': 'Deutschland', 'country_code': 'de'}, 'boundingbox': ['48.3561378', '48.3880253', '11.0750446', '11.1307183']}","A 8, Burgadelzhausen, Adelzhausen, Dasing, Landkreis Aichach-Friedberg, Bayern, 86453, Deutschland",A 8,0,0,0,up,[48.37070589 11.10169549],40346.7367479051,40346.7367479051
65505,9,7,72,147,2019,7,11,1,3,9,1,0,0,1,0,0,0,635179.6917619901,5364373.828480316,10.827013444000045,48.41800478500005,"(48.41800478500005, 10.827013444000045)","{'place_id': 175020668, 'licence': 'Data © OpenStreetMap contributors, ODbL 1.0. https://osm.org/copyright', 'osm_type': 'way', 'osm_id': 304768102, 'lat': '48.41800001377974', 'lon': '10.827013060280766', 'display_name': 'A 8, Hirblingen, Gersthofen, Landkreis Augsburg, Bayern, 86368, Deutschland', 'address': {'road': 'A 8', 'village': 'Hirblingen', 'town': 'Gersthofen', 'county': 'Landkreis Augsburg', 'state': 'Bayern', 'postcode': '86368', 'country': 'Deutschland', 'country_code': 'de'}, 'boundingbox': ['48.4174646', '48.418235', '10.8243339', '10.8333386']}","A 8, Hirblingen, Gersthofen, Landkreis Augsburg, Bayern, 86368, Deutschland",A 8,0,1,0,up,[48.41785998 10.82875343],18671.449628380033,18671.449628380033
65664,9,7,72,111,2019,7,19,7,3,2,6,0,0,1,0,0,0,626371.9302010955,5364172.937468445,10.707969063000064,48.41802647600008,"(48.41802647600008, 10.707969063000064)","{'place_id': 179285986, 'licence': 'Data © OpenStreetMap contributors, ODbL 1.0. https://osm.org/copyright', 'osm_type': 'way', 'osm_id': 327667395, 'lat': '48.41805925564944', 'lon': '10.707971228322371', 'display_name': 'A 8, Adelsried, Landkreis Augsburg, Bayern, 86477, Deutschland', 'address': {'road': 'A 8', 'village': 'Adelsried', 'county': 'Landkreis Augsburg', 'state': 'Bayern', 'postcode': '86477', 'country': 'Deutschland', 'country_code': 'de'}, 'boundingbox': ['48.4173813', '48.4201097', '10.6826043', '10.717102']}","A 8, Adelsried, Landkreis Augsburg, Bayern, 86477, Deutschland",A 8,0,0,1,down,[48.41812464 10.70698103],65833.16346003834,9842.311318208405
65740,9,7,72,223,2019,7,0,7,3,9,7,2,0,1,0,0,1,623541.0683078822,5364055.300890988,10.669691237000052,48.41753004900005,"(48.41753004900005, 10.669691237000052)","{'place_id': 190915435, 'licence': 'Data © OpenStreetMap contributors, ODbL 1.0. https://osm.org/copyright', 'osm_type': 'way', 'osm_id': 383249717, 'lat': '48.41755795715811', 'lon': '10.6696793112393', 'display_name': 'A 8, Streitheim, Zusmarshausen, Landkreis Augsburg, Bayern, 86441, Deutschland', 'address': {'road': 'A 8', 'village': 'Streitheim', 'county': 'Landkreis Augsburg', 'state': 'Bayern', 'postcode': '86441', 'country': 'Deutschland', 'country_code': 'de'}, 'boundingbox': ['48.4124994', '48.420022', '10.6545948', '10.6794187']}","A 8, Streitheim, Zusmarshausen, Landkreis Augsburg, Bayern, 86441, Deutschland",A 8,0,0,0,down,[48.41756943 10.66970557],68733.81979947699,6955.568449677676
65833,9,7,71,129,2019,7,5,7,3,8,7,1,0,1,0,0,0,658933.6975108273,5356893.854452049,11.145013902000072,48.34521431700006,"(48.34521431700006, 11.145013902000072)","{'place_id': 169057293, 'licence': 'Data © OpenStreetMap contributors, ODbL 1.0. https://osm.org/copyright', 'osm_type': 'way', 'osm_id': 280690992, 'lat': '48.345202397611644', 'lon': '11.145008447181935', 'display_name': 'A 8, Holzschuster, Burgadelzhausen, Adelzhausen, Dasing, Landkreis Aichach-Friedberg, Bayern, 86559, Deutschland', 'address': {'road': 'A 8', 'hamlet': 'Holzschuster', 'village': 'Burgadelzhausen', 'municipality': 'Dasing', 'county': 'Landkreis Aichach-Friedberg', 'state': 'Bayern', 'postcode': '86559', 'country': 'Deutschland', 'country_code': 'de'}, 'boundingbox': ['48.3451351', '48.3478008', '11.1397371', '11.1451555']}","A 8, Holzschuster, Burgadelzhausen, Adelzhausen, Dasing, Landkreis Aichach-Friedberg, Bayern, 86559, Deutschland",A 8,0,1,0,up,[48.34552135 11.14431212],44718.875313937184,44718.875313937184
65878,9,7,72,111,2019,7,13,6,3,9,1,0,0,1,0,0,0,627621.6098399675,5364060.143553257,10.724816757000042,48.41676029200005,"(48.41676029200005, 10.724816757000042)","{'place_id': 119052162, 'licence': 'Data © OpenStreetMap contributors, ODbL 1.0. https://osm.org/copyright', 'osm_type': 'way', 'osm_id': 74214713, 'lat': '48.41607415', 'lon': '10.724009222856855', 'display_name': 'Maria, Schutz der Reisenden, A 8, Adelsried, Landkreis Augsburg, Bayern, 86477, Deutschland', 'address': {'amenity': 'Maria, Schutz der Reisenden', 'road': 'A 8', 'village': 'Adelsried', 'county': 'Landkreis Augsburg', 'state': 'Bayern', 'postcode': '86477', 'country': 'Deutschland', 'country_code': 'de'}, 'boundingbox': ['48.4159653', '48.4161752', '10.7238683', '10.7241455']}","Maria, Schutz der Reisenden, A 8, Adelsried, Landkreis Augsburg, Bayern, 86477, Deutschland",A 8,0,1,0,up,[48.41672331 10.72564605],11094.099414638133,11094.099414638133
66080,9,7,61,0,2019,7,22,5,3,2,7,2,0,1,0,0,0,641944.4459494649,5363760.810542345,10.918182624000051,48.41100520600003,"(48.41100520600003, 10.918182624000051)","{'place_id': 108127770, 'licence': 'Data © OpenStreetMap contributors, ODbL 1.0. https://osm.org/copyright', 'osm_type': 'way', 'osm_id': 27126888, 'lat': '48.41027198404599', 'lon': '10.918060954555072', 'display_name': 'A 8, Hammerschmiede, Augsburg, Bayern, 86169, Deutschland', 'address': {'road': 'A 8', 'suburb': 'Hammerschmiede', 'city': 'Augsburg', 'state': 'Bayern', 'postcode': '86169', 'country': 'Deutschland', 'country_code': 'de'}, 'boundingbox': ['48.4088208', '48.4104754', '10.9168351', '10.9268308']}","A 8, Hammerschmiede, Augsburg, Bayern, 86169, Deutschland",A 8,0,0,0,down,[48.41019125 10.91854548],50221.32104902274,25450.95525467718
66321,9,7,72,111,2019,7,6,7,3,3,6,0,0,1,0,0,0,628221.725023631,5364072.348107258,10.732927244000052,48.41674820300005,"(48.41674820300005, 10.732927244000052)","{'place_id': 179548866, 'licence': 'Data © OpenStreetMap contributors, ODbL 1.0. https://osm.org/copyright', 'osm_type': 'way', 'osm_id': 327667397, 'lat': '48.416737059975354', 'lon': '10.732927582522269', 'display_name': 'A 8, Adelsried, Landkreis Augsburg, Bayern, 86477, Deutschland', 'address': {'road': 'A 8', 'village': 'Adelsried', 'county': 'Landkreis Augsburg', 'state': 'Bayern', 'postcode': '86477', 'country': 'Deutschland', 'country_code': 'de'}, 'boundingbox': ['48.4166728', '48.4168325', '10.7264738', '10.7355252']}","A 8, Adelsried, Landkreis Augsburg, Bayern, 86477, Deutschland",A 8,0,0,0,up,[48.41670599 10.73190299],11693.223194790111,11693.223194790111
66505,9,7,61,0,2019,7,17,6,3,2,6,0,0,1,0,0,0,641464.4967718143,5363783.311706992,10.911708125000075,48.411315441000056,"(48.411315441000056, 10.911708125000075)","{'place_id': 163393479, 'licence': 'Data © OpenStreetMap contributors, ODbL 1.0. https://osm.org/copyright', 'osm_type': 'way', 'osm_id': 251505088, 'lat': '48.411323290797505', 'lon': '10.911709395076464', 'display_name': 'A 8, Hammerschmiede, Augsburg, Bayern, 86169, Deutschland', 'address': {'road': 'A 8', 'suburb': 'Hammerschmiede', 'city': 'Augsburg', 'state': 'Bayern', 'postcode': '86169', 'country': 'Deutschland', 'country_code': 'de'}, 'boundingbox': ['48.4106727', '48.41233', '10.9056057', '10.9156465']}","A 8, Hammerschmiede, Augsburg, Bayern, 86169, Deutschland",A 8,0,0,0,down,[48.41141505 10.91114112],50693.451148795786,24978.73144342109
66700,9,7,71,130,2019,7,21,5,3,3,6,2,0,1,0,0,1,644585.60078956,5363089.263201993,10.953621414000054,48.40436673000005,"(48.40436673000005, 10.953621414000054)","{'place_id': 163970957, 'licence': 'Data © OpenStreetMap contributors, ODbL 1.0. https://osm.org/copyright', 'osm_type': 'way', 'osm_id': 251505064, 'lat': '48.404372109879276', 'lon': '10.953622315556988', 'display_name': 'A 8, Derching, Friedberg, Landkreis Aichach-Friedberg, Bayern, 86316, Deutschland', 'address': {'road': 'A 8', 'village': 'Derching', 'town': 'Friedberg', 'county': 'Landkreis Aichach-Friedberg', 'state': 'Bayern', 'postcode': '86316', 'country': 'Deutschland', 'country_code': 'de'}, 'boundingbox': ['48.4043637', '48.4047921', '10.9511161', '10.9536725']}","A 8, Derching, Friedberg, Landkreis Aichach-Friedberg, Bayern, 86316, Deutschland",A 8,0,0,0,down,[48.40423324 10.95451281],47503.69346040002,28168.614211449567
66703,9,7,72,147,2019,7,17,5,3,8,1,0,0,1,0,0,0,629376.4852224821,5364180.587744874,10.748559783000076,48.41748548000004,"(48.41748548000004, 10.748559783000076)","{'place_id': 173525292, 'licence': 'Data © OpenStreetMap contributors, ODbL 1.0. https://osm.org/copyright', 'osm_type': 'way', 'osm_id': 299305749, 'lat': '48.41748679652399', 'lon': '10.748559732516895', 'display_name': 'A 8, Gersthofen, Landkreis Augsburg, Bayern, 86368, Deutschland', 'address': {'road': 'A 8', 'town': 'Gersthofen', 'county': 'Landkreis Augsburg', 'state': 'Bayern', 'postcode': '86368', 'country': 'Deutschland', 'country_code': 'de'}, 'boundingbox': ['48.4171819', '48.4177718', '10.7406659', '10.7555223']}","A 8, Gersthofen, Landkreis Augsburg, Bayern, 86368, Deutschland",A 8,0,0,1,down,[48.41759683 10.75093629],62827.85338956136,12850.133499842088
66872,9,1,74,113,2019,7,17,4,3,2,6,0,0,1,0,0,0,674446.4213458849,5344867.57828933,11.349236444000042,48.23301531600004,"(48.23301531600004, 11.349236444000042)","{'place_id': 179498925, 'licence': 'Data © OpenStreetMap contributors, ODbL 1.0. https://osm.org/copyright', 'osm_type': 'way', 'osm_id': 327462611, 'lat': '48.2330182803965', 'lon': '11.349238184941193', 'display_name': 'A 8, Bergkirchen, Landkreis Dachau, Bayern, 85232, Deutschland', 'address': {'road': 'A 8', 'village': 'Bergkirchen', 'county': 'Landkreis Dachau', 'state': 'Bayern', 'postcode': '85232', 'country': 'Deutschland', 'country_code': 'de'}, 'boundingbox': ['48.2313202', '48.2337741', '11.3479475', '11.3521296']}","A 8, Bergkirchen, Landkreis Dachau, Bayern, 85232, Deutschland",A 8,0,0,0,down,[48.23403612 11.34750017],11120.646001872152,64546.73919057124
67033,9,7,72,223,2019,7,17,6,3,8,7,0,0,1,0,0,0,618856.0788034843,5363108.298160242,10.60613040800007,48.40991488200007,"(48.40991488200007, 10.60613040800007)","{'place_id': 174879336, 'licence': 'Data © OpenStreetMap contributors, ODbL 1.0. https://osm.org/copyright', 'osm_type': 'way', 'osm_id': 304768088, 'lat': '48.409934459608806', 'lon': '10.60613083664291', 'display_name': 'A 8, Wollbach, Zusmarshausen, Landkreis Augsburg, Bayern, 86441, Deutschland', 'address': {'road': 'A 8', 'village': 'Wollbach', 'county': 'Landkreis Augsburg', 'state': 'Bayern', 'postcode': '86441', 'country': 'Deutschland', 'country_code': 'de'}, 'boundingbox': ['48.4098941', '48.4100096', '10.601268', '10.6079742']}","A 8, Wollbach, Zusmarshausen, Landkreis Augsburg, Bayern, 86441, Deutschland",A 8,0,0,0,down,[48.40991746 10.60690761],73617.63567753122,2062.363305785527
67036,9,7,71,122,2019,7,21,6,3,8,1,2,0,0,0,0,0,656446.3350853454,5359278.161300756,11.112354001000028,48.36727136500008,"(48.36727136500008, 11.112354001000028)","{'place_id': 112409051, 'licence': 'Data © OpenStreetMap contributors, ODbL 1.0. https://osm.org/copyright', 'osm_type': 'way', 'osm_id': 42400874, 'lat': '48.36728579356677', 'lon': '11.112357489445715', 'display_name': 'A 8, Burgadelzhausen, Adelzhausen, Dasing, Landkreis Aichach-Friedberg, Bayern, 86453, Deutschland', 'address': {'road': 'A 8', 'village': 'Burgadelzhausen', 'municipality': 'Dasing', 'county': 'Landkreis Aichach-Friedberg', 'state': 'Bayern', 'postcode': '86453', 'country': 'Deutschland', 'country_code': 'de'}, 'boundingbox': ['48.3561686', '48.3880438', '11.0753176', '11.1309595']}","A 8, Burgadelzhausen, Adelzhausen, Dasing, Landkreis Aichach-Friedberg, Bayern, 86453, Deutschland",A 8,0,1,1,down,[48.36748349 11.11153879],34475.608588225485,41197.813643705216
67038,9,7,61,0,2019,7,14,6,3,2,6,0,0,1,0,0,0,641735.2279204456,5363745.2550801,10.915351723000072,48.41091242600004,"(48.41091242600004, 10.915351723000072)","{'place_id': 163393479, 'licence': 'Data © OpenStreetMap contributors, ODbL 1.0. https://osm.org/copyright', 'osm_type': 'way', 'osm_id': 251505088, 'lat': '48.4107256189813', 'lon': '10.915321322279116', 'display_name': 'A 8, Hammerschmiede, Augsburg, Bayern, 86169, Deutschland', 'address': {'road': 'A 8', 'suburb': 'Hammerschmiede', 'city': 'Augsburg', 'state': 'Bayern', 'postcode': '86169', 'country': 'Deutschland', 'country_code': 'de'}, 'boundingbox': ['48.4106727', '48.41233', '10.9056057', '10.9156465']}","A 8, Hammerschmiede, Augsburg, Bayern, 86169, Deutschland",A 8,0,0,0,down,[48.41073746 10.91524872],50421.47207077196,25250.992064980164
67328,9,1,62,0,2019,7,2,2,3,2,7,2,0,1,0,0,1,679637.5736568505,5340406.193716468,11.417191720000062,48.19146359600006,"(48.19146359600006, 11.417191720000062)","{'place_id': 169320367, 'licence': 'Data © OpenStreetMap contributors, ODbL 1.0. https://osm.org/copyright', 'osm_type': 'way', 'osm_id': 280273997, 'lat': '48.19146049319045', 'lon': '11.417189671182467', 'display_name': 'A 8, Langwied, Lochhausen, Aubing-Lochhausen-Langwied, München, Bayern, 81249, Deutschland', 'address': {'road': 'A 8', 'suburb': 'Langwied', 'city_district': 'Aubing-Lochhausen-Langwied', 'city': 'München', 'state': 'Bayern', 'postcode': '81249', 'country': 'Deutschland', 'country_code': 'de'}, 'boundingbox': ['48.1842335', '48.1942191', '11.4130426', '11.4281574']}","A 8, Langwied, Lochhausen, Aubing-Lochhausen-Langwied, München, Bayern, 81249, Deutschland",A 8,0,0,0,down,[48.19024182 11.41903491],4282.556720652337,71384.24086768877
67331,9,1,74,135,2019,7,11,2,3,3,6,0,0,1,0,0,1,664437.2432160592,5352145.216525421,11.217382388000033,48.30111580400006,"(48.30111580400006, 11.217382388000033)","{'place_id': 207325858, 'licence': 'Data © OpenStreetMap contributors, ODbL 1.0. https://osm.org/copyright', 'osm_type': 'way', 'osm_id': 477921133, 'lat': '48.30113842942704', 'lon': '11.217396432511533', 'display_name': 'A 8, Lukka, Taxa, Odelzhausen, Landkreis Dachau, Bayern, 85259, Deutschland', 'address': {'road': 'A 8', 'hamlet': 'Lukka', 'village': 'Taxa', 'county': 'Landkreis Dachau', 'state': 'Bayern', 'postcode': '85259', 'country': 'Deutschland', 'country_code': 'de'}, 'boundingbox': ['48.295503', '48.306587', '11.2092555', '11.2299598']}","A 8, Lukka, Taxa, Odelzhausen, Landkreis Dachau, Bayern, 85259, Deutschland",A 8,0,0,1,down,[48.30174721 11.2164158 ],23636.319225033458,52030.77073923914
67507,9,7,72,223,2019,7,7,1,3,9,1,0,0,1,0,0,0,624978.3485091338,5364301.110322559,10.689180989000022,48.41945706100007,"(48.41945706100007, 10.689180989000022)","{'place_id': 179285986, 'licence': 'Data © OpenStreetMap contributors, ODbL 1.0. https://osm.org/copyright', 'osm_type': 'way', 'osm_id': 327667395, 'lat': '48.41949343912004', 'lon': '10.689184964301019', 'display_name': 'A 8, Adelsried, Landkreis Augsburg, Bayern, 86477, Deutschland', 'address': {'road': 'A 8', 'village': 'Adelsried', 'county': 'Landkreis Augsburg', 'state': 'Bayern', 'postcode': '86477', 'country': 'Deutschland', 'country_code': 'de'}, 'boundingbox': ['48.4173813', '48.4201097', '10.6826043', '10.717102']}","A 8, Adelsried, Landkreis Augsburg, Bayern, 86477, Deutschland",A 8,0,0,0,down,[48.41944513 10.68962713],67229.16618243873,8444.985387696424
67576,9,1,74,113,2019,7,10,1,3,0,7,0,0,1,0,0,0,672988.6749455268,5345924.35852788,11.330053747000022,48.24291439800004,"(48.24291439800004, 11.330053747000022)","{'place_id': 179804010, 'licence': 'Data © OpenStreetMap contributors, ODbL 1.0. https://osm.org/copyright', 'osm_type': 'way', 'osm_id': 327464677, 'lat': '48.2428844321925', 'lon': '11.330039130472546', 'display_name': 'A 8, Palsweis, Bergkirchen, Landkreis Dachau, Bayern, 85232, Deutschland', 'address': {'road': 'A 8', 'village': 'Palsweis', 'county': 'Landkreis Dachau', 'state': 'Bayern', 'postcode': '85232', 'country': 'Deutschland', 'country_code': 'de'}, 'boundingbox': ['48.2375667', '48.2544385', '11.3063647', '11.3408042']}","A 8, Palsweis, Bergkirchen, Landkreis Dachau, Bayern, 85232, Deutschland",A 8,0,0,0,up,[48.24426675 11.32720508],62749.07564572225,62749.07564572225
67908,9,7,72,147,2019,7,16,3,3,2,6,0,0,1,0,0,0,629715.7806296172,5364194.293269908,10.75314746500004,48.41753896300003,"(48.41753896300003, 10.75314746500004)","{'place_id': 172400300, 'licence': 'Data © OpenStreetMap contributors, ODbL 1.0. https://osm.org/copyright', 'osm_type': 'way', 'osm_id': 295617776, 'lat': '48.41752271832257', 'lon': '10.75314810710724', 'display_name': 'A 8, Rettenbergen, Gersthofen, Landkreis Augsburg, Bayern, 86368, Deutschland', 'address': {'road': 'A 8', 'village': 'Rettenbergen', 'town': 'Gersthofen', 'county': 'Landkreis Augsburg', 'state': 'Bayern', 'postcode': '86368', 'country': 'Deutschland', 'country_code': 'de'}, 'boundingbox': ['48.417199', '48.418131', '10.7449092', '10.7667927']}","A 8, Rettenbergen, Gersthofen, Landkreis Augsburg, Bayern, 86368, Deutschland",A 8,0,0,0,up,[48.4174399  10.75091213],13188.527139280402,13188.527139280402
67909,9,7,72,147,2019,7,16,3,3,2,6,0,0,1,0,0,0,630373.958567515,5364248.576120392,10.762055444000056,48.41789124300004,"(48.41789124300004, 10.762055444000056)","{'place_id': 172400300, 'licence': 'Data © OpenStreetMap contributors, ODbL 1.0. https://osm.org/copyright', 'osm_type': 'way', 'osm_id': 295617776, 'lat': '48.417881957307976', 'lon': '10.762055838473222', 'display_name': 'A 8, Rettenbergen, Gersthofen, Landkreis Augsburg, Bayern, 86368, Deutschland', 'address': {'road': 'A 8', 'village': 'Rettenbergen', 'town': 'Gersthofen', 'county': 'Landkreis Augsburg', 'state': 'Bayern', 'postcode': '86368', 'country': 'Deutschland', 'country_code': 'de'}, 'boundingbox': ['48.417199', '48.418131', '10.7449092', '10.7667927']}","A 8, Rettenbergen, Gersthofen, Landkreis Augsburg, Bayern, 86368, Deutschland",A 8,0,0,0,up,[48.41792528 10.76307964],13847.29713767796,13847.29713767796
67910,9,7,72,147,2019,7,16,3,3,2,6,0,0,1,0,0,0,629118.449018361,5364145.261185601,10.745063160000027,48.41722074200004,"(48.41722074200004, 10.745063160000027)","{'place_id': 172400300, 'licence': 'Data © OpenStreetMap contributors, ODbL 1.0. https://osm.org/copyright', 'osm_type': 'way', 'osm_id': 295617776, 'lat': '48.41720516242662', 'lon': '10.745063781084902', 'display_name': 'A 8, Rettenbergen, Gersthofen, Landkreis Augsburg, Bayern, 86368, Deutschland', 'address': {'road': 'A 8', 'village': 'Rettenbergen', 'town': 'Gersthofen', 'county': 'Landkreis Augsburg', 'state': 'Bayern', 'postcode': '86368', 'country': 'Deutschland', 'country_code': 'de'}, 'boundingbox': ['48.417199', '48.418131', '10.7449092', '10.7667927']}","A 8, Rettenbergen, Gersthofen, Landkreis Augsburg, Bayern, 86368, Deutschland",A 8,0,0,0,up,[48.41709852 10.74205654],12590.683133669043,12590.683133669043
68302,9,7,72,223,2019,8,1,5,3,8,7,2,0,1,0,0,1,617582.4134398755,5363036.9472250175,10.588905993000026,48.409512138000025,"(48.409512138000025, 10.588905993000026)","{'place_id': 171014878, 'licence': 'Data © OpenStreetMap contributors, ODbL 1.0. https://osm.org/copyright', 'osm_type': 'way', 'osm_id': 289187283, 'lat': '48.409489114206124', 'lon': '10.588908343075818', 'display_name': 'A 8, Friedensdorf, Wollbach, Zusmarshausen, Landkreis Augsburg, Bayern, 86441, Deutschland', 'address': {'road': 'A 8', 'hamlet': 'Friedensdorf', 'village': 'Wollbach', 'county': 'Landkreis Augsburg', 'state': 'Bayern', 'postcode': '86441', 'country': 'Deutschland', 'country_code': 'de'}, 'boundingbox': ['48.407249', '48.4098', '10.575949', '10.5924484']}","A 8, Friedensdorf, Wollbach, Zusmarshausen, Landkreis Augsburg, Bayern, 86441, Deutschland",A 8,0,0,0,down,[48.40987865 10.59756877],74369.30715799487,1388.8949951055865
68418,9,7,72,111,2019,8,13,6,2,3,6,0,0,1,0,0,1,625972.0391977606,5364192.846611716,10.702572837000048,48.41828559100002,"(48.41828559100002, 10.702572837000048)","{'place_id': 172330239, 'licence': 'Data © OpenStreetMap contributors, ODbL 1.0. https://osm.org/copyright', 'osm_type': 'way', 'osm_id': 295617761, 'lat': '48.418245152758296', 'lon': '10.702569577375376', 'display_name': 'A 8, Adelsried, Landkreis Augsburg, Bayern, 86477, Deutschland', 'address': {'road': 'A 8', 'village': 'Adelsried', 'county': 'Landkreis Augsburg', 'state': 'Bayern', 'postcode': '86477', 'country': 'Deutschland', 'country_code': 'de'}, 'boundingbox': ['48.4170752', '48.4187014', '10.6962877', '10.7191709']}","A 8, Adelsried, Landkreis Augsburg, Bayern, 86477, Deutschland",A 8,0,0,0,up,[48.41831831 10.70166749],9442.960486329024,9442.960486329024
68420,9,7,72,223,2019,8,15,6,3,2,6,0,0,1,0,0,0,618658.0247015832,5363094.705390248,10.603451303000044,48.40982996300005,"(48.40982996300005, 10.603451303000044)","{'place_id': 179996451, 'licence': 'Data © OpenStreetMap contributors, ODbL 1.0. https://osm.org/copyright', 'osm_type': 'way', 'osm_id': 327667396, 'lat': '48.40984629771793', 'lon': '10.603451505871146', 'display_name': 'A 8, Wollbach, Zusmarshausen, Landkreis Augsburg, Bayern, 86441, Deutschland', 'address': {'road': 'A 8', 'village': 'Wollbach', 'county': 'Landkreis Augsburg', 'state': 'Bayern', 'postcode': '86441', 'country': 'Deutschland', 'country_code': 'de'}, 'boundingbox': ['48.4097528', '48.4098719', '10.6009573', '10.6099358']}","A 8, Wollbach, Zusmarshausen, Landkreis Augsburg, Bayern, 86441, Deutschland",A 8,0,0,0,up,[48.40986052 10.60234022],1865.0008365494018,1865.0008365494018
68552,9,1,74,113,2019,8,20,4,3,9,1,1,0,1,0,0,0,670792.9669453865,5347491.687218789,11.30113617400002,48.25759926900008,"(48.25759926900008, 11.30113617400002)","{'place_id': 163653495, 'licence': 'Data © OpenStreetMap contributors, ODbL 1.0. https://osm.org/copyright', 'osm_type': 'way', 'osm_id': 251505089, 'lat': '48.257573148863024', 'lon': '11.301116945587253', 'display_name': 'A 8, Palsweis, Bergkirchen, Landkreis Dachau, Bayern, 85232, Deutschland', 'address': {'road': 'A 8', 'village': 'Palsweis', 'county': 'Landkreis Dachau', 'state': 'Bayern', 'postcode': '85232', 'country': 'Deutschland', 'country_code': 'de'}, 'boundingbox': ['48.2563245', '48.2581997', '11.3003286', '11.3029315']}","A 8, Palsweis, Bergkirchen, Landkreis Dachau, Bayern, 85232, Deutschland",A 8,0,1,0,up,[48.25811817 11.3004183 ],60051.41906784831,60051.41906784831
68685,9,7,72,223,2019,8,15,4,1,8,6,0,0,1,0,0,1,622372.8112306576,5363454.229390014,10.653733448000024,48.412352732000045,"(48.412352732000045, 10.653733448000024)","{'place_id': 190313543, 'licence': 'Data © OpenStreetMap contributors, ODbL 1.0. https://osm.org/copyright', 'osm_type': 'way', 'osm_id': 383249715, 'lat': '48.41237161911402', 'lon': '10.65373065516705', 'display_name': 'A 8, Zusmarshausen, Landkreis Augsburg, Bayern, 86441, Deutschland', 'address': {'road': 'A 8', 'village': 'Zusmarshausen', 'county': 'Landkreis Augsburg', 'state': 'Bayern', 'postcode': '86441', 'country': 'Deutschland', 'country_code': 'de'}, 'boundingbox': ['48.4120489', '48.4124994', '10.6515482', '10.6545948']}","A 8, Zusmarshausen, Landkreis Augsburg, Bayern, 86441, Deutschland",A 8,0,0,0,down,[48.41217714 10.65241563],70060.17526934775,5622.84986549423
68715,9,7,71,130,2019,8,18,5,3,3,6,0,0,1,0,0,0,648630.8285408514,5362709.358001064,11.008111032000045,48.400010208000026,"(48.400010208000026, 11.008111032000045)","{'place_id': 179625445, 'licence': 'Data © OpenStreetMap contributors, ODbL 1.0. https://osm.org/copyright', 'osm_type': 'way', 'osm_id': 327495113, 'lat': '48.399990534272824', 'lon': '11.00810970756389', 'display_name': 'A 8, Sophienhof, Bitzenhofen, Dasing, Landkreis Aichach-Friedberg, Bayern, 86453, Deutschland', 'address': {'road': 'A 8', 'hamlet': 'Sophienhof', 'village': 'Bitzenhofen', 'municipality': 'Dasing', 'county': 'Landkreis Aichach-Friedberg', 'state': 'Bayern', 'postcode': '86453', 'country': 'Deutschland', 'country_code': 'de'}, 'boundingbox': ['48.3959071', '48.4010591', '10.9924061', '11.0555759']}","A 8, Sophienhof, Bitzenhofen, Dasing, Landkreis Aichach-Friedberg, Bayern, 86453, Deutschland",A 8,0,0,1,up,[48.40005658 11.007126  ],32240.76682344316,32240.76682344316
68877,9,7,72,111,2019,8,14,2,3,3,6,0,0,1,0,0,1,626369.4622510467,5364173.146046553,10.707935786000064,48.41802884700007,"(48.41802884700007, 10.707935786000064)","{'place_id': 179285986, 'licence': 'Data © OpenStreetMap contributors, ODbL 1.0. https://osm.org/copyright', 'osm_type': 'way', 'osm_id': 327667395, 'lat': '48.4180614545761', 'lon': '10.707937939955738', 'display_name': 'A 8, Adelsried, Landkreis Augsburg, Bayern, 86477, Deutschland', 'address': {'road': 'A 8', 'village': 'Adelsried', 'county': 'Landkreis Augsburg', 'state': 'Bayern', 'postcode': '86477', 'country': 'Deutschland', 'country_code': 'de'}, 'boundingbox': ['48.4173813', '48.4201097', '10.6826043', '10.717102']}","A 8, Adelsried, Landkreis Augsburg, Bayern, 86477, Deutschland",A 8,0,1,0,down,[48.41812245 10.70701433],65835.63399643969,9839.84077351138