OBJECTID,ULAND,UREGBEZ,UKREIS,UGEMEINDE,UJAHR,UMONAT,USTUNDE,UWOCHENTAG,UKATEGORIE,UART,UTYP1,ULICHTVERH,IstRad,IstPKW,IstFuss,IstKrad,IstGkfz,LINREFX,LINREFY,XGCSWGS84,YGCSWGS84,coord,location_dict,address,road,UIDENTSTLAE,STRZUSTAND,IstSonstige,lane,coord_interp,dist_interp,dist_interp_up
69062,9,7,71,130,2019,8,9,1,3,8,1,0,0,1,0,0,0,644766.5297264289,5363048.893531369,10.956050697000023,48.40396223000005,"(48.40396223000005, 10.956050697000023)","{'place_id': 169045335, 'licence': 'Data © OpenStreetMap contributors, ODbL 1.0. https://osm.org/copyright', 'osm_type': 'way', 'osm_id': 280694758, 'lat': '48.40397013581741', 'lon': '10.956052043281947', 'display_name': 'A 8, Derching, Friedberg, Landkreis Aichach-Friedberg, Bayern, 86316, Deutschland', 'address': {'road': 'A 8', 'village': 'Derching', 'town': 'Friedberg', 'county': 'Landkreis Aichach-Friedberg', 'state': 'Bayern', 'postcode': '86316', 'country': 'Deutschland', 'country_code': 'de'}, 'boundingbox': ['48.4039031', '48.4043637', '10.9536725', '10.9564457']}","A 8, Derching, Friedberg, Landkreis Aichach-Friedberg, Bayern, 86316, Deutschland",A 8,0,0,0,down,[48.40417412 10.95485535],47318.735865136674,28353.66438419327
69767,9,1,74,146,2019,8,15,6,3,2,6,0,0,1,0,0,0,667502.8680916568,5350594.678873304,11.258073267000045,48.28637271300005,"(48.28637271300005, 11.258073267000045)","{'place_id': 169604271, 'licence': 'Data © OpenStreetMap contributors, ODbL 1.0. https://osm.org/copyright', 'osm_type': 'way', 'osm_id': 280422003, 'lat': '48.28637244746067', 'lon': '11.258073151300213', 'display_name': 'A 8, Ziegelstadel, Sulzemoos, Landkreis Dachau, Bayern, 85254, Deutschland', 'address': {'road': 'A 8', 'hamlet': 'Ziegelstadel', 'village': 'Sulzemoos', 'county': 'Landkreis Dachau', 'state': 'Bayern', 'postcode': '85254', 'country': 'Deutschland', 'country_code': 'de'}, 'boundingbox': ['48.283379', '48.2871764', '11.2561764', '11.264606']}","A 8, Ziegelstadel, Sulzemoos, Landkreis Dachau, Bayern, 85254, Deutschland",A 8,0,0,0,down,[48.28629468 11.25825112],20193.90429106871,55475.893634401844
69816,9,1,74,135,2019,8,14,2,3,2,6,0,0,1,0,0,1,661308.0487232581,5354716.104579221,11.176201217000028,48.325034165000034,"(48.325034165000034, 11.176201217000028)","{'place_id': 101890269, 'licence': 'Data © OpenStreetMap contributors, ODbL 1.0. https://osm.org/copyright', 'osm_type': 'way', 'osm_id': 14778570, 'lat': '48.32511080999178', 'lon': '11.17623698760873', 'display_name': 'A 8, Eurasburg, Dasing, Landkreis Aichach-Friedberg, Bayern, 85235, Deutschland', 'address': {'road': 'A 8', 'village': 'Eurasburg', 'municipality': 'Dasing', 'county': 'Landkreis Aichach-Friedberg', 'state': 'Bayern', 'postcode': '85235', 'country': 'Deutschland', 'country_code': 'de'}, 'boundingbox': ['48.3167717', '48.3399562', '11.1559195', '11.1937689']}","A 8, Eurasburg, Dasing, Landkreis Aichach-Friedberg, Bayern, 85235, Deutschland",A 8,0,0,0,down,[48.32567032 11.1750378 ],27695.643159686984,47974.46003227081
69871,9,7,61,0,2019,8,21,1,3,3,1,2,0,1,0,0,0,642485.9352464108,5363556.641071556,10.925426481000043,48.40904723500007,"(48.40904723500007, 10.925426481000043)","{'place_id': 108127770, 'licence': 'Data © OpenStreetMap contributors, ODbL 1.0. https://osm.org/copyright', 'osm_type': 'way', 'osm_id': 27126888, 'lat': '48.409054396461435', 'lon': '10.925427667153537', 'display_name': 'A 8, Hammerschmiede, Augsburg, Bayern, 86169, Deutschland', 'address': {'road': 'A 8', 'suburb': 'Hammerschmiede', 'city': 'Augsburg', 'state': 'Bayern', 'postcode': '86169', 'country': 'Deutschland', 'country_code': 'de'}, 'boundingbox': ['48.4088208', '48.4104754', '10.9168351', '10.9268308']}","A 8, Hammerschmiede, Augsburg, Bayern, 86169, Deutschland",A 8,0,0,0,down,[48.40873687 10.92733692],49649.64790393761,26022.93247840695
69955,9,1,74,146,2019,9,9,3,3,3,6,0,0,1,0,0,1,668628.3688455243,5349843.088687606,11.27293362200004,48.27931736000005,"(48.27931736000005, 11.27293362200004)","{'place_id': 163721277, 'licence': 'Data © OpenStreetMap contributors, ODbL 1.0. https://osm.org/copyright', 'osm_type': 'way', 'osm_id': 251505061, 'lat': '48.279298431726616', 'lon': '11.27292479423804', 'display_name': 'A 8, Haidhof, Einsbach, Sulzemoos, Landkreis Dachau, Bayern, 85254, Deutschland', 'address': {'road': 'A 8', 'hamlet': 'Haidhof', 'village': 'Einsbach', 'county': 'Landkreis Dachau', 'state': 'Bayern', 'postcode': '85254', 'country': 'Deutschland', 'country_code': 'de'}, 'boundingbox': ['48.2787606', '48.2797573', '11.2719409', '11.274078']}","A 8, Haidhof, Einsbach, Sulzemoos, Landkreis Dachau, Bayern, 85254, Deutschland",A 8,0,0,0,up,[48.27921607 11.27310162],56826.54452505471,56826.54452505471
70154,9,7,72,223,2019,9,21,1,3,9,1,2,0,1,0,0,0,622212.6375570744,5363400.93488404,10.651554289000046,48.41190454900004,"(48.41190454900004, 10.651554289000046)","{'place_id': 158833556, 'licence': 'Data © OpenStreetMap contributors, ODbL 1.0. https://osm.org/copyright', 'osm_type': 'way', 'osm_id': 231885720, 'lat': '48.411896020370406', 'lon': '10.65155551870842', 'display_name': 'A 8, Zusmarshausen, Landkreis Augsburg, Bayern, 86441, Deutschland', 'address': {'road': 'A 8', 'village': 'Zusmarshausen', 'county': 'Landkreis Augsburg', 'state': 'Bayern', 'postcode': '86441', 'country': 'Deutschland', 'country_code': 'de'}, 'boundingbox': ['48.410977', '48.4132166', '10.6452292', '10.6594208']}","A 8, Zusmarshausen, Landkreis Augsburg, Bayern, 86441, Deutschland",A 8,0,1,0,up,[48.41170978 10.65028893],5455.052997689435,5455.052997689435
70294,9,7,72,147,2019,8,11,4,3,2,2,0,0,1,0,1,0,636031.0600000005,5364288.320000001,10.838486186000068,48.417052667000064,"(48.417052667000064, 10.838486186000068)","{'place_id': 163865903, 'licence': 'Data © OpenStreetMap contributors, ODbL 1.0. https://osm.org/copyright', 'osm_type': 'way', 'osm_id': 253368217, 'lat': '48.41706968648399', 'lon': '10.83848739867651', 'display_name': 'A 8, Hirblingen, Gersthofen, Landkreis Augsburg, Bayern, 86368, Deutschland', 'address': {'road': 'A 8', 'village': 'Hirblingen', 'town': 'Gersthofen', 'county': 'Landkreis Augsburg', 'state': 'Bayern', 'postcode': '86368', 'country': 'Deutschland', 'country_code': 'de'}, 'boundingbox': ['48.4170613', '48.4172316', '10.836215', '10.8386051']}","A 8, Hirblingen, Gersthofen, Landkreis Augsburg, Bayern, 86368, Deutschland",A 8,0,0,0,up,[48.41722369 10.83633111],19524.97075146346,19524.97075146346
70726,9,1,79,142,2019,9,15,5,3,2,6,0,0,1,0,0,0,677158.9649680004,5342620.023572894,11.384793952000052,48.212060071000046,"(48.212060071000046, 11.384793952000052)","{'place_id': 115264999, 'licence': 'Data © OpenStreetMap contributors, ODbL 1.0. https://osm.org/copyright', 'osm_type': 'way', 'osm_id': 55706469, 'lat': '48.21206912967818', 'lon': '11.38479925971996', 'display_name': 'A 8, Graßlfing, Olching, Landkreis Fürstenfeldbruck, Bayern, 82140, Deutschland', 'address': {'road': 'A 8', 'suburb': 'Graßlfing', 'town': 'Olching', 'county': 'Landkreis Fürstenfeldbruck', 'state': 'Bayern', 'postcode': '82140', 'country': 'Deutschland', 'country_code': 'de'}, 'boundingbox': ['48.2116422', '48.230365', '11.3537489', '11.3855279']}","A 8, Graßlfing, Olching, Landkreis Fürstenfeldbruck, Bayern, 82140, Deutschland",A 8,0,1,0,down,[48.21052566 11.38736514],7602.749011918018,68064.6031132466
70789,9,7,71,130,2019,9,17,4,3,3,6,0,0,1,0,0,1,647576.35837794,5362789.359377909,10.993901498000072,48.40097721100005,"(48.40097721100005, 10.993901498000072)","{'place_id': 179625445, 'licence': 'Data © OpenStreetMap contributors, ODbL 1.0. https://osm.org/copyright', 'osm_type': 'way', 'osm_id': 327495113, 'lat': '48.40095689473088', 'lon': '10.993900108161707', 'display_name': 'A 8, Sophienhof, Bitzenhofen, Dasing, Landkreis Aichach-Friedberg, Bayern, 86453, Deutschland', 'address': {'road': 'A 8', 'hamlet': 'Sophienhof', 'village': 'Bitzenhofen', 'municipality': 'Dasing', 'county': 'Landkreis Aichach-Friedberg', 'state': 'Bayern', 'postcode': '86453', 'country': 'Deutschland', 'country_code': 'de'}, 'boundingbox': ['48.3959071', '48.4010591', '10.9924061', '11.0555759']}","A 8, Sophienhof, Bitzenhofen, Dasing, Landkreis Aichach-Friedberg, Bayern, 86453, Deutschland",A 8,0,0,0,up,[48.4008451  10.99553266],31185.939689010855,31185.939689010855
70874,9,1,74,135,2019,9,2,1,3,9,1,2,0,1,0,0,0,661929.1172314305,5354296.251618199,11.184412462000068,48.32110084800007,"(48.32110084800007, 11.184412462000068)","{'place_id': 170077890, 'licence': 'Data © OpenStreetMap contributors, ODbL 1.0. https://osm.org/copyright', 'osm_type': 'way', 'osm_id': 280688897, 'lat': '48.32106842802136', 'lon': '11.184397656221472', 'display_name': 'A 8, Eurasburg, Dasing, Landkreis Aichach-Friedberg, Bayern, 85235, Deutschland', 'address': {'road': 'A 8', 'village': 'Eurasburg', 'municipality': 'Dasing', 'county': 'Landkreis Aichach-Friedberg', 'state': 'Bayern', 'postcode': '85235', 'country': 'Deutschland', 'country_code': 'de'}, 'boundingbox': ['48.3166388', '48.340026', '11.1555112', '11.193519']}","A 8, Eurasburg, Dasing, Landkreis Aichach-Friedberg, Bayern, 85235, Deutschland",A 8,0,0,0,up,[48.32179958 11.18279685],48722.88416837054,48722.88416837054
70936,9,7,72,147,2019,9,15,7,3,0,6,0,0,1,0,0,0,639530.0373458881,5364059.579377329,10.885673143000076,48.414230805000045,"(48.414230805000045, 10.885673143000076)","{'place_id': 174083771, 'licence': 'Data © OpenStreetMap contributors, ODbL 1.0. https://osm.org/copyright', 'osm_type': 'way', 'osm_id': 300908997, 'lat': '48.41421249337605', 'lon': '10.885672630701949', 'display_name': 'A 8, Gersthofen, Landkreis Augsburg, Bayern, 86368, Deutschland', 'address': {'road': 'A 8', 'town': 'Gersthofen', 'county': 'Landkreis Augsburg', 'state': 'Bayern', 'postcode': '86368', 'country': 'Deutschland', 'country_code': 'de'}, 'boundingbox': ['48.4141586', '48.4142457', '10.884282', '10.887599']}","A 8, Gersthofen, Landkreis Augsburg, Bayern, 86368, Deutschland",A 8,0,0,0,up,[48.41425686 10.88379265],23026.038604947047,23026.038604947047
70940,9,7,71,122,2019,9,8,7,3,9,1,0,0,1,0,0,0,653081.369,5361984.399000004,11.06793665300006,48.39242745800004,"(48.39242745800004, 11.06793665300006)","{'place_id': 113614, 'licence': 'Data © OpenStreetMap contributors, ODbL 1.0. https://osm.org/copyright', 'osm_type': 'node', 'osm_id': 25931018, 'lat': '48.392718', 'lon': '11.0676037', 'display_name': 'Dasing, A 8, Neulwirth, Lindl, Dasing, Landkreis Aichach-Friedberg, Bayern, 86453, Deutschland', 'address': {'highway': 'Dasing', 'road': 'A 8', 'hamlet': 'Neulwirth', 'village': 'Lindl', 'municipality': 'Dasing', 'county': 'Landkreis Aichach-Friedberg', 'state': 'Bayern', 'postcode': '86453', 'country': 'Deutschland', 'country_code': 'de'}, 'boundingbox': ['48.392668', '48.392768', '11.0675537', '11.0676537']}","Dasing, A 8, Neulwirth, Lindl, Dasing, Landkreis Aichach-Friedberg, Bayern, 86453, Deutschland",A 8,0,1,0,up,[48.39239358 11.06821303],36840.73597170058,36840.73597170058
70943,9,7,72,111,2019,9,0,7,3,8,1,2,0,1,0,0,0,628619.3013472743,5364104.238937333,10.738307731000075,48.416953945000046,"(48.416953945000046, 10.738307731000075)","{'place_id': 171338171, 'licence': 'Data © OpenStreetMap contributors, ODbL 1.0. https://osm.org/copyright', 'osm_type': 'way', 'osm_id': 289185136, 'lat': '48.416941416926655', 'lon': '10.738308173700263', 'display_name': 'A 8, Adelsried, Landkreis Augsburg, Bayern, 86477, Deutschland', 'address': {'road': 'A 8', 'village': 'Adelsried', 'county': 'Landkreis Augsburg', 'state': 'Bayern', 'postcode': '86477', 'country': 'Deutschland', 'country_code': 'de'}, 'boundingbox': ['48.4168325', '48.4169989', '10.7355252', '10.7399349']}","A 8, Adelsried, Landkreis Augsburg, Bayern, 86477, Deutschland",A 8,0,1,0,up,[48.41697931 10.73937629],12091.089955370147,12091.089955370147
71016,9,7,71,130,2019,9,6,3,3,1,5,2,0,1,0,0,1,645347.2167705856,5362905.53030242,10.963842374000023,48.40253959300002,"(48.40253959300002, 10.963842374000023)","{'place_id': 169711243, 'licence': 'Data © OpenStreetMap contributors, ODbL 1.0. https://osm.org/copyright', 'osm_type': 'way', 'osm_id': 280694759, 'lat': '48.40252698413525', 'lon': '10.96384018264779', 'display_name': 'A 8, Derching, Friedberg, Landkreis Aichach-Friedberg, Bayern, 86316, Deutschland', 'address': {'road': 'A 8', 'village': 'Derching', 'town': 'Friedberg', 'county': 'Landkreis Aichach-Friedberg', 'state': 'Bayern', 'postcode': '86316', 'country': 'Deutschland', 'country_code': 'de'}, 'boundingbox': ['48.401446', '48.4037486', '10.9564506', '10.981465']}","A 8, Derching, Friedberg, Landkreis Aichach-Friedberg, Bayern, 86316, Deutschland",A 8,0,0,0,up,[48.40237543 10.96471138],28950.264920828216,28950.264920828216
71126,9,1,74,135,2019,9,10,7,3,3,6,0,0,1,0,0,0,663692.203899337,5352854.191384029,11.20761851800006,48.30768270400006,"(48.30768270400006, 11.20761851800006)","{'place_id': 168996356, 'licence': 'Data © OpenStreetMap contributors, ODbL 1.0. https://osm.org/copyright', 'osm_type': 'way', 'osm_id': 280422000, 'lat': '48.30770118407085', 'lon': '11.207631194308826', 'display_name': 'A 8, Taxa, Odelzhausen, Landkreis Dachau, Bayern, 85235, Deutschland', 'address': {'road': 'A 8', 'village': 'Taxa', 'county': 'Landkreis Dachau', 'state': 'Bayern', 'postcode': '85235', 'country': 'Deutschland', 'country_code': 'de'}, 'boundingbox': ['48.306587', '48.3078027', '11.2074832', '11.2092555']}","A 8, Taxa, Odelzhausen, Landkreis Dachau, Bayern, 85235, Deutschland",A 8,0,0,0,down,[48.30866153 11.20622032],24663.636459979574,51002.52366153693
71164,9,7,71,122,2019,9,20,6,3,8,1,2,0,1,0,0,0,651571.8752290942,5362404.984286049,11.047710701000028,48.39657346500008,"(48.39657346500008, 11.047710701000028)","{'place_id': 171593475, 'licence': 'Data © OpenStreetMap contributors, ODbL 1.0. https://osm.org/copyright', 'osm_type': 'way', 'osm_id': 288973413, 'lat': '48.396575838792614', 'lon': '11.047710604695022', 'display_name': 'A 8, Sophienhof, Bitzenhofen, Dasing, Landkreis Aichach-Friedberg, Bayern, 86453, Deutschland', 'address': {'road': 'A 8', 'hamlet': 'Sophienhof', 'village': 'Bitzenhofen', 'municipality': 'Dasing', 'county': 'Landkreis Aichach-Friedberg', 'state': 'Bayern', 'postcode': '86453', 'country': 'Deutschland', 'country_code': 'de'}, 'boundingbox': ['48.3960534', '48.4039031', '10.9564457', '11.0556046']}","A 8, Sophienhof, Bitzenhofen, Dasing, Landkreis Aichach-Friedberg, Bayern, 86453, Deutschland",A 8,0,0,0,down,[48.39664114 11.04907356],40441.798584158685,35237.27255377632
71862,9,7,61,0,2019,9,8,4,1,2,6,0,0,0,0,0,1,642429.587635817,5363569.090315534,10.924669723000022,48.40917190700002,"(48.40917190700002, 10.924669723000022)","{'place_id': 108127770, 'licence': 'Data © OpenStreetMap contributors, ODbL 1.0. https://osm.org/copyright', 'osm_type': 'way', 'osm_id': 27126888, 'lat': '48.40917972047385', 'lon': '10.924671017146414', 'display_name': 'A 8, Hammerschmiede, Augsburg, Bayern, 86169, Deutschland', 'address': {'road': 'A 8', 'suburb': 'Hammerschmiede', 'city': 'Augsburg', 'state': 'Bayern', 'postcode': '86169', 'country': 'Deutschland', 'country_code': 'de'}, 'boundingbox': ['48.4088208', '48.4104754', '10.9168351', '10.9268308']}","A 8, Hammerschmiede, Augsburg, Bayern, 86169, Deutschland",A 8,0,0,1,down,[48.40930973 10.92388551],49707.217026827944,25965.2489868051
71863,9,7,61,0,2019,9,9,4,3,2,6,0,0,1,0,0,0,642624.2294635205,5363525.614093888,10.927283619000036,48.40873697800004,"(48.40873697800004, 10.927283619000036)","{'place_id': 233544077, 'licence': 'Data © OpenStreetMap contributors, ODbL 1.0. https://osm.org/copyright', 'osm_type': 'way', 'osm_id': 665188481, 'lat': '48.40874524523909', 'lon': '10.927284994246994', 'display_name': 'A 8, Hammerschmiede, Augsburg, Bayern, 86169, Deutschland', 'address': {'road': 'A 8', 'suburb': 'Hammerschmiede', 'city': 'Augsburg', 'state': 'Bayern', 'postcode': '86169', 'country': 'Deutschland', 'country_code': 'de'}, 'boundingbox': ['48.4085066', '48.4088208', '10.9268308', '10.9287196']}","A 8, Hammerschmiede, Augsburg, Bayern, 86169, Deutschland",A 8,0,0,0,down,[48.40904579 10.92547927],49508.25388273635,26164.322002072597
72050,9,7,72,223,2019,9,7,2,3,8,1,0,0,1,0,0,0,617756.9539370993,5363079.30018256,10.591275522000046,48.40986043200007,"(48.40986043200007, 10.591275522000046)","{'place_id': 161862030, 'licence': 'Data © OpenStreetMap contributors, ODbL 1.0. https://osm.org/copyright', 'osm_type': 'way', 'osm_id': 246271668, 'lat': '48.40989029751128', 'lon': '10.591273687319996', 'display_name': 'A 8, Friedensdorf, Wollbach, Zusmarshausen, Landkreis Augsburg, Bayern, 86441, Deutschland', 'address': {'road': 'A 8', 'hamlet': 'Friedensdorf', 'village': 'Wollbach', 'county': 'Landkreis Augsburg', 'state': 'Bayern', 'postcode': '86441', 'country': 'Deutschland', 'country_code': 'de'}, 'boundingbox': ['48.407462', '48.4099617', '10.5760621', '10.592436']}","A 8, Friedensdorf, Wollbach, Zusmarshausen, Landkreis Augsburg, Bayern, 86441, Deutschland",A 8,0,1,0,down,[48.4100015  10.59751199],74355.01405171418,1440.0878355821753
72296,9,7,61,0,2019,9,5,7,3,9,1,2,0,1,0,0,0,641704.3206026647,5363700.9118997175,10.91491932100007,48.41052066300006,"(48.41052066300006, 10.91491932100007)","{'place_id': 106960766, 'licence': 'Data © OpenStreetMap contributors, ODbL 1.0. https://osm.org/copyright', 'osm_type': 'way', 'osm_id': 27126890, 'lat': '48.41063868217655', 'lon': '10.914938717778586', 'display_name': 'A 8, Hammerschmiede, Augsburg, Bayern, 86169, Deutschland', 'address': {'road': 'A 8', 'suburb': 'Hammerschmiede', 'city': 'Augsburg', 'state': 'Bayern', 'postcode': '86169', 'country': 'Deutschland', 'country_code': 'de'}, 'boundingbox': ['48.4085277', '48.4114704', '10.9098781', '10.9277055']}","A 8, Hammerschmiede, Augsburg, Bayern, 86169, Deutschland",A 8,0,0,0,up,[48.41054928 10.91548328],25230.43710894315,25230.43710894315
72324,9,7,61,0,2019,9,8,3,2,2,6,0,0,0,0,0,1,643357.330849234,5363362.995477216,10.93712860200003,48.40710849200008,"(48.40710849200008, 10.93712860200003)","{'place_id': 170078922, 'licence': 'Data © OpenStreetMap contributors, ODbL 1.0. https://osm.org/copyright', 'osm_type': 'way', 'osm_id': 280694756, 'lat': '48.40710881251413', 'lon': '10.937128654604406', 'display_name': 'A 8, Dickelsmoor, Friedberg, Landkreis Aichach-Friedberg, Bayern, 86169, Deutschland', 'address': {'road': 'A 8', 'hamlet': 'Dickelsmoor', 'town': 'Friedberg', 'county': 'Landkreis Aichach-Friedberg', 'state': 'Bayern', 'postcode': '86169', 'country': 'Deutschland', 'country_code': 'de'}, 'boundingbox': ['48.4052755', '48.4085066', '10.9287196', '10.9482169']}","A 8, Dickelsmoor, Friedberg, Landkreis Aichach-Friedberg, Bayern, 86169, Deutschland",A 8,0,0,0,down,[48.40707619 10.93732728],48759.09419016167,26913.330258265985
72749,9,1,74,146,2019,10,6,6,3,0,6,2,0,1,0,0,1,668411.0033055786,5350002.911979299,11.270069841000064,48.28081197100005,"(48.28081197100005, 11.270069841000064)","{'place_id': 169893936, 'licence': 'Data © OpenStreetMap contributors, ODbL 1.0. https://osm.org/copyright', 'osm_type': 'way', 'osm_id': 280421285, 'lat': '48.280816174170575', 'lon': '11.27007183286327', 'display_name': 'A 8, Haidhof, Einsbach, Sulzemoos, Landkreis Dachau, Bayern, 85254, Deutschland', 'address': {'road': 'A 8', 'hamlet': 'Haidhof', 'village': 'Einsbach', 'county': 'Landkreis Dachau', 'state': 'Bayern', 'postcode': '85254', 'country': 'Deutschland', 'country_code': 'de'}, 'boundingbox': ['48.2802015', '48.281347', '11.2689517', '11.2713689']}","A 8, Haidhof, Einsbach, Sulzemoos, Landkreis Dachau, Bayern, 85254, Deutschland",A 8,0,0,0,down,[48.28073339 11.27024728],19111.739211375414,56557.51749550472
72797,9,7,71,122,2019,10,9,2,3,2,6,0,0,0,0,0,0,649759.3119458472,5362475.998057911,11.023264579000056,48.39764504200008,"(48.39764504200008, 11.023264579000056)","{'place_id': 171593475, 'licence': 'Data © OpenStreetMap contributors, ODbL 1.0. https://osm.org/copyright', 'osm_type': 'way', 'osm_id': 288973413, 'lat': '48.397663580931315', 'lon': '11.023269930467487', 'display_name': 'A 8, Sophienhof, Bitzenhofen, Dasing, Landkreis Aichach-Friedberg, Bayern, 86453, Deutschland', 'address': {'road': 'A 8', 'hamlet': 'Sophienhof', 'village': 'Bitzenhofen', 'municipality': 'Dasing', 'county': 'Landkreis Aichach-Friedberg', 'state': 'Bayern', 'postcode': '86453', 'country': 'Deutschland', 'country_code': 'de'}, 'boundingbox': ['48.3960534', '48.4039031', '10.9564457', '11.0556046']}","A 8, Sophienhof, Bitzenhofen, Dasing, Landkreis Aichach-Friedberg, Bayern, 86453, Deutschland",A 8,0,1,1,down,[48.39693566 11.02597102],42273.651549825845,33396.65332554322
72858,9,7,61,0,2019,10,17,4,3,2,6,0,0,0,0,0,0,641659.3145892089,5363739.9823810365,10.914324677000025,48.41088208400004,"(48.41088208400004, 10.914324677000025)","{'place_id': 163393479, 'licence': 'Data © OpenStreetMap contributors, ODbL 1.0. https://osm.org/copyright', 'osm_type': 'way', 'osm_id': 251505088, 'lat': '48.410887324775054', 'lon': '10.91432552662242', 'display_name': 'A 8, Hammerschmiede, Augsburg, Bayern, 86169, Deutschland', 'address': {'road': 'A 8', 'suburb': 'Hammerschmiede', 'city': 'Augsburg', 'state': 'Bayern', 'postcode': '86169', 'country': 'Deutschland', 'country_code': 'de'}, 'boundingbox': ['48.4106727', '48.41233', '10.9056057', '10.9156465']}","A 8, Hammerschmiede, Augsburg, Bayern, 86169, Deutschland",A 8,0,1,1,down,[48.41097113 10.91380656],50494.341538680674,25178.181903599765
73018,9,1,74,135,2019,10,18,1,3,3,6,2,0,1,0,0,0,663077.4131202158,5353448.50569758,11.199563279000074,48.313184428000056,"(48.313184428000056, 11.199563279000074)","{'place_id': 169245527, 'licence': 'Data © OpenStreetMap contributors, ODbL 1.0. https://osm.org/copyright', 'osm_type': 'way', 'osm_id': 280422002, 'lat': '48.31324271790928', 'lon': '11.19960128497166', 'display_name': 'A 8, Spindelhafner, Taxa, Odelzhausen, Landkreis Dachau, Bayern, 85235, Deutschland', 'address': {'road': 'A 8', 'hamlet': 'Spindelhafner', 'village': 'Taxa', 'county': 'Landkreis Dachau', 'state': 'Bayern', 'postcode': '85235', 'country': 'Deutschland', 'country_code': 'de'}, 'boundingbox': ['48.3107187', '48.3145561', '11.1975496', '11.2032163']}","A 8, Spindelhafner, Taxa, Odelzhausen, Landkreis Dachau, Bayern, 85235, Deutschland",A 8,0,1,1,down,[48.31365  11.198977],25517.985379260143,50148.76662138602
73019,9,1,74,113,2019,10,16,4,3,8,7,0,0,1,0,0,0,670765.7604774524,5347521.710942926,11.300782038000024,48.25787650000007,"(48.25787650000007, 11.300782038000024)","{'place_id': 163653495, 'licence': 'Data © OpenStreetMap contributors, ODbL 1.0. https://osm.org/copyright', 'osm_type': 'way', 'osm_id': 251505089, 'lat': '48.257847373563685', 'lon': '11.30075878465518', 'display_name': 'A 8, Palsweis, Bergkirchen, Landkreis Dachau, Bayern, 85232, Deutschland', 'address': {'road': 'A 8', 'village': 'Palsweis', 'county': 'Landkreis Dachau', 'state': 'Bayern', 'postcode': '85232', 'country': 'Deutschland', 'country_code': 'de'}, 'boundingbox': ['48.2563245', '48.2581997', '11.3003286', '11.3029315']}","A 8, Palsweis, Bergkirchen, Landkreis Dachau, Bayern, 85232, Deutschland",A 8,0,1,0,up,[48.25783912 11.30076917],60010.94128864384,60010.94128864384
73083,9,7,61,0,2019,10,10,3,2,2,6,0,0,1,0,0,1,641611.4258765467,5363750.6332838535,10.913681499000065,48.41098861400008,"(48.41098861400008, 10.913681499000065)","{'place_id': 163393479, 'licence': 'Data © OpenStreetMap contributors, ODbL 1.0. https://osm.org/copyright', 'osm_type': 'way', 'osm_id': 251505088, 'lat': '48.41099165317862', 'lon': '10.913681991704662', 'display_name': 'A 8, Hammerschmiede, Augsburg, Bayern, 86169, Deutschland', 'address': {'road': 'A 8', 'suburb': 'Hammerschmiede', 'city': 'Augsburg', 'state': 'Bayern', 'postcode': '86169', 'country': 'Deutschland', 'country_code': 'de'}, 'boundingbox': ['48.4106727', '48.41233', '10.9056057', '10.9156465']}","A 8, Hammerschmiede, Augsburg, Bayern, 86169, Deutschland",A 8,0,0,0,down,[48.41086675 10.91445053],50543.282852613,25129.24013945521
73278,9,7,71,122,2019,10,6,5,3,2,6,2,0,1,0,0,0,653272.3632185934,5361840.425768815,11.07046245600003,48.391086650000034,"(48.391086650000034, 11.07046245600003)","{'place_id': 179227628, 'licence': 'Data © OpenStreetMap contributors, ODbL 1.0. https://osm.org/copyright', 'osm_type': 'way', 'osm_id': 327494536, 'lat': '48.39107286499212', 'lon': '11.070453782630565', 'display_name': 'A 8, Lindl, Dasing, Landkreis Aichach-Friedberg, Bayern, 86453, Deutschland', 'address': {'road': 'A 8', 'village': 'Lindl', 'municipality': 'Dasing', 'county': 'Landkreis Aichach-Friedberg', 'state': 'Bayern', 'postcode': '86453', 'country': 'Deutschland', 'country_code': 'de'}, 'boundingbox': ['48.3903099', '48.3913032', '11.0700877', '11.0716664']}","A 8, Lindl, Dasing, Landkreis Aichach-Friedberg, Bayern, 86453, Deutschland",A 8,0,1,0,up,[48.39185676 11.06918687],37079.81164961934,37079.81164961934
73292,9,1,74,113,2019,10,14,1,3,3,6,0,0,1,0,0,0,672534.2162517784,5346235.84777993,11.324064614000063,48.24583833700007,"(48.24583833700007, 11.324064614000063)","{'place_id': 179804010, 'licence': 'Data © OpenStreetMap contributors, ODbL 1.0. https://osm.org/copyright', 'osm_type': 'way', 'osm_id': 327464677, 'lat': '48.2458062721075', 'lon': '11.324048973594465', 'display_name': 'A 8, Palsweis, Bergkirchen, Landkreis Dachau, Bayern, 85232, Deutschland', 'address': {'road': 'A 8', 'village': 'Palsweis', 'county': 'Landkreis Dachau', 'state': 'Bayern', 'postcode': '85232', 'country': 'Deutschland', 'country_code': 'de'}, 'boundingbox': ['48.2375667', '48.2544385', '11.3063647', '11.3408042']}","A 8, Palsweis, Bergkirchen, Landkreis Dachau, Bayern, 85232, Deutschland",A 8,0,0,0,up,[48.24134443 11.3331959 ],62199.011419377886,62199.011419377886