OBJECTID,ULAND,UREGBEZ,UKREIS,UGEMEINDE,UJAHR,UMONAT,USTUNDE,UWOCHENTAG,UKATEGORIE,UART,UTYP1,ULICHTVERH,IstRad,IstPKW,IstFuss,IstKrad,IstGkfz,LINREFX,LINREFY,XGCSWGS84,YGCSWGS84,coord,location_dict,address,road,UIDENTSTLAE,STRZUSTAND,IstSonstige,lane,coord_interp,dist_interp,dist_interp_up
73528,9,1,74,113,2019,10,13,7,3,2,6,0,0,1,0,0,0,671387.9005541569,5347038.097240178,11.308961414000066,48.253361101000046,"(48.253361101000046, 11.308961414000066)","{'place_id': 107811431, 'licence': 'Data © OpenStreetMap contributors, ODbL 1.0. https://osm.org/copyright', 'osm_type': 'way', 'osm_id': 28801887, 'lat': '48.25336155209775', 'lon': '11.308961634728146', 'display_name': 'A 8, Palsweis, Bergkirchen, Landkreis Dachau, Bayern, 85232, Deutschland', 'address': {'road': 'A 8', 'village': 'Palsweis', 'county': 'Landkreis Dachau', 'state': 'Bayern', 'postcode': '85232', 'country': 'Deutschland', 'country_code': 'de'}, 'boundingbox': ['48.2425147', '48.2563862', '11.3031077', '11.331198']}","A 8, Palsweis, Bergkirchen, Landkreis Dachau, Bayern, 85232, Deutschland",A 8,0,0,1,down,[48.25417835 11.307293  ],14866.894944571999,60802.159011848125
73565,9,7,71,122,2019,10,19,3,3,2,7,2,0,1,0,0,1,653007.4608319625,5362052.241216127,11.066963637000072,48.39305534300007,"(48.39305534300007, 11.066963637000072)","{'place_id': 169692874, 'licence': 'Data © OpenStreetMap contributors, ODbL 1.0. https://osm.org/copyright', 'osm_type': 'way', 'osm_id': 280691748, 'lat': '48.39304363813647', 'lon': '11.066958060954047', 'display_name': 'A 8, Neulwirth, Lindl, Dasing, Landkreis Aichach-Friedberg, Bayern, 86453, Deutschland', 'address': {'road': 'A 8', 'hamlet': 'Neulwirth', 'village': 'Lindl', 'municipality': 'Dasing', 'county': 'Landkreis Aichach-Friedberg', 'state': 'Bayern', 'postcode': '86453', 'country': 'Deutschland', 'country_code': 'de'}, 'boundingbox': ['48.392718', '48.3937256', '11.0654713', '11.0676037']}","A 8, Neulwirth, Lindl, Dasing, Landkreis Aichach-Friedberg, Bayern, 86453, Deutschland",A 8,0,0,1,up,[48.39270223 11.06763519],36740.9911066185,36740.9911066185
73568,9,7,61,0,2019,10,8,3,3,1,6,0,0,1,0,0,0,640817.648647625,5363912.219440928,10.903015110000068,48.41261938900004,"(48.41261938900004, 10.903015110000068)","{'place_id': 107051918, 'licence': 'Data © OpenStreetMap contributors, ODbL 1.0. https://osm.org/copyright', 'osm_type': 'way', 'osm_id': 27394068, 'lat': '48.41260430022063', 'lon': '10.903012641870955', 'display_name': 'A 8, Firnhaberau, Augsburg, Bayern, 86169, Deutschland', 'address': {'road': 'A 8', 'suburb': 'Firnhaberau', 'city': 'Augsburg', 'state': 'Bayern', 'postcode': '86169', 'country': 'Deutschland', 'country_code': 'de'}, 'boundingbox': ['48.4118564', '48.4140709', '10.8897511', '10.907569']}","A 8, Firnhaberau, Augsburg, Bayern, 86169, Deutschland",A 8,0,0,0,up,[48.4124222  10.90412631],24321.21340485115,24321.21340485115
73706,9,1,74,146,2019,10,6,3,3,2,6,2,0,1,0,1,0,666145.1416106531,5351230.059776336,11.240034533000028,48.29244250600004,"(48.29244250600004, 11.240034533000028)","{'place_id': 108867869, 'licence': 'Data © OpenStreetMap contributors, ODbL 1.0. https://osm.org/copyright', 'osm_type': 'way', 'osm_id': 28802113, 'lat': '48.29247810522273', 'lon': '11.24004511284294', 'display_name': 'A 8, Ziegelstadel, Wiedenzhausen, Sulzemoos, Landkreis Dachau, Bayern, 85259, Deutschland', 'address': {'road': 'A 8', 'hamlet': 'Ziegelstadel', 'village': 'Wiedenzhausen', 'county': 'Landkreis Dachau', 'state': 'Bayern', 'postcode': '85259', 'country': 'Deutschland', 'country_code': 'de'}, 'boundingbox': ['48.287303', '48.2952793', '11.2306553', '11.2558719']}","A 8, Ziegelstadel, Wiedenzhausen, Sulzemoos, Landkreis Dachau, Bayern, 85259, Deutschland",A 8,0,0,0,down,[48.29394524 11.2351088 ],21692.140386502713,53980.16219076697
73712,9,7,72,223,2019,10,17,5,3,2,6,0,0,1,0,0,0,619253.1978707239,5363122.559698569,10.611498621000068,48.40996811700006,"(48.40996811700006, 10.611498621000068)","{'place_id': 174469944, 'licence': 'Data © OpenStreetMap contributors, ODbL 1.0. https://osm.org/copyright', 'osm_type': 'way', 'osm_id': 304768097, 'lat': '48.40995617910756', 'lon': '10.61149953549284', 'display_name': 'A 8, Zusmarshausen, Landkreis Augsburg, Bayern, 86441, Deutschland', 'address': {'road': 'A 8', 'village': 'Zusmarshausen', 'county': 'Landkreis Augsburg', 'state': 'Bayern', 'postcode': '86441', 'country': 'Deutschland', 'country_code': 'de'}, 'boundingbox': ['48.4096358', '48.410546', '10.6099251', '10.6374298']}","A 8, Zusmarshausen, Landkreis Augsburg, Bayern, 86441, Deutschland",A 8,0,0,0,down,[48.40999796 10.61205029],73220.94627108952,2460.795176420871
73772,9,7,71,122,2019,10,19,2,2,2,6,2,0,0,0,0,1,654518.2641987354,5360668.829745788,11.086850148000051,48.38024927800007,"(48.38024927800007, 11.086850148000051)","{'place_id': 112409051, 'licence': 'Data © OpenStreetMap contributors, ODbL 1.0. https://osm.org/copyright', 'osm_type': 'way', 'osm_id': 42400874, 'lat': '48.380252302581', 'lon': '11.086852114852315', 'display_name': 'A 8, Burgadelzhausen, Adelzhausen, Dasing, Landkreis Aichach-Friedberg, Bayern, 86453, Deutschland', 'address': {'road': 'A 8', 'village': 'Burgadelzhausen', 'municipality': 'Dasing', 'county': 'Landkreis Aichach-Friedberg', 'state': 'Bayern', 'postcode': '86453', 'country': 'Deutschland', 'country_code': 'de'}, 'boundingbox': ['48.3561686', '48.3880438', '11.0753176', '11.1309595']}","A 8, Burgadelzhausen, Adelzhausen, Dasing, Landkreis Aichach-Friedberg, Bayern, 86453, Deutschland",A 8,0,0,1,down,[48.38059148 11.08633055],36876.719490285315,38788.487677951234
74029,9,7,71,130,2019,10,21,1,3,8,1,2,0,0,0,1,0,646911.5647653751,5362822.066308063,10.984936550000045,48.40142654800008,"(48.40142654800008, 10.984936550000045)","{'place_id': 179859158, 'licence': 'Data © OpenStreetMap contributors, ODbL 1.0. https://osm.org/copyright', 'osm_type': 'way', 'osm_id': 327495114, 'lat': '48.40153892211991', 'lon': '10.984941538449545', 'display_name': 'A 8, Haberskirch, Friedberg, Landkreis Aichach-Friedberg, Bayern, 86316, Deutschland', 'address': {'road': 'A 8', 'village': 'Haberskirch', 'town': 'Friedberg', 'county': 'Landkreis Aichach-Friedberg', 'state': 'Bayern', 'postcode': '86316', 'country': 'Deutschland', 'country_code': 'de'}, 'boundingbox': ['48.4011933', '48.4015868', '10.983863', '10.9903611']}","A 8, Haberskirch, Friedberg, Landkreis Aichach-Friedberg, Bayern, 86316, Deutschland",A 8,0,0,0,up,[48.4015774  10.98407811],30521.827236107107,30521.827236107107
74359,9,7,71,122,2019,10,3,1,3,2,6,2,0,1,0,0,0,650984.1348048085,5362350.09946182,11.039755936000065,48.396221008000055,"(48.396221008000055, 11.039755936000065)","{'place_id': 171593475, 'licence': 'Data © OpenStreetMap contributors, ODbL 1.0. https://osm.org/copyright', 'osm_type': 'way', 'osm_id': 288973413, 'lat': '48.39625306441006', 'lon': '11.03975463546858', 'display_name': 'A 8, Sophienhof, Bitzenhofen, Dasing, Landkreis Aichach-Friedberg, Bayern, 86453, Deutschland', 'address': {'road': 'A 8', 'hamlet': 'Sophienhof', 'village': 'Bitzenhofen', 'municipality': 'Dasing', 'county': 'Landkreis Aichach-Friedberg', 'state': 'Bayern', 'postcode': '86453', 'country': 'Deutschland', 'country_code': 'de'}, 'boundingbox': ['48.3960534', '48.4039031', '10.9564457', '11.0556046']}","A 8, Sophienhof, Bitzenhofen, Dasing, Landkreis Aichach-Friedberg, Bayern, 86453, Deutschland",A 8,0,0,1,down,[48.39605811 11.03529569],41030.58495353549,34648.26443324381
74415,9,1,74,146,2019,10,6,5,3,2,6,0,0,1,0,0,0,667058.6807592278,5350825.222651426,11.252181247000069,48.28856263100005,"(48.28856263100005, 11.252181247000069)","{'place_id': 207155179, 'licence': 'Data © OpenStreetMap contributors, ODbL 1.0. https://osm.org/copyright', 'osm_type': 'way', 'osm_id': 477921131, 'lat': '48.28854316611161', 'lon': '11.252174198960217', 'display_name': 'A 8, Ziegelstadel, Wiedenzhausen, Sulzemoos, Landkreis Dachau, Bayern, 85254, Deutschland', 'address': {'road': 'A 8', 'hamlet': 'Ziegelstadel', 'village': 'Wiedenzhausen', 'county': 'Landkreis Dachau', 'state': 'Bayern', 'postcode': '85254', 'country': 'Deutschland', 'country_code': 'de'}, 'boundingbox': ['48.28718', '48.2919587', '11.2411804', '11.2557664']}","A 8, Ziegelstadel, Wiedenzhausen, Sulzemoos, Landkreis Dachau, Bayern, 85254, Deutschland",A 8,0,1,0,up,[48.28850327 11.25228459],54977.157036448756,54977.157036448756
74629,9,7,71,130,2019,10,17,3,2,2,6,1,0,1,0,0,1,643894.8878828874,5363228.774839779,10.944342027000062,48.40577917600008,"(48.405779176000074, 10.944342027000062)","{'place_id': 169491747, 'licence': 'Data © OpenStreetMap contributors, ODbL 1.0. https://osm.org/copyright', 'osm_type': 'way', 'osm_id': 280695156, 'lat': '48.40576068425988', 'lon': '10.944338972449556', 'display_name': 'A 8, Dickelsmoor, Friedberg, Landkreis Aichach-Friedberg, Bayern, 86167, Deutschland', 'address': {'road': 'A 8', 'hamlet': 'Dickelsmoor', 'town': 'Friedberg', 'county': 'Landkreis Aichach-Friedberg', 'state': 'Bayern', 'postcode': '86167', 'country': 'Deutschland', 'country_code': 'de'}, 'boundingbox': ['48.4051416', '48.4081703', '10.929844', '10.9481348']}","A 8, Dickelsmoor, Friedberg, Landkreis Aichach-Friedberg, Bayern, 86167, Deutschland",A 8,0,0,0,up,[48.40609041 10.94234557],27465.93132040551,27465.93132040551
74763,9,1,74,113,2019,10,6,3,3,2,6,2,0,1,0,0,0,673945.1003849013,5345269.539069595,11.342656151000028,48.236766354000046,"(48.236766354000046, 11.342656151000028)","{'place_id': 125641879, 'licence': 'Data © OpenStreetMap contributors, ODbL 1.0. https://osm.org/copyright', 'osm_type': 'way', 'osm_id': 105836028, 'lat': '48.23829685', 'lon': '11.342871400000007', 'display_name': 'Logicpark, A 8, Bergkirchen, Landkreis Dachau, Bayern, 85232, Deutschland', 'address': {'building': 'Logicpark', 'road': 'A 8', 'village': 'Bergkirchen', 'county': 'Landkreis Dachau', 'state': 'Bayern', 'postcode': '85232', 'country': 'Deutschland', 'country_code': 'de'}, 'boundingbox': ['48.2371782', '48.2394155', '11.3410869', '11.3446559']}","Logicpark, A 8, Bergkirchen, Landkreis Dachau, Bayern, 85232, Deutschland",A 8,0,0,1,down,[48.23602616 11.34403921],11762.400798244491,63905.85773915905
74933,9,1,74,113,2019,10,6,2,3,2,6,0,0,1,0,0,0,669396.3175016884,5349318.14238672,11.283065872000066,48.27439331600005,"(48.27439331600005, 11.283065872000066)","{'place_id': 135294201, 'licence': 'Data © OpenStreetMap contributors, ODbL 1.0. https://osm.org/copyright', 'osm_type': 'way', 'osm_id': 143575534, 'lat': '48.274396945155345', 'lon': '11.283068357090475', 'display_name': 'A 8, Haidhof, Einsbach, Sulzemoos, Landkreis Dachau, Bayern, 85254, Deutschland', 'address': {'road': 'A 8', 'hamlet': 'Haidhof', 'village': 'Einsbach', 'county': 'Landkreis Dachau', 'state': 'Bayern', 'postcode': '85254', 'country': 'Deutschland', 'country_code': 'de'}, 'boundingbox': ['48.2709261', '48.2802015', '11.2713689', '11.2871833']}","A 8, Haidhof, Einsbach, Sulzemoos, Landkreis Dachau, Bayern, 85254, Deutschland",A 8,0,1,0,down,[48.27413415 11.28345221],17912.255144525414,57754.00541701024
75332,9,1,74,135,2019,10,3,4,2,8,7,2,0,0,0,0,1,663985.8795555065,5352568.9326033015,11.211465235000048,48.30504216200006,"(48.30504216200006, 11.211465235000048)","{'place_id': 207325858, 'licence': 'Data © OpenStreetMap contributors, ODbL 1.0. https://osm.org/copyright', 'osm_type': 'way', 'osm_id': 477921133, 'lat': '48.30506319495599', 'lon': '11.211479681443329', 'display_name': 'A 8, Lukka, Taxa, Odelzhausen, Landkreis Dachau, Bayern, 85259, Deutschland', 'address': {'road': 'A 8', 'hamlet': 'Lukka', 'village': 'Taxa', 'county': 'Landkreis Dachau', 'state': 'Bayern', 'postcode': '85259', 'country': 'Deutschland', 'country_code': 'de'}, 'boundingbox': ['48.295503', '48.306587', '11.2092555', '11.2299598']}","A 8, Lukka, Taxa, Odelzhausen, Landkreis Dachau, Bayern, 85259, Deutschland",A 8,0,0,0,down,[48.303722   11.21343274],24254.666102688763,51411.556627944476
75344,9,7,71,122,2019,10,22,4,3,1,5,2,0,1,0,0,0,653777.1840057122,5361358.512440056,11.07710071300005,48.38663104600005,"(48.38663104600005, 11.07710071300005)","{'place_id': 123171715, 'licence': 'Data © OpenStreetMap contributors, ODbL 1.0. https://osm.org/copyright', 'osm_type': 'way', 'osm_id': 95261689, 'lat': '48.386628335639756', 'lon': '11.077098890608644', 'display_name': 'A 8, Burgadelzhausen, Adelzhausen, Dasing, Landkreis Aichach-Friedberg, Bayern, 86453, Deutschland', 'address': {'road': 'A 8', 'village': 'Burgadelzhausen', 'municipality': 'Dasing', 'county': 'Landkreis Aichach-Friedberg', 'state': 'Bayern', 'postcode': '86453', 'country': 'Deutschland', 'country_code': 'de'}, 'boundingbox': ['48.3561378', '48.3880253', '11.0750446', '11.1307183']}","A 8, Burgadelzhausen, Adelzhausen, Dasing, Landkreis Aichach-Friedberg, Bayern, 86453, Deutschland",A 8,0,0,0,up,[48.38707689 11.07643525],37776.964602131615,37776.964602131615
75618,9,7,61,0,2019,11,16,2,3,3,6,2,0,1,0,0,0,640159.9072611891,5364040.021474255,10.894174132000046,48.41391516700003,"(48.41391516700003, 10.894174132000046)","{'place_id': 169297776, 'licence': 'Data © OpenStreetMap contributors, ODbL 1.0. https://osm.org/copyright', 'osm_type': 'way', 'osm_id': 280726822, 'lat': '48.41391855548893', 'lon': '10.894174451324371', 'display_name': 'A 8, Firnhaberau, Augsburg, Bayern, 86169, Deutschland', 'address': {'road': 'A 8', 'suburb': 'Firnhaberau', 'city': 'Augsburg', 'state': 'Bayern', 'postcode': '86169', 'country': 'Deutschland', 'country_code': 'de'}, 'boundingbox': ['48.4126072', '48.4142339', '10.8897666', '10.9039443']}","A 8, Firnhaberau, Augsburg, Bayern, 86169, Deutschland",A 8,0,1,0,down,[48.41383951 10.89501116],52020.68977762166,23653.68663026709
76038,9,1,74,113,2019,11,8,3,3,2,6,0,0,1,0,0,0,674194.5639414778,5345022.302286301,11.345911294000077,48.23447539800002,"(48.23447539800002, 11.345911294000077)","{'place_id': 164049005, 'licence': 'Data © OpenStreetMap contributors, ODbL 1.0. https://osm.org/copyright', 'osm_type': 'way', 'osm_id': 251505090, 'lat': '48.23469313750409', 'lon': '11.346037330982368', 'display_name': 'A 8, Bergkirchen, Landkreis Dachau, Bayern, 85232, Deutschland', 'address': {'road': 'A 8', 'village': 'Bergkirchen', 'county': 'Landkreis Dachau', 'state': 'Bayern', 'postcode': '85232', 'country': 'Deutschland', 'country_code': 'de'}, 'boundingbox': ['48.2305476', '48.2364882', '11.3428447', '11.3530926']}","A 8, Bergkirchen, Landkreis Dachau, Bayern, 85232, Deutschland",A 8,0,0,0,up,[48.23448469 11.34639837],64254.40429800921,64254.40429800921
76116,9,1,74,135,2019,11,18,4,3,3,6,2,0,1,0,0,0,663402.0088619916,5353136.114099005,11.203817020000033,48.310292232000045,"(48.310292232000045, 11.203817020000033)","{'place_id': 163441191, 'licence': 'Data © OpenStreetMap contributors, ODbL 1.0. https://osm.org/copyright', 'osm_type': 'way', 'osm_id': 251505086, 'lat': '48.31030391995786', 'lon': '11.203824984603711', 'display_name': 'A 8, Taxa, Odelzhausen, Landkreis Dachau, Bayern, 85235, Deutschland', 'address': {'road': 'A 8', 'village': 'Taxa', 'county': 'Landkreis Dachau', 'state': 'Bayern', 'postcode': '85235', 'country': 'Deutschland', 'country_code': 'de'}, 'boundingbox': ['48.3092977', '48.3107187', '11.2032163', '11.2053016']}","A 8, Taxa, Odelzhausen, Landkreis Dachau, Bayern, 85235, Deutschland",A 8,0,0,0,down,[48.3097163  11.20468794],25067.779089038595,50598.468808531106
76227,9,7,72,147,2019,11,7,3,3,2,6,0,0,1,0,0,0,639730.6519999998,5364068.936000003,10.888385927000058,48.41427048400004,"(48.41427048400004, 10.888385927000058)","{'place_id': 108221378, 'licence': 'Data © OpenStreetMap contributors, ODbL 1.0. https://osm.org/copyright', 'osm_type': 'way', 'osm_id': 27394066, 'lat': '48.414291391743504', 'lon': '10.88838679815598', 'display_name': 'A 8, Firnhaberau, Gersthofen, Landkreis Augsburg, Bayern, 86169, Deutschland', 'address': {'road': 'A 8', 'suburb': 'Firnhaberau', 'town': 'Gersthofen', 'county': 'Landkreis Augsburg', 'state': 'Bayern', 'postcode': '86169', 'country': 'Deutschland', 'country_code': 'de'}, 'boundingbox': ['48.4142339', '48.4142974', '10.8882426', '10.8897666']}","A 8, Firnhaberau, Gersthofen, Landkreis Augsburg, Bayern, 86169, Deutschland",A 8,0,0,0,down,[48.4143382  10.88709633],52450.09249183746,23225.69596408516
76294,9,1,74,146,2019,11,17,6,3,2,6,2,0,1,0,0,0,664695.908705635,5351941.217608027,11.22078810000005,48.29921458300004,"(48.29921458300004, 11.22078810000005)","{'place_id': 207325858, 'licence': 'Data © OpenStreetMap contributors, ODbL 1.0. https://osm.org/copyright', 'osm_type': 'way', 'osm_id': 477921133, 'lat': '48.29923556076935', 'lon': '11.220798595615097', 'display_name': 'A 8, Lukka, Taxa, Odelzhausen, Landkreis Dachau, Bayern, 85259, Deutschland', 'address': {'road': 'A 8', 'hamlet': 'Lukka', 'village': 'Taxa', 'county': 'Landkreis Dachau', 'state': 'Bayern', 'postcode': '85259', 'country': 'Deutschland', 'country_code': 'de'}, 'boundingbox': ['48.295503', '48.306587', '11.2092555', '11.2299598']}","A 8, Lukka, Taxa, Odelzhausen, Landkreis Dachau, Bayern, 85259, Deutschland",A 8,0,0,0,down,[48.2991347 11.221    ],23307.469670771294,52361.273926621565
76396,9,7,61,0,2019,11,16,3,3,5,6,1,0,1,0,0,0,639890.7777284719,5364062.093551624,10.890546435000031,48.41417343300003,"(48.41417343300003, 10.890546435000031)","{'place_id': 169297776, 'licence': 'Data © OpenStreetMap contributors, ODbL 1.0. https://osm.org/copyright', 'osm_type': 'way', 'osm_id': 280726822, 'lat': '48.414186655771104', 'lon': '10.89054723524522', 'display_name': 'A 8, Firnhaberau, Augsburg, Bayern, 86169, Deutschland', 'address': {'road': 'A 8', 'suburb': 'Firnhaberau', 'city': 'Augsburg', 'state': 'Bayern', 'postcode': '86169', 'country': 'Deutschland', 'country_code': 'de'}, 'boundingbox': ['48.4126072', '48.4142339', '10.8897666', '10.9039443']}","A 8, Firnhaberau, Augsburg, Bayern, 86169, Deutschland",A 8,0,0,0,down,[48.41411917 10.89166873],52290.144509831225,23384.93173579572
76445,9,1,74,146,2019,11,15,5,3,3,6,0,0,1,0,0,0,666616.146990695,5351034.233472053,11.246302497000045,48.29055824100004,"(48.29055824100004, 11.246302497000045)","{'place_id': 108867869, 'licence': 'Data © OpenStreetMap contributors, ODbL 1.0. https://osm.org/copyright', 'osm_type': 'way', 'osm_id': 28802113, 'lat': '48.2906083088939', 'lon': '11.246317747875066', 'display_name': 'A 8, Ziegelstadel, Wiedenzhausen, Sulzemoos, Landkreis Dachau, Bayern, 85259, Deutschland', 'address': {'road': 'A 8', 'hamlet': 'Ziegelstadel', 'village': 'Wiedenzhausen', 'county': 'Landkreis Dachau', 'state': 'Bayern', 'postcode': '85259', 'country': 'Deutschland', 'country_code': 'de'}, 'boundingbox': ['48.287303', '48.2952793', '11.2306553', '11.2558719']}","A 8, Ziegelstadel, Wiedenzhausen, Sulzemoos, Landkreis Dachau, Bayern, 85259, Deutschland",A 8,0,0,0,down,[48.29005564 11.24813147],21183.091670099107,54489.093942664396
76447,9,1,74,135,2019,11,11,5,3,8,7,0,0,0,0,0,1,664007.7084066235,5352547.760068525,11.211751157000036,48.30484616200005,"(48.30484616200005, 11.211751157000036)","{'place_id': 207325858, 'licence': 'Data © OpenStreetMap contributors, ODbL 1.0. https://osm.org/copyright', 'osm_type': 'way', 'osm_id': 477921133, 'lat': '48.30486693339977', 'lon': '11.211765423793969', 'display_name': 'A 8, Lukka, Taxa, Odelzhausen, Landkreis Dachau, Bayern, 85259, Deutschland', 'address': {'road': 'A 8', 'hamlet': 'Lukka', 'village': 'Taxa', 'county': 'Landkreis Dachau', 'state': 'Bayern', 'postcode': '85259', 'country': 'Deutschland', 'country_code': 'de'}, 'boundingbox': ['48.295503', '48.306587', '11.2092555', '11.2299598']}","A 8, Lukka, Taxa, Odelzhausen, Landkreis Dachau, Bayern, 85259, Deutschland",A 8,0,0,0,down,[48.30391814 11.21314705],24224.28960985585,51441.91171267286
76474,9,7,71,122,2019,11,16,4,3,3,6,0,0,1,0,0,0,656455.3460312961,5359275.303222816,11.112474518000056,48.36724343600008,"(48.36724343600008, 11.112474518000056)","{'place_id': 112409051, 'licence': 'Data © OpenStreetMap contributors, ODbL 1.0. https://osm.org/copyright', 'osm_type': 'way', 'osm_id': 42400874, 'lat': '48.36725672250333', 'lon': '11.11247773032499', 'display_name': 'A 8, Burgadelzhausen, Adelzhausen, Dasing, Landkreis Aichach-Friedberg, Bayern, 86453, Deutschland', 'address': {'road': 'A 8', 'village': 'Burgadelzhausen', 'municipality': 'Dasing', 'county': 'Landkreis Aichach-Friedberg', 'state': 'Bayern', 'postcode': '86453', 'country': 'Deutschland', 'country_code': 'de'}, 'boundingbox': ['48.3561686', '48.3880438', '11.0753176', '11.1309595']}","A 8, Burgadelzhausen, Adelzhausen, Dasing, Landkreis Aichach-Friedberg, Bayern, 86453, Deutschland",A 8,0,0,1,down,[48.3675125  11.11141887],34466.1777776057,41207.2451312003
76622,9,1,74,113,2019,11,11,1,2,2,1,0,0,1,0,0,0,670555.7107208502,5347813.595966244,11.298071997000022,48.26055698300007,"(48.26055698300007, 11.298071997000022)","{'place_id': 163589875, 'licence': 'Data © OpenStreetMap contributors, ODbL 1.0. https://osm.org/copyright', 'osm_type': 'way', 'osm_id': 251505078, 'lat': '48.260561034538725', 'lon': '11.298075814703385', 'display_name': 'A 8, Lauterbach, Bergkirchen, Landkreis Dachau, Bayern, 85232, Deutschland', 'address': {'road': 'A 8', 'village': 'Lauterbach', 'county': 'Landkreis Dachau', 'state': 'Bayern', 'postcode': '85232', 'country': 'Deutschland', 'country_code': 'de'}, 'boundingbox': ['48.2600198', '48.2614451', '11.2971376', '11.2986502']}","A 8, Lauterbach, Bergkirchen, Landkreis Dachau, Bayern, 85232, Deutschland",A 8,0,0,0,down,[48.26090543 11.29771051],16012.560489755779,59651.04377552659
76845,9,7,71,129,2019,11,3,3,3,2,6,2,0,1,0,0,1,660283.894000913,5355613.676349018,11.16273598300006,48.33336407100006,"(48.33336407100006, 11.16273598300006)","{'place_id': 170077890, 'licence': 'Data © OpenStreetMap contributors, ODbL 1.0. https://osm.org/copyright', 'osm_type': 'way', 'osm_id': 280688897, 'lat': '48.33337086982979', 'lon': '11.162743248416154', 'display_name': 'A 8, Eurasburg, Dasing, Landkreis Aichach-Friedberg, Bayern, 85235, Deutschland', 'address': {'road': 'A 8', 'village': 'Eurasburg', 'municipality': 'Dasing', 'county': 'Landkreis Aichach-Friedberg', 'state': 'Bayern', 'postcode': '85235', 'country': 'Deutschland', 'country_code': 'de'}, 'boundingbox': ['48.3166388', '48.340026', '11.1555112', '11.193519']}","A 8, Eurasburg, Dasing, Landkreis Aichach-Friedberg, Bayern, 85235, Deutschland",A 8,0,1,0,up,[48.33312792 11.16297032],46603.129966634064,46603.129966634064
77054,9,1,79,142,2019,12,8,4,3,2,6,0,0,1,0,0,0,674647.9206410935,5344700.40561212,11.35187872000006,48.23145710500006,"(48.23145710500006, 11.35187872000006)","{'place_id': 179498925, 'licence': 'Data © OpenStreetMap contributors, ODbL 1.0. https://osm.org/copyright', 'osm_type': 'way', 'osm_id': 327462611, 'lat': '48.231464862211006', 'lon': '11.35188327568214', 'display_name': 'A 8, Bergkirchen, Landkreis Dachau, Bayern, 85232, Deutschland', 'address': {'road': 'A 8', 'village': 'Bergkirchen', 'county': 'Landkreis Dachau', 'state': 'Bayern', 'postcode': '85232', 'country': 'Deutschland', 'country_code': 'de'}, 'boundingbox': ['48.2313202', '48.2337741', '11.3479475', '11.3521296']}","A 8, Bergkirchen, Landkreis Dachau, Bayern, 85232, Deutschland",A 8,0,0,0,down,[48.23053373 11.35346409],10859.184275275831,64808.1731890789
77099,9,7,71,130,2019,12,9,3,3,3,6,0,0,1,0,0,1,645940.1917929081,5362821.481676873,10.97182014300006,48.40164690100005,"(48.40164690100005, 10.97182014300006)","{'place_id': 171593475, 'licence': 'Data © OpenStreetMap contributors, ODbL 1.0. https://osm.org/copyright', 'osm_type': 'way', 'osm_id': 288973413, 'lat': '48.40165510809975', 'lon': '10.971820479101833', 'display_name': 'A 8, Sophienhof, Bitzenhofen, Dasing, Landkreis Aichach-Friedberg, Bayern, 86453, Deutschland', 'address': {'road': 'A 8', 'hamlet': 'Sophienhof', 'village': 'Bitzenhofen', 'municipality': 'Dasing', 'county': 'Landkreis Aichach-Friedberg', 'state': 'Bayern', 'postcode': '86453', 'country': 'Deutschland', 'country_code': 'de'}, 'boundingbox': ['48.3960534', '48.4039031', '10.9564457', '11.0556046']}","A 8, Sophienhof, Bitzenhofen, Dasing, Landkreis Aichach-Friedberg, Bayern, 86453, Deutschland",A 8,0,0,0,down,[48.40165227 10.97188113],46124.69955471765,29550.879132973107
77236,9,7,71,122,2019,12,5,2,2,3,7,2,0,1,0,0,1,648893.4908408327,5362701.568676811,11.01165475600004,48.39987819900006,"(48.39987819900006, 11.01165475600004)","{'place_id': 171593475, 'licence': 'Data © OpenStreetMap contributors, ODbL 1.0. https://osm.org/copyright', 'osm_type': 'way', 'osm_id': 288973413, 'lat': '48.39989970031946', 'lon': '11.011656231977328', 'display_name': 'A 8, Sophienhof, Bitzenhofen, Dasing, Landkreis Aichach-Friedberg, Bayern, 86453, Deutschland', 'address': {'road': 'A 8', 'hamlet': 'Sophienhof', 'village': 'Bitzenhofen', 'municipality': 'Dasing', 'county': 'Landkreis Aichach-Friedberg', 'state': 'Bayern', 'postcode': '86453', 'country': 'Deutschland', 'country_code': 'de'}, 'boundingbox': ['48.3960534', '48.4039031', '10.9564457', '11.0556046']}","A 8, Sophienhof, Bitzenhofen, Dasing, Landkreis Aichach-Friedberg, Bayern, 86453, Deutschland",A 8,0,1,0,down,[48.39975909 11.01356522],43172.2755717907,32502.48000533796
77382,9,7,71,130,2019,11,7,4,3,2,6,2,0,1,0,0,0,648731.8965320587,5362701.819270818,11.009472990000065,48.399918593000045,"(48.399918593000045, 11.009472990000065)","{'place_id': 179625445, 'licence': 'Data © OpenStreetMap contributors, ODbL 1.0. https://osm.org/copyright', 'osm_type': 'way', 'osm_id': 327495113, 'lat': '48.39989884753017', 'lon': '11.009471660734171', 'display_name': 'A 8, Sophienhof, Bitzenhofen, Dasing, Landkreis Aichach-Friedberg, Bayern, 86453, Deutschland', 'address': {'road': 'A 8', 'hamlet': 'Sophienhof', 'village': 'Bitzenhofen', 'municipality': 'Dasing', 'county': 'Landkreis Aichach-Friedberg', 'state': 'Bayern', 'postcode': '86453', 'country': 'Deutschland', 'country_code': 'de'}, 'boundingbox': ['48.3959071', '48.4010591', '10.9924061', '11.0555759']}","A 8, Sophienhof, Bitzenhofen, Dasing, Landkreis Aichach-Friedberg, Bayern, 86453, Deutschland",A 8,0,0,0,up,[48.39970044 11.01242306],32341.858061630017,32341.858061630017