OBJECTID,ULAND,UREGBEZ,UKREIS,UGEMEINDE,UJAHR,UMONAT,USTUNDE,UWOCHENTAG,UKATEGORIE,UART,UTYP1,ULICHTVERH,IstRad,IstPKW,IstFuss,IstKrad,IstGkfz,LINREFX,LINREFY,XGCSWGS84,YGCSWGS84,coord,location_dict,address,road,UIDENTSTLAE,STRZUSTAND,IstSonstige,lane,coord_interp,dist_interp,dist_interp_up
77384,9,7,72,147,2019,11,15,4,2,2,7,0,0,1,0,0,1,634901.6101368936,5364404.272912948,10.82326682300004,48.41833814100005,"(48.41833814100005, 10.82326682300004)","{'place_id': 172758650, 'licence': 'Data © OpenStreetMap contributors, ODbL 1.0. https://osm.org/copyright', 'osm_type': 'way', 'osm_id': 295617759, 'lat': '48.41834074801021', 'lon': '10.823267061712624', 'display_name': 'A 8, Gailenbach, Hirblingen, Gersthofen, Landkreis Augsburg, Bayern, 86368, Deutschland', 'address': {'road': 'A 8', 'hamlet': 'Gailenbach', 'village': 'Hirblingen', 'town': 'Gersthofen', 'county': 'Landkreis Augsburg', 'state': 'Bayern', 'postcode': '86368', 'country': 'Deutschland', 'country_code': 'de'}, 'boundingbox': ['48.4182927', '48.4185058', '10.8214854', '10.8237918']}","A 8, Gailenbach, Hirblingen, Gersthofen, Landkreis Augsburg, Bayern, 86368, Deutschland",A 8,0,0,0,up,[48.41835511 10.82311161],18392.377793285,18392.377793285
77489,9,7,72,223,2019,12,12,7,3,3,6,0,0,1,0,0,0,619055.554551566,5363108.93835865,10.608825048000028,48.40988298800005,"(48.40988298800005, 10.608825048000028)","{'place_id': 233607178, 'licence': 'Data © OpenStreetMap contributors, ODbL 1.0. https://osm.org/copyright', 'osm_type': 'way', 'osm_id': 665256188, 'lat': '48.409895757249416', 'lon': '10.608825023127814', 'display_name': 'A 8, Zusmarshausen, Landkreis Augsburg, Bayern, 86441, Deutschland', 'address': {'road': 'A 8', 'village': 'Zusmarshausen', 'county': 'Landkreis Augsburg', 'state': 'Bayern', 'postcode': '86441', 'country': 'Deutschland', 'country_code': 'de'}, 'boundingbox': ['48.4098941', '48.4098979', '10.6079742', '10.6099251']}","A 8, Zusmarshausen, Landkreis Augsburg, Bayern, 86441, Deutschland",A 8,0,0,0,down,[48.40989626 10.60907401],73418.68773808202,2261.9270371641924
77491,9,7,61,0,2019,12,5,7,3,2,6,2,0,1,0,0,1,643000.458815285,5363426.035044575,10.93233067500006,48.40775637200005,"(48.40775637200005, 10.93233067500006)","{'place_id': 169491747, 'licence': 'Data © OpenStreetMap contributors, ODbL 1.0. https://osm.org/copyright', 'osm_type': 'way', 'osm_id': 280695156, 'lat': '48.40775756540906', 'lon': '10.932330871791947', 'display_name': 'A 8, Dickelsmoor, Friedberg, Landkreis Aichach-Friedberg, Bayern, 86167, Deutschland', 'address': {'road': 'A 8', 'hamlet': 'Dickelsmoor', 'town': 'Friedberg', 'county': 'Landkreis Aichach-Friedberg', 'state': 'Bayern', 'postcode': '86167', 'country': 'Deutschland', 'country_code': 'de'}, 'boundingbox': ['48.4051416', '48.4081703', '10.929844', '10.9481348']}","A 8, Dickelsmoor, Friedberg, Landkreis Aichach-Friedberg, Bayern, 86167, Deutschland",A 8,0,1,0,up,[48.4077504  10.93237487],26552.197144821934,26552.197144821934
77493,9,7,71,130,2019,12,21,7,3,2,6,2,0,1,0,0,0,644045.2862047013,5363194.751823269,10.94636134800004,48.40543891200008,"(48.40543891200008, 10.94636134800004)","{'place_id': 169491747, 'licence': 'Data © OpenStreetMap contributors, ODbL 1.0. https://osm.org/copyright', 'osm_type': 'way', 'osm_id': 280695156, 'lat': '48.4054309391738', 'lon': '10.946360048183921', 'display_name': 'A 8, Dickelsmoor, Friedberg, Landkreis Aichach-Friedberg, Bayern, 86167, Deutschland', 'address': {'road': 'A 8', 'hamlet': 'Dickelsmoor', 'town': 'Friedberg', 'county': 'Landkreis Aichach-Friedberg', 'state': 'Bayern', 'postcode': '86167', 'country': 'Deutschland', 'country_code': 'de'}, 'boundingbox': ['48.4051416', '48.4081703', '10.929844', '10.9481348']}","A 8, Dickelsmoor, Friedberg, Landkreis Aichach-Friedberg, Bayern, 86167, Deutschland",A 8,0,1,0,up,[48.40545245 10.94623038],27619.76386768645,27619.76386768645
77528,9,1,74,113,2019,12,7,4,3,2,6,0,0,1,0,0,0,673728.6466488158,5345413.716500776,11.33980265200006,48.23812174700004,"(48.23812174700004, 11.33980265200006)","{'place_id': 179804010, 'licence': 'Data © OpenStreetMap contributors, ODbL 1.0. https://osm.org/copyright', 'osm_type': 'way', 'osm_id': 327464677, 'lat': '48.23808033922141', 'lon': '11.339781848337296', 'display_name': 'A 8, Palsweis, Bergkirchen, Landkreis Dachau, Bayern, 85232, Deutschland', 'address': {'road': 'A 8', 'village': 'Palsweis', 'county': 'Landkreis Dachau', 'state': 'Bayern', 'postcode': '85232', 'country': 'Deutschland', 'country_code': 'de'}, 'boundingbox': ['48.2375667', '48.2544385', '11.3063647', '11.3408042']}","A 8, Palsweis, Bergkirchen, Landkreis Dachau, Bayern, 85232, Deutschland",A 8,0,0,0,up,[48.23594882 11.34386489],63646.55887853606,63646.55887853606
77575,9,1,74,135,2019,12,9,7,3,9,1,0,0,1,0,0,0,662247.84716528,5354089.196751176,11.188629183000046,48.31915768800008,"(48.31915768800008, 11.188629183000046)","{'place_id': 170077890, 'licence': 'Data © OpenStreetMap contributors, ODbL 1.0. https://osm.org/copyright', 'osm_type': 'way', 'osm_id': 280688897, 'lat': '48.31913061357247', 'lon': '11.188615987568056', 'display_name': 'A 8, Eurasburg, Dasing, Landkreis Aichach-Friedberg, Bayern, 85235, Deutschland', 'address': {'road': 'A 8', 'village': 'Eurasburg', 'municipality': 'Dasing', 'county': 'Landkreis Aichach-Friedberg', 'state': 'Bayern', 'postcode': '85235', 'country': 'Deutschland', 'country_code': 'de'}, 'boundingbox': ['48.3166388', '48.340026', '11.1555112', '11.193519']}","A 8, Eurasburg, Dasing, Landkreis Aichach-Friedberg, Bayern, 85235, Deutschland",A 8,0,0,0,up,[48.31820572 11.19051443],49102.259522633445,49102.259522633445
77625,9,7,72,147,2019,12,5,6,2,3,6,2,0,1,0,0,1,634406.4612410692,5364465.858085733,10.816597866000052,48.41899773700004,"(48.41899773700004, 10.816597866000052)","{'place_id': 188592058, 'licence': 'Data © OpenStreetMap contributors, ODbL 1.0. https://osm.org/copyright', 'osm_type': 'way', 'osm_id': 376197233, 'lat': '48.418973138076865', 'lon': '10.816595437541675', 'display_name': 'A 8, Gailenbach, Batzenhofen, Gersthofen, Landkreis Augsburg, Bayern, 86368, Deutschland', 'address': {'road': 'A 8', 'hamlet': 'Gailenbach', 'village': 'Batzenhofen', 'town': 'Gersthofen', 'county': 'Landkreis Augsburg', 'state': 'Bayern', 'postcode': '86368', 'country': 'Deutschland', 'country_code': 'de'}, 'boundingbox': ['48.4188798', '48.4190459', '10.8158584', '10.8175409']}","A 8, Gailenbach, Batzenhofen, Gersthofen, Landkreis Augsburg, Bayern, 86368, Deutschland",A 8,0,1,0,up,[48.41895244 10.81680655],17894.619253238478,17894.619253238478
77953,9,7,71,130,2019,12,21,1,1,6,4,2,0,1,1,0,0,644191.9688285626,5363162.64542242,10.948331124000047,48.40511669700004,"(48.40511669700004, 10.948331124000047)","{'place_id': 169794254, 'licence': 'Data © OpenStreetMap contributors, ODbL 1.0. https://osm.org/copyright', 'osm_type': 'way', 'osm_id': 280694757, 'lat': '48.40510832366563', 'lon': '10.94832969433363', 'display_name': 'A 8, Derching, Friedberg, Landkreis Aichach-Friedberg, Bayern, 86316, Deutschland', 'address': {'road': 'A 8', 'village': 'Derching', 'town': 'Friedberg', 'county': 'Landkreis Aichach-Friedberg', 'state': 'Bayern', 'postcode': '86316', 'country': 'Deutschland', 'country_code': 'de'}, 'boundingbox': ['48.4046593', '48.4051416', '10.9481348', '10.9510196']}","A 8, Derching, Friedberg, Landkreis Aichach-Friedberg, Bayern, 86316, Deutschland",A 8,0,1,0,up,[48.40488701 10.94962687],27769.550349191,27769.550349191
78032,9,7,72,111,2019,12,18,6,3,2,6,2,0,1,0,0,0,626152.4179342892,5364177.436588408,10.705004985000071,48.41811092500007,"(48.41811092500007, 10.705004985000071)","{'place_id': 172330239, 'licence': 'Data © OpenStreetMap contributors, ODbL 1.0. https://osm.org/copyright', 'osm_type': 'way', 'osm_id': 295617761, 'lat': '48.418082038075006', 'lon': '10.705003273760788', 'display_name': 'A 8, Adelsried, Landkreis Augsburg, Bayern, 86477, Deutschland', 'address': {'road': 'A 8', 'village': 'Adelsried', 'county': 'Landkreis Augsburg', 'state': 'Bayern', 'postcode': '86477', 'country': 'Deutschland', 'country_code': 'de'}, 'boundingbox': ['48.4170752', '48.4187014', '10.6962877', '10.7191709']}","A 8, Adelsried, Landkreis Augsburg, Bayern, 86477, Deutschland",A 8,0,1,1,up,[48.41798654 10.70660987],9623.673400592272,9623.673400592272
78035,9,7,71,122,2019,12,11,6,3,8,1,0,0,1,0,0,0,652366.3488900075,5362360.589054769,11.058420612000075,48.39598284600004,"(48.39598284600004, 11.058420612000075)","{'place_id': 108046101, 'licence': 'Data © OpenStreetMap contributors, ODbL 1.0. https://osm.org/copyright', 'osm_type': 'way', 'osm_id': 27455447, 'lat': '48.395987496711115', 'lon': '11.058421473592189', 'display_name': 'A 8, Taiting, Dasing, Landkreis Aichach-Friedberg, Bayern, 86453, Deutschland', 'address': {'road': 'A 8', 'village': 'Taiting', 'municipality': 'Dasing', 'county': 'Landkreis Aichach-Friedberg', 'state': 'Bayern', 'postcode': '86453', 'country': 'Deutschland', 'country_code': 'de'}, 'boundingbox': ['48.3959072', '48.396099', '11.0578196', '11.0588549']}","A 8, Taiting, Dasing, Landkreis Aichach-Friedberg, Bayern, 86453, Deutschland",A 8,0,2,0,down,[48.39601876 11.05825254],39643.062258034624,36030.43280222594
78249,9,1,74,113,2019,12,10,6,2,3,6,0,0,1,0,0,1,669457.3797496632,5349238.045777168,11.28385606300003,48.27365694300005,"(48.27365694300005, 11.28385606300003)","{'place_id': 169894014, 'licence': 'Data © OpenStreetMap contributors, ODbL 1.0. https://osm.org/copyright', 'osm_type': 'way', 'osm_id': 280421998, 'lat': '48.27364082145168', 'lon': '11.283844119029393', 'display_name': 'A 8, Einsbach, Sulzemoos, Landkreis Dachau, Bayern, 85254, Deutschland', 'address': {'road': 'A 8', 'village': 'Einsbach', 'county': 'Landkreis Dachau', 'state': 'Bayern', 'postcode': '85254', 'country': 'Deutschland', 'country_code': 'de'}, 'boundingbox': ['48.2708684', '48.2776562', '11.2764074', '11.2870058']}","A 8, Einsbach, Sulzemoos, Landkreis Dachau, Bayern, 85254, Deutschland",A 8,0,1,0,up,[48.27335593 11.28422913],57853.35324324333,57853.35324324333
78306,9,1,74,146,2019,12,6,7,3,8,7,2,0,1,0,0,0,668249.5101175858,5350092.663702298,11.267930525000054,48.28166174700005,"(48.28166174700005, 11.267930525000054)","{'place_id': 148630884, 'licence': 'Data © OpenStreetMap contributors, ODbL 1.0. https://osm.org/copyright', 'osm_type': 'way', 'osm_id': 197697279, 'lat': '48.281640822067985', 'lon': '11.267920697596098', 'display_name': 'A 8, Haidhof, Einsbach, Sulzemoos, Landkreis Dachau, Bayern, 85254, Deutschland', 'address': {'road': 'A 8', 'hamlet': 'Haidhof', 'village': 'Einsbach', 'county': 'Landkreis Dachau', 'state': 'Bayern', 'postcode': '85254', 'country': 'Deutschland', 'country_code': 'de'}, 'boundingbox': ['48.2809649', '48.287056', '11.2560819', '11.2693599']}","A 8, Haidhof, Einsbach, Sulzemoos, Landkreis Dachau, Bayern, 85254, Deutschland",A 8,0,1,0,up,[48.28210616 11.26693042],56373.616694054675,56373.616694054675
78457,9,7,72,111,2019,12,3,1,3,9,1,2,0,1,0,0,0,627921.5864481386,5364072.223669305,10.72887273200007,48.41680809000008,"(48.41680809000008, 10.72887273200007)","{'place_id': 148284748, 'licence': 'Data © OpenStreetMap contributors, ODbL 1.0. https://osm.org/copyright', 'osm_type': 'way', 'osm_id': 199150240, 'lat': '48.41680443410366', 'lon': '10.72887274501163', 'display_name': 'A 8, Adelsried, Landkreis Augsburg, Bayern, 86477, Deutschland', 'address': {'road': 'A 8', 'village': 'Adelsried', 'county': 'Landkreis Augsburg', 'state': 'Bayern', 'postcode': '86477', 'country': 'Deutschland', 'country_code': 'de'}, 'boundingbox': ['48.4168031', '48.4169679', '10.7254633', '10.7355185']}","A 8, Adelsried, Landkreis Augsburg, Bayern, 86477, Deutschland",A 8,0,1,0,down,[48.41680548 10.72910624],64283.308583382866,11393.453210082112
78626,9,1,74,146,2019,12,13,7,3,1,6,0,0,1,0,0,0,668125.1252342314,5350174.723876014,11.266287882000029,48.28243248500007,"(48.28243248500007, 11.266287882000029)","{'place_id': 148630884, 'licence': 'Data © OpenStreetMap contributors, ODbL 1.0. https://osm.org/copyright', 'osm_type': 'way', 'osm_id': 197697279, 'lat': '48.28241215817884', 'lon': '11.266278335499136', 'display_name': 'A 8, Haidhof, Einsbach, Sulzemoos, Landkreis Dachau, Bayern, 85254, Deutschland', 'address': {'road': 'A 8', 'hamlet': 'Haidhof', 'village': 'Einsbach', 'county': 'Landkreis Dachau', 'state': 'Bayern', 'postcode': '85254', 'country': 'Deutschland', 'country_code': 'de'}, 'boundingbox': ['48.2809649', '48.287056', '11.2560819', '11.2693599']}","A 8, Haidhof, Einsbach, Sulzemoos, Landkreis Dachau, Bayern, 85254, Deutschland",A 8,0,1,0,up,[48.28355135 11.26384987],56224.85199070443,56224.85199070443
78752,9,7,71,122,2019,12,3,7,3,3,6,2,0,1,0,0,1,656214.3917422909,5359338.952756293,11.109247066000025,48.36787535600007,"(48.36787535600007, 11.109247066000025)","{'place_id': 123171715, 'licence': 'Data © OpenStreetMap contributors, ODbL 1.0. https://osm.org/copyright', 'osm_type': 'way', 'osm_id': 95261689, 'lat': '48.367846748884155', 'lon': '11.109239526715722', 'display_name': 'A 8, Burgadelzhausen, Adelzhausen, Dasing, Landkreis Aichach-Friedberg, Bayern, 86453, Deutschland', 'address': {'road': 'A 8', 'village': 'Burgadelzhausen', 'municipality': 'Dasing', 'county': 'Landkreis Aichach-Friedberg', 'state': 'Bayern', 'postcode': '86453', 'country': 'Deutschland', 'country_code': 'de'}, 'boundingbox': ['48.3561378', '48.3880253', '11.0750446', '11.1307183']}","A 8, Burgadelzhausen, Adelzhausen, Dasing, Landkreis Aichach-Friedberg, Bayern, 86453, Deutschland",A 8,0,1,0,up,[48.3680403  11.10850487],40958.81975248423,40958.81975248423
78788,9,1,79,142,2019,12,6,7,3,2,6,2,0,1,0,0,0,676695.9270034768,5342986.926583385,11.378719276000028,48.21548727500005,"(48.21548727500005, 11.378719276000028)","{'place_id': 107778347, 'licence': 'Data © OpenStreetMap contributors, ODbL 1.0. https://osm.org/copyright', 'osm_type': 'way', 'osm_id': 28784068, 'lat': '48.215452740053074', 'lon': '11.378698866727724', 'display_name': 'A 8, Graßlfing, Olching, Landkreis Fürstenfeldbruck, Bayern, 82140, Deutschland', 'address': {'road': 'A 8', 'suburb': 'Graßlfing', 'town': 'Olching', 'county': 'Landkreis Fürstenfeldbruck', 'state': 'Bayern', 'postcode': '82140', 'country': 'Deutschland', 'country_code': 'de'}, 'boundingbox': ['48.2153506', '48.2199694', '11.3710404', '11.3788717']}","A 8, Graßlfing, Olching, Landkreis Fürstenfeldbruck, Bayern, 82140, Deutschland",A 8,0,1,0,up,[48.2163495  11.37718202],67474.82300954217,67474.82300954217
78878,9,7,71,122,2019,12,19,5,3,3,6,2,0,1,0,0,1,652444.6375127463,5362339.164877573,11.05946977800005,48.39577130500004,"(48.39577130500004, 11.05946977800005)","{'place_id': 169764308, 'licence': 'Data © OpenStreetMap contributors, ODbL 1.0. https://osm.org/copyright', 'osm_type': 'way', 'osm_id': 280691745, 'lat': '48.39577561248277', 'lon': '11.059470698448834', 'display_name': 'A 8, Taiting, Dasing, Landkreis Aichach-Friedberg, Bayern, 86453, Deutschland', 'address': {'road': 'A 8', 'village': 'Taiting', 'municipality': 'Dasing', 'county': 'Landkreis Aichach-Friedberg', 'state': 'Bayern', 'postcode': '86453', 'country': 'Deutschland', 'country_code': 'de'}, 'boundingbox': ['48.395536', '48.3959072', '11.0588549', '11.0605205']}","A 8, Taiting, Dasing, Landkreis Aichach-Friedberg, Bayern, 86453, Deutschland",A 8,0,0,0,down,[48.39580239 11.05934614],39562.052201616934,36110.69205875465
78914,9,1,79,142,2019,12,22,6,3,2,7,2,0,1,0,0,1,674577.5770997563,5344741.016030628,11.350949005000077,48.23184152800008,"(48.23184152800008, 11.350949005000077)","{'place_id': 164049005, 'licence': 'Data © OpenStreetMap contributors, ODbL 1.0. https://osm.org/copyright', 'osm_type': 'way', 'osm_id': 251505090, 'lat': '48.23181869140132', 'lon': '11.350935548020528', 'display_name': 'A 8, Bergkirchen, Landkreis Dachau, Bayern, 85232, Deutschland', 'address': {'road': 'A 8', 'village': 'Bergkirchen', 'county': 'Landkreis Dachau', 'state': 'Bayern', 'postcode': '85232', 'country': 'Deutschland', 'country_code': 'de'}, 'boundingbox': ['48.2305476', '48.2364882', '11.3428447', '11.3530926']}","A 8, Bergkirchen, Landkreis Dachau, Bayern, 85232, Deutschland",A 8,0,1,0,up,[48.23189763 11.35080181],64728.285965282026,64728.285965282026
79000,9,7,72,147,2019,12,17,1,3,2,6,2,0,1,0,0,0,633299.5952643892,5364550.776502406,10.801672513000028,48.41999648600006,"(48.41999648600006, 10.801672513000028)","{'place_id': 180838116, 'licence': 'Data © OpenStreetMap contributors, ODbL 1.0. https://osm.org/copyright', 'osm_type': 'way', 'osm_id': 330705166, 'lat': '48.41997521313915', 'lon': '10.80167195161547', 'display_name': 'A 8, Edenbergen, Gersthofen, Landkreis Augsburg, Bayern, 86368, Deutschland', 'address': {'road': 'A 8', 'village': 'Edenbergen', 'town': 'Gersthofen', 'county': 'Landkreis Augsburg', 'state': 'Bayern', 'postcode': '86368', 'country': 'Deutschland', 'country_code': 'de'}, 'boundingbox': ['48.4199152', '48.4200048', '10.8005508', '10.803357']}","A 8, Edenbergen, Gersthofen, Landkreis Augsburg, Bayern, 86368, Deutschland",A 8,0,0,0,up,[48.419994   10.80096179],16787.02486354725,16787.02486354725
79068,9,7,72,147,2019,12,7,6,3,3,6,0,0,1,0,0,0,630810.2000550684,5364297.144878473,10.767963652000049,48.41823756500003,"(48.41823756500003, 10.767963652000049)","{'place_id': 160537666, 'licence': 'Data © OpenStreetMap contributors, ODbL 1.0. https://osm.org/copyright', 'osm_type': 'way', 'osm_id': 237842495, 'lat': '48.41821995296853', 'lon': '10.767964988396816', 'display_name': 'A 8, Rettenbergen, Gersthofen, Landkreis Augsburg, Bayern, 86368, Deutschland', 'address': {'road': 'A 8', 'village': 'Rettenbergen', 'town': 'Gersthofen', 'county': 'Landkreis Augsburg', 'state': 'Bayern', 'postcode': '86368', 'country': 'Deutschland', 'country_code': 'de'}, 'boundingbox': ['48.418131', '48.4198693', '10.7667927', '10.78637']}","A 8, Rettenbergen, Gersthofen, Landkreis Augsburg, Bayern, 86368, Deutschland",A 8,0,1,0,up,[48.41834077 10.76951165],14285.30695958181,14285.30695958181
79069,9,7,72,147,2019,12,7,6,3,3,6,0,0,1,0,0,0,630662.9416794954,5364277.020845555,10.76596809800003,48.41808716100008,"(48.41808716100008, 10.76596809800003)","{'place_id': 172400300, 'licence': 'Data © OpenStreetMap contributors, ODbL 1.0. https://osm.org/copyright', 'osm_type': 'way', 'osm_id': 295617776, 'lat': '48.41807990023439', 'lon': '10.7659685481882', 'display_name': 'A 8, Rettenbergen, Gersthofen, Landkreis Augsburg, Bayern, 86368, Deutschland', 'address': {'road': 'A 8', 'village': 'Rettenbergen', 'town': 'Gersthofen', 'county': 'Landkreis Augsburg', 'state': 'Bayern', 'postcode': '86368', 'country': 'Deutschland', 'country_code': 'de'}, 'boundingbox': ['48.417199', '48.418131', '10.7449092', '10.7667927']}","A 8, Rettenbergen, Gersthofen, Landkreis Augsburg, Bayern, 86368, Deutschland",A 8,0,1,0,up,[48.41803007 10.76516488],14137.00617523874,14137.00617523874
79107,9,7,71,130,2019,12,16,5,3,2,6,2,0,1,0,0,0,645394.6798620783,5362894.918502512,10.964479599000072,48.402433235000046,"(48.402433235000046, 10.964479599000072)","{'place_id': 169711243, 'licence': 'Data © OpenStreetMap contributors, ODbL 1.0. https://osm.org/copyright', 'osm_type': 'way', 'osm_id': 280694759, 'lat': '48.40241636655011', 'lon': '10.96447666735503', 'display_name': 'A 8, Derching, Friedberg, Landkreis Aichach-Friedberg, Bayern, 86316, Deutschland', 'address': {'road': 'A 8', 'village': 'Derching', 'town': 'Friedberg', 'county': 'Landkreis Aichach-Friedberg', 'state': 'Bayern', 'postcode': '86316', 'country': 'Deutschland', 'country_code': 'de'}, 'boundingbox': ['48.401446', '48.4037486', '10.9564506', '10.981465']}","A 8, Derching, Friedberg, Landkreis Aichach-Friedberg, Bayern, 86316, Deutschland",A 8,0,1,0,up,[48.40248609 10.96407585],28998.780915399806,28998.780915399806
22729,9,7,71,122,2020,1,8,1,3,2,1,0,0,1,0,0,0,651970.3958999999,5362421.1128,11.05309689400002,48.396622552000046,"(48.396622552000046, 11.05309689400002)","{'place_id': 171593475, 'licence': 'Data © OpenStreetMap contributors, ODbL 1.0. https://osm.org/copyright', 'osm_type': 'way', 'osm_id': 288973413, 'lat': '48.39662447328903', 'lon': '11.053096974427044', 'display_name': 'A 8, Sophienhof, Bitzenhofen, Dasing, Landkreis Aichach-Friedberg, Bayern, 86453, Deutschland', 'address': {'road': 'A 8', 'hamlet': 'Sophienhof', 'village': 'Bitzenhofen', 'municipality': 'Dasing', 'county': 'Landkreis Aichach-Friedberg', 'state': 'Bayern', 'postcode': '86453', 'country': 'Deutschland', 'country_code': 'de'}, 'boundingbox': ['48.3960534', '48.4039031', '10.9564457', '11.0556046']}","A 8, Sophienhof, Bitzenhofen, Dasing, Landkreis Aichach-Friedberg, Bayern, 86453, Deutschland",A 8,9200105007173007360,1,0,down,[48.39664175 11.05268194],40043.470900814966,35633.22745203577
22979,9,1,74,135,2020,1,11,2,3,2,6,0,0,1,0,0,0,663293.7660999997,5353239.877599999,11.202398422000044,48.31125302600003,"(48.31125302600003, 11.202398422000044)","{'place_id': 169245527, 'licence': 'Data © OpenStreetMap contributors, ODbL 1.0. https://osm.org/copyright', 'osm_type': 'way', 'osm_id': 280422002, 'lat': '48.3112813464707', 'lon': '11.202418392244395', 'display_name': 'A 8, Spindelhafner, Taxa, Odelzhausen, Landkreis Dachau, Bayern, 85235, Deutschland', 'address': {'road': 'A 8', 'hamlet': 'Spindelhafner', 'village': 'Taxa', 'county': 'Landkreis Dachau', 'state': 'Bayern', 'postcode': '85235', 'country': 'Deutschland', 'country_code': 'de'}, 'boundingbox': ['48.3107187', '48.3145561', '11.1975496', '11.2032163']}","A 8, Spindelhafner, Taxa, Odelzhausen, Landkreis Dachau, Bayern, 85235, Deutschland",A 8,9200106001270000640,0,0,down,[48.31238092 11.20085961],25217.51108284513,50448.69350745379
23029,9,7,71,129,2020,1,8,3,3,2,6,0,0,1,0,0,0,658983.3349000001,5356861.298900001,11.14567104300005,48.34490914100007,"(48.34490914100007, 11.14567104300005)","{'place_id': 169792971, 'licence': 'Data © OpenStreetMap contributors, ODbL 1.0. https://osm.org/copyright', 'osm_type': 'way', 'osm_id': 280688898, 'lat': '48.34489578714057', 'lon': '11.145664767813946', 'display_name': 'A 8, Eurasburg, Dasing, Landkreis Aichach-Friedberg, Bayern, 86495, Deutschland', 'address': {'road': 'A 8', 'village': 'Eurasburg', 'municipality': 'Dasing', 'county': 'Landkreis Aichach-Friedberg', 'state': 'Bayern', 'postcode': '86495', 'country': 'Deutschland', 'country_code': 'de'}, 'boundingbox': ['48.3440891', '48.3451351', '11.1451555', '11.147404']}","A 8, Eurasburg, Dasing, Landkreis Aichach-Friedberg, Bayern, 86495, Deutschland",A 8,9200114001270005760,0,0,up,[48.34474282 11.14598963],44778.12207804102,44778.12207804102
23035,9,1,74,135,2020,1,8,2,2,2,6,0,0,1,0,0,0,661485.0780999996,5354584.949999999,11.178537483000072,48.32380986600003,"(48.32380986600003, 11.178537483000072)","{'place_id': 170077890, 'licence': 'Data © OpenStreetMap contributors, ODbL 1.0. https://osm.org/copyright', 'osm_type': 'way', 'osm_id': 280688897, 'lat': '48.323788908683426', 'lon': '11.17852759059395', 'display_name': 'A 8, Eurasburg, Dasing, Landkreis Aichach-Friedberg, Bayern, 85235, Deutschland', 'address': {'road': 'A 8', 'village': 'Eurasburg', 'municipality': 'Dasing', 'county': 'Landkreis Aichach-Friedberg', 'state': 'Bayern', 'postcode': '85235', 'country': 'Deutschland', 'country_code': 'de'}, 'boundingbox': ['48.3166388', '48.340026', '11.1555112', '11.193519']}","A 8, Eurasburg, Dasing, Landkreis Aichach-Friedberg, Bayern, 85235, Deutschland",A 8,9200113001270004736,0,1,up,[48.32350399 11.17913155],48194.0661894151,48194.0661894151
23053,9,7,71,129,2020,1,18,1,3,2,6,2,0,1,0,0,0,658841.3457000004,5356954.663000001,11.143791340000064,48.345784235000046,"(48.345784235000046, 11.143791340000064)","{'place_id': 169057293, 'licence': 'Data © OpenStreetMap contributors, ODbL 1.0. https://osm.org/copyright', 'osm_type': 'way', 'osm_id': 280690992, 'lat': '48.345761345493095', 'lon': '11.143781031887727', 'display_name': 'A 8, Holzschuster, Burgadelzhausen, Adelzhausen, Dasing, Landkreis Aichach-Friedberg, Bayern, 86559, Deutschland', 'address': {'road': 'A 8', 'hamlet': 'Holzschuster', 'village': 'Burgadelzhausen', 'municipality': 'Dasing', 'county': 'Landkreis Aichach-Friedberg', 'state': 'Bayern', 'postcode': '86559', 'country': 'Deutschland', 'country_code': 'de'}, 'boundingbox': ['48.3451351', '48.3478008', '11.1397371', '11.1451555']}","A 8, Holzschuster, Burgadelzhausen, Adelzhausen, Dasing, Landkreis Aichach-Friedberg, Bayern, 86559, Deutschland",A 8,9200112001270003712,0,0,up,[48.34616638 11.14288265],44608.504809584745,44608.504809584745
23090,9,1,74,113,2020,1,10,6,3,2,6,0,0,1,0,0,0,669282.7001,5349416.784700001,11.281575337000048,48.27531045300003,"(48.27531045300003, 11.281575337000048)","{'place_id': 135294201, 'licence': 'Data © OpenStreetMap contributors, ODbL 1.0. https://osm.org/copyright', 'osm_type': 'way', 'osm_id': 143575534, 'lat': '48.27532215001121', 'lon': '11.281581731800989', 'display_name': 'A 8, Haidhof, Einsbach, Sulzemoos, Landkreis Dachau, Bayern, 85254, Deutschland', 'address': {'road': 'A 8', 'hamlet': 'Haidhof', 'village': 'Einsbach', 'county': 'Landkreis Dachau', 'state': 'Bayern', 'postcode': '85254', 'country': 'Deutschland', 'country_code': 'de'}, 'boundingbox': ['48.2709261', '48.2802015', '11.2713689', '11.2871833']}","A 8, Haidhof, Einsbach, Sulzemoos, Landkreis Dachau, Bayern, 85254, Deutschland",A 8,9200110001270004736,0,1,down,[48.2756954  11.28089937],18062.691497928714,57605.29735094288