OBJECTID,ULAND,UREGBEZ,UKREIS,UGEMEINDE,UJAHR,UMONAT,USTUNDE,UWOCHENTAG,UKATEGORIE,UART,UTYP1,ULICHTVERH,IstRad,IstPKW,IstFuss,IstKrad,IstGkfz,LINREFX,LINREFY,XGCSWGS84,YGCSWGS84,coord,location_dict,address,road,UIDENTSTLAE,STRZUSTAND,IstSonstige,lane,coord_interp,dist_interp,dist_interp_up
23095,9,1,74,113,2020,1,7,3,3,2,6,1,0,1,0,0,0,674142.2665999996,5345100.011700001,11.345239550000032,48.23518831200005,"(48.23518831200005, 11.345239550000032)","{'place_id': 164049005, 'licence': 'Data © OpenStreetMap contributors, ODbL 1.0. https://osm.org/copyright', 'osm_type': 'way', 'osm_id': 251505090, 'lat': '48.23516076478125', 'lon': '11.345223812336245', 'display_name': 'A 8, Bergkirchen, Landkreis Dachau, Bayern, 85232, Deutschland', 'address': {'road': 'A 8', 'village': 'Bergkirchen', 'county': 'Landkreis Dachau', 'state': 'Bayern', 'postcode': '85232', 'country': 'Deutschland', 'country_code': 'de'}, 'boundingbox': ['48.2305476', '48.2364882', '11.3428447', '11.3530926']}","A 8, Bergkirchen, Landkreis Dachau, Bayern, 85232, Deutschland",A 8,9200114001270005760,1,0,up,[48.23528254 11.34501131],64164.852721223666,64164.852721223666
23112,9,7,71,122,2020,1,13,6,3,2,6,0,0,1,0,0,0,654894.7723000003,5360327.3804,11.09180574100003,48.37708712600005,"(48.37708712600005, 11.09180574100003)","{'place_id': 112409051, 'licence': 'Data © OpenStreetMap contributors, ODbL 1.0. https://osm.org/copyright', 'osm_type': 'way', 'osm_id': 42400874, 'lat': '48.37712699358269', 'lon': '11.09183143381025', 'display_name': 'A 8, Burgadelzhausen, Adelzhausen, Dasing, Landkreis Aichach-Friedberg, Bayern, 86453, Deutschland', 'address': {'road': 'A 8', 'village': 'Burgadelzhausen', 'municipality': 'Dasing', 'county': 'Landkreis Aichach-Friedberg', 'state': 'Bayern', 'postcode': '86453', 'country': 'Deutschland', 'country_code': 'de'}, 'boundingbox': ['48.3561686', '48.3880438', '11.0753176', '11.1309595']}","A 8, Burgadelzhausen, Adelzhausen, Dasing, Landkreis Aichach-Friedberg, Bayern, 86453, Deutschland",A 8,9200110007173004288,0,0,down,[48.37731882 11.09153382],36368.95072389601,39296.24404329462
23159,9,1,74,135,2020,1,8,3,3,2,6,0,0,1,0,0,1,664129.5489999996,5352429.582800001,11.213347026000063,48.30375215000004,"(48.30375215000004, 11.213347026000063)","{'place_id': 207325858, 'licence': 'Data © OpenStreetMap contributors, ODbL 1.0. https://osm.org/copyright', 'osm_type': 'way', 'osm_id': 477921133, 'lat': '48.30377148950997', 'lon': '11.213360309303349', 'display_name': 'A 8, Lukka, Taxa, Odelzhausen, Landkreis Dachau, Bayern, 85259, Deutschland', 'address': {'road': 'A 8', 'hamlet': 'Lukka', 'village': 'Taxa', 'county': 'Landkreis Dachau', 'state': 'Bayern', 'postcode': '85259', 'country': 'Deutschland', 'country_code': 'de'}, 'boundingbox': ['48.295503', '48.306587', '11.2092555', '11.2299598']}","A 8, Lukka, Taxa, Odelzhausen, Landkreis Dachau, Bayern, 85259, Deutschland",A 8,9200114001270005760,1,0,down,[48.30501295 11.21155242],24054.739381930936,51611.46189223922
23198,9,7,71,129,2020,1,11,7,3,3,6,0,0,1,0,0,1,659075.4145999998,5356800.3606,11.146889843000054,48.34433810600007,"(48.34433810600007, 11.146889843000054)","{'place_id': 100241, 'licence': 'Data © OpenStreetMap contributors, ODbL 1.0. https://osm.org/copyright', 'osm_type': 'node', 'osm_id': 237528, 'lat': '48.3440891', 'lon': '11.147404', 'display_name': 'Adelzhausener Berg, A 8, Eurasburg, Dasing, Landkreis Aichach-Friedberg, Bayern, 86495, Deutschland', 'address': {'highway': 'Adelzhausener Berg', 'road': 'A 8', 'village': 'Eurasburg', 'municipality': 'Dasing', 'county': 'Landkreis Aichach-Friedberg', 'state': 'Bayern', 'postcode': '86495', 'country': 'Deutschland', 'country_code': 'de'}, 'boundingbox': ['48.3440391', '48.3441391', '11.147354', '11.147454']}","Adelzhausener Berg, A 8, Eurasburg, Dasing, Landkreis Aichach-Friedberg, Bayern, 86495, Deutschland",A 8,9200111001270003712,0,0,up,[48.34426622 11.14701683],44888.378563289036,44888.378563289036
23221,9,7,71,129,2020,1,8,3,3,2,6,0,0,1,0,0,0,658983.3349000001,5356861.298900001,11.14567104300005,48.34490914100007,"(48.34490914100007, 11.14567104300005)","{'place_id': 169792971, 'licence': 'Data © OpenStreetMap contributors, ODbL 1.0. https://osm.org/copyright', 'osm_type': 'way', 'osm_id': 280688898, 'lat': '48.34489578714057', 'lon': '11.145664767813946', 'display_name': 'A 8, Eurasburg, Dasing, Landkreis Aichach-Friedberg, Bayern, 86495, Deutschland', 'address': {'road': 'A 8', 'village': 'Eurasburg', 'municipality': 'Dasing', 'county': 'Landkreis Aichach-Friedberg', 'state': 'Bayern', 'postcode': '86495', 'country': 'Deutschland', 'country_code': 'de'}, 'boundingbox': ['48.3440891', '48.3451351', '11.1451555', '11.147404']}","A 8, Eurasburg, Dasing, Landkreis Aichach-Friedberg, Bayern, 86495, Deutschland",A 8,9200114001270005760,0,0,up,[48.34474282 11.14598963],44778.12207804102,44778.12207804102
23283,9,7,71,122,2020,1,16,4,3,5,6,0,0,1,0,0,0,652650.4741000001,5362264.3453,11.062221484000077,48.39504882700004,"(48.39504882700004, 11.062221484000077)","{'place_id': 107914160, 'licence': 'Data © OpenStreetMap contributors, ODbL 1.0. https://osm.org/copyright', 'osm_type': 'way', 'osm_id': 27127051, 'lat': '48.39506074088849', 'lon': '11.06222519078286', 'display_name': 'A 8, Lindl, Dasing, Landkreis Aichach-Friedberg, Bayern, 86453, Deutschland', 'address': {'road': 'A 8', 'village': 'Lindl', 'municipality': 'Dasing', 'county': 'Landkreis Aichach-Friedberg', 'state': 'Bayern', 'postcode': '86453', 'country': 'Deutschland', 'country_code': 'de'}, 'boundingbox': ['48.3948165', '48.3951944', '11.0617956', '11.0630102']}","A 8, Lindl, Dasing, Landkreis Aichach-Friedberg, Bayern, 86453, Deutschland",A 8,9200108007173002240,0,0,down,[48.39495147 11.06257698],39343.22381450565,36327.66411650359
23286,9,1,74,135,2020,1,8,3,3,2,6,0,0,1,0,0,0,661241.9259000001,5354743.4603,11.175320287000034,48.32529696800003,"(48.32529696800003, 11.175320287000034)","{'place_id': 170077890, 'licence': 'Data © OpenStreetMap contributors, ODbL 1.0. https://osm.org/copyright', 'osm_type': 'way', 'osm_id': 280688897, 'lat': '48.325294077329985', 'lon': '11.175318944873599', 'display_name': 'A 8, Eurasburg, Dasing, Landkreis Aichach-Friedberg, Bayern, 85235, Deutschland', 'address': {'road': 'A 8', 'village': 'Eurasburg', 'municipality': 'Dasing', 'county': 'Landkreis Aichach-Friedberg', 'state': 'Bayern', 'postcode': '85235', 'country': 'Deutschland', 'country_code': 'de'}, 'boundingbox': ['48.3166388', '48.340026', '11.1555112', '11.193519']}","A 8, Eurasburg, Dasing, Landkreis Aichach-Friedberg, Bayern, 85235, Deutschland",A 8,9200114001270005760,1,1,up,[48.32513634 11.17565914],47904.305108352935,47904.305108352935
23302,9,7,71,122,2020,1,13,6,3,2,6,0,0,1,0,0,0,654895.3032999998,5360326.9011,11.09181273100006,48.37708268600005,"(48.37708268600005, 11.09181273100006)","{'place_id': 112409051, 'licence': 'Data © OpenStreetMap contributors, ODbL 1.0. https://osm.org/copyright', 'osm_type': 'way', 'osm_id': 42400874, 'lat': '48.37712250784662', 'lon': '11.091838394335472', 'display_name': 'A 8, Burgadelzhausen, Adelzhausen, Dasing, Landkreis Aichach-Friedberg, Bayern, 86453, Deutschland', 'address': {'road': 'A 8', 'village': 'Burgadelzhausen', 'municipality': 'Dasing', 'county': 'Landkreis Aichach-Friedberg', 'state': 'Bayern', 'postcode': '86453', 'country': 'Deutschland', 'country_code': 'de'}, 'boundingbox': ['48.3561686', '48.3880438', '11.0753176', '11.1309595']}","A 8, Burgadelzhausen, Adelzhausen, Dasing, Landkreis Aichach-Friedberg, Bayern, 86453, Deutschland",A 8,9200110007173003264,0,0,down,[48.37732329 11.09152688],36368.236202365035,39296.95858400061
23346,9,7,71,122,2020,1,13,5,3,2,6,0,0,1,0,0,0,651074.0865000002,5362358.3751,11.040973335000048,48.39627386900003,"(48.39627386900003, 11.040973335000048)","{'place_id': 171593475, 'licence': 'Data © OpenStreetMap contributors, ODbL 1.0. https://osm.org/copyright', 'osm_type': 'way', 'osm_id': 288973413, 'lat': '48.39630246009996', 'lon': '11.04097217505652', 'display_name': 'A 8, Sophienhof, Bitzenhofen, Dasing, Landkreis Aichach-Friedberg, Bayern, 86453, Deutschland', 'address': {'road': 'A 8', 'hamlet': 'Sophienhof', 'village': 'Bitzenhofen', 'municipality': 'Dasing', 'county': 'Landkreis Aichach-Friedberg', 'state': 'Bayern', 'postcode': '86453', 'country': 'Deutschland', 'country_code': 'de'}, 'boundingbox': ['48.3960534', '48.4039031', '10.9564457', '11.0556046']}","A 8, Sophienhof, Bitzenhofen, Dasing, Landkreis Aichach-Friedberg, Bayern, 86453, Deutschland",A 8,9200116007170007040,0,0,down,[48.39600382 11.03407844],40940.48629888114,34738.35622344014
23487,9,7,71,130,2020,1,14,7,3,3,6,0,0,1,0,0,0,644146.2241000001,5363186.910499999,10.947721724000075,48.40534533500005,"(48.40534533500005, 10.947721724000075)","{'place_id': 170078922, 'licence': 'Data © OpenStreetMap contributors, ODbL 1.0. https://osm.org/copyright', 'osm_type': 'way', 'osm_id': 280694756, 'lat': '48.405360077660625', 'lon': '10.947724255031119', 'display_name': 'A 8, Dickelsmoor, Friedberg, Landkreis Aichach-Friedberg, Bayern, 86169, Deutschland', 'address': {'road': 'A 8', 'hamlet': 'Dickelsmoor', 'town': 'Friedberg', 'county': 'Landkreis Aichach-Friedberg', 'state': 'Bayern', 'postcode': '86169', 'country': 'Deutschland', 'country_code': 'de'}, 'boundingbox': ['48.4052755', '48.4085066', '10.9287196', '10.9482169']}","A 8, Dickelsmoor, Friedberg, Landkreis Aichach-Friedberg, Bayern, 86169, Deutschland",A 8,9200118007173016576,0,0,down,[48.40532997 10.94790255],47952.693220646164,27719.633799828967
23583,9,1,74,146,2020,1,13,6,3,2,6,0,0,1,0,0,0,666025.2654999997,5351279.6867,11.238439107000032,48.29292010400008,"(48.29292010400008, 11.238439107000032)","{'place_id': 108867869, 'licence': 'Data © OpenStreetMap contributors, ODbL 1.0. https://osm.org/copyright', 'osm_type': 'way', 'osm_id': 28802113, 'lat': '48.29295248972948', 'lon': '11.238448729834712', 'display_name': 'A 8, Ziegelstadel, Wiedenzhausen, Sulzemoos, Landkreis Dachau, Bayern, 85259, Deutschland', 'address': {'road': 'A 8', 'hamlet': 'Ziegelstadel', 'village': 'Wiedenzhausen', 'county': 'Landkreis Dachau', 'state': 'Bayern', 'postcode': '85259', 'country': 'Deutschland', 'country_code': 'de'}, 'boundingbox': ['48.287303', '48.2952793', '11.2306553', '11.2558719']}","A 8, Ziegelstadel, Wiedenzhausen, Sulzemoos, Landkreis Dachau, Bayern, 85259, Deutschland",A 8,9200117001270009856,0,0,down,[48.29347047 11.23670614],21821.60444811606,53850.69877763857
23595,9,1,74,146,2020,1,8,6,3,2,6,0,0,1,0,0,1,667587.2709999997,5350542.1622,11.25918933500003,48.28587826200004,"(48.28587826200004, 11.25918933500003)","{'place_id': 169604271, 'licence': 'Data © OpenStreetMap contributors, ODbL 1.0. https://osm.org/copyright', 'osm_type': 'way', 'osm_id': 280422003, 'lat': '48.28587731129618', 'lon': '11.259188902517975', 'display_name': 'A 8, Ziegelstadel, Sulzemoos, Landkreis Dachau, Bayern, 85254, Deutschland', 'address': {'road': 'A 8', 'hamlet': 'Ziegelstadel', 'village': 'Sulzemoos', 'county': 'Landkreis Dachau', 'state': 'Bayern', 'postcode': '85254', 'country': 'Deutschland', 'country_code': 'de'}, 'boundingbox': ['48.283379', '48.2871764', '11.2561764', '11.264606']}","A 8, Ziegelstadel, Sulzemoos, Landkreis Dachau, Bayern, 85254, Deutschland",A 8,9200117001270009856,1,0,down,[48.28678333 11.25712934],20094.672354004826,55575.12507807417
23777,9,7,61,0,2020,1,5,5,3,8,1,2,0,1,0,0,0,642695.4381999996,5363509.482899999,10.928239812000072,48.40857581700004,"(48.40857581700004, 10.928239812000072)","{'place_id': 233544077, 'licence': 'Data © OpenStreetMap contributors, ODbL 1.0. https://osm.org/copyright', 'osm_type': 'way', 'osm_id': 665188481, 'lat': '48.40858612695915', 'lon': '10.928241527051442', 'display_name': 'A 8, Hammerschmiede, Augsburg, Bayern, 86169, Deutschland', 'address': {'road': 'A 8', 'suburb': 'Hammerschmiede', 'city': 'Augsburg', 'state': 'Bayern', 'postcode': '86169', 'country': 'Deutschland', 'country_code': 'de'}, 'boundingbox': ['48.4085066', '48.4088208', '10.9268308', '10.9287196']}","A 8, Hammerschmiede, Augsburg, Bayern, 86169, Deutschland",A 8,9200123007173024768,1,0,down,[48.40874183 10.92730728],49435.4152081578,26237.041950441388
23825,9,1,74,146,2020,1,16,5,3,3,6,0,0,1,0,0,1,666764.1081999997,5350971.872199999,11.248271079000062,48.289958658000046,"(48.289958658000046, 11.248271079000062)","{'place_id': 108867869, 'licence': 'Data © OpenStreetMap contributors, ODbL 1.0. https://osm.org/copyright', 'osm_type': 'way', 'osm_id': 28802113, 'lat': '48.290008675812715', 'lon': '11.248286314620142', 'display_name': 'A 8, Ziegelstadel, Wiedenzhausen, Sulzemoos, Landkreis Dachau, Bayern, 85259, Deutschland', 'address': {'road': 'A 8', 'hamlet': 'Ziegelstadel', 'village': 'Wiedenzhausen', 'county': 'Landkreis Dachau', 'state': 'Bayern', 'postcode': '85259', 'country': 'Deutschland', 'country_code': 'de'}, 'boundingbox': ['48.287303', '48.2952793', '11.2306553', '11.2558719']}","A 8, Ziegelstadel, Wiedenzhausen, Sulzemoos, Landkreis Dachau, Bayern, 85259, Deutschland",A 8,9200123001270017024,1,0,down,[48.29065532 11.24616295],21022.867762353748,54649.31544466627
23875,9,1,74,146,2020,1,16,5,3,2,6,0,0,1,0,0,0,666717.9807000002,5350991.367799999,11.247657392000065,48.29014607200003,"(48.29014607200003, 11.247657392000065)","{'place_id': 108867869, 'licence': 'Data © OpenStreetMap contributors, ODbL 1.0. https://osm.org/copyright', 'osm_type': 'way', 'osm_id': 28802113, 'lat': '48.290195648229584', 'lon': '11.247672493112207', 'display_name': 'A 8, Ziegelstadel, Wiedenzhausen, Sulzemoos, Landkreis Dachau, Bayern, 85259, Deutschland', 'address': {'road': 'A 8', 'hamlet': 'Ziegelstadel', 'village': 'Wiedenzhausen', 'county': 'Landkreis Dachau', 'state': 'Bayern', 'postcode': '85259', 'country': 'Deutschland', 'country_code': 'de'}, 'boundingbox': ['48.287303', '48.2952793', '11.2306553', '11.2558719']}","A 8, Ziegelstadel, Wiedenzhausen, Sulzemoos, Landkreis Dachau, Bayern, 85259, Deutschland",A 8,9200123001270017024,0,0,down,[48.29046829 11.2467769 ],21072.839365477677,54599.34486958735
24051,9,7,72,147,2020,1,22,1,3,8,1,2,0,1,0,0,0,634345.9343,5364473.2937,10.815782611000031,48.41907750800005,"(48.41907750800005, 10.815782611000031)","{'place_id': 181099388, 'licence': 'Data © OpenStreetMap contributors, ODbL 1.0. https://osm.org/copyright', 'osm_type': 'way', 'osm_id': 330705165, 'lat': '48.41905297652263', 'lon': '10.815780385795552', 'display_name': 'A 8, Gailenbach, Edenbergen, Gersthofen, Landkreis Augsburg, Bayern, 86368, Deutschland', 'address': {'road': 'A 8', 'hamlet': 'Gailenbach', 'village': 'Edenbergen', 'town': 'Gersthofen', 'county': 'Landkreis Augsburg', 'state': 'Bayern', 'postcode': '86368', 'country': 'Deutschland', 'country_code': 'de'}, 'boundingbox': ['48.4190459', '48.419288', '10.8131894', '10.8158584']}","A 8, Gailenbach, Edenbergen, Gersthofen, Landkreis Augsburg, Bayern, 86368, Deutschland",A 8,9200119007173013504,2,0,up,[48.41887204 10.81762166],17833.7879183351,17833.7879183351
24128,9,1,74,146,2020,1,23,5,3,2,1,2,0,1,0,0,0,668820.4664000003,5349716.5529,11.27547023300002,48.27812865900006,"(48.27812865900006, 11.27547023300002)","{'place_id': 134592671, 'licence': 'Data © OpenStreetMap contributors, ODbL 1.0. https://osm.org/copyright', 'osm_type': 'way', 'osm_id': 143578406, 'lat': '48.27810568721306', 'lon': '11.275459341765567', 'display_name': 'A 8, Einsbach, Sulzemoos, Landkreis Dachau, Bayern, 85254, Deutschland', 'address': {'road': 'A 8', 'village': 'Einsbach', 'county': 'Landkreis Dachau', 'state': 'Bayern', 'postcode': '85254', 'country': 'Deutschland', 'country_code': 'de'}, 'boundingbox': ['48.2776562', '48.2787606', '11.274078', '11.2764074']}","A 8, Einsbach, Sulzemoos, Landkreis Dachau, Bayern, 85254, Deutschland",A 8,9200130001270024192,1,0,up,[48.27830704 11.27503481],57056.170886981134,57056.170886981134
24174,9,1,79,142,2020,1,7,4,3,2,6,1,0,1,0,0,1,675941.8399,5343611.7004,11.368835839000042,48.22131297600004,"(48.22131297600004, 11.368835839000042)","{'place_id': 180097007, 'licence': 'Data © OpenStreetMap contributors, ODbL 1.0. https://osm.org/copyright', 'osm_type': 'way', 'osm_id': 327462613, 'lat': '48.22128043407938', 'lon': '11.368816653554187', 'display_name': 'A 8, Graßlfing, Olching, Landkreis Fürstenfeldbruck, Bayern, 82140, Deutschland', 'address': {'road': 'A 8', 'suburb': 'Graßlfing', 'town': 'Olching', 'county': 'Landkreis Fürstenfeldbruck', 'state': 'Bayern', 'postcode': '82140', 'country': 'Deutschland', 'country_code': 'de'}, 'boundingbox': ['48.2199694', '48.2294326', '11.3549891', '11.3710404']}","A 8, Graßlfing, Olching, Landkreis Fürstenfeldbruck, Bayern, 82140, Deutschland",A 8,9200129001270139904,1,0,up,[48.22379881 11.36454517],66496.89108050235,66496.89108050235
24376,9,7,72,223,2020,1,15,3,3,2,6,0,0,1,0,0,1,615497.6233000001,5362373.863,10.560562436000057,48.40393440100007,"(48.40393440100007, 10.560562436000057)","{'place_id': 143669431, 'licence': 'Data © OpenStreetMap contributors, ODbL 1.0. https://osm.org/copyright', 'osm_type': 'way', 'osm_id': 180119699, 'lat': '48.40386543588636', 'lon': '10.560592774622462', 'display_name': 'A 8, Vallried, Wollbach, Zusmarshausen, Jettingen-Scheppach, Landkreis Augsburg, Bayern, 86441, Deutschland', 'address': {'road': 'A 8', 'hamlet': 'Vallried', 'village': 'Wollbach', 'municipality': 'Jettingen-Scheppach', 'county': 'Landkreis Augsburg', 'state': 'Bayern', 'postcode': '86441', 'country': 'Deutschland', 'country_code': 'de'}, 'boundingbox': ['48.399835', '48.407249', '10.5221641', '10.575949']}","A 8, Vallried, Wollbach, Zusmarshausen, Jettingen-Scheppach, Landkreis Augsburg, Bayern, 86441, Deutschland",A 8,9200128007170023424,1,0,,,,
24431,9,1,79,142,2020,1,12,2,2,1,6,0,0,1,0,0,1,675502.3107000003,5343975.7985,11.363074090000056,48.22470764900004,"(48.22470764900004, 11.363074090000056)","{'place_id': 180097007, 'licence': 'Data © OpenStreetMap contributors, ODbL 1.0. https://osm.org/copyright', 'osm_type': 'way', 'osm_id': 327462613, 'lat': '48.224676761335374', 'lon': '11.363055879838926', 'display_name': 'A 8, Graßlfing, Olching, Landkreis Fürstenfeldbruck, Bayern, 82140, Deutschland', 'address': {'road': 'A 8', 'suburb': 'Graßlfing', 'town': 'Olching', 'county': 'Landkreis Fürstenfeldbruck', 'state': 'Bayern', 'postcode': '82140', 'country': 'Deutschland', 'country_code': 'de'}, 'boundingbox': ['48.2199694', '48.2294326', '11.3549891', '11.3710404']}","A 8, Graßlfing, Olching, Landkreis Fürstenfeldbruck, Bayern, 82140, Deutschland",A 8,9200127001270017024,0,0,up,[48.22817168 11.3571319 ],65926.92509780658,65926.92509780658
24462,9,7,72,223,2020,1,22,6,3,3,7,2,0,1,0,0,1,617679.5153999999,5363067.1644,10.59022609400006,48.40976575900004,"(48.40976575900004, 10.59022609400006)","{'place_id': 161862030, 'licence': 'Data © OpenStreetMap contributors, ODbL 1.0. https://osm.org/copyright', 'osm_type': 'way', 'osm_id': 246271668, 'lat': '48.4098048024056', 'lon': '10.590222916089168', 'display_name': 'A 8, Friedensdorf, Wollbach, Zusmarshausen, Landkreis Augsburg, Bayern, 86441, Deutschland', 'address': {'road': 'A 8', 'hamlet': 'Friedensdorf', 'village': 'Wollbach', 'county': 'Landkreis Augsburg', 'state': 'Bayern', 'postcode': '86441', 'country': 'Deutschland', 'country_code': 'de'}, 'boundingbox': ['48.407462', '48.4099617', '10.5760621', '10.592436']}","A 8, Friedensdorf, Wollbach, Zusmarshausen, Landkreis Augsburg, Bayern, 86441, Deutschland",A 8,9200131007173035008,0,0,down,[48.41130289 10.59720022],74233.45172012503,1424.024566216433
24735,9,7,71,122,2020,2,17,4,3,2,6,1,0,1,0,0,0,648931.5290000001,5362687.086100001,11.012163211000027,48.39973900200005,"(48.39973900200005, 11.012163211000027)","{'place_id': 179625445, 'licence': 'Data © OpenStreetMap contributors, ODbL 1.0. https://osm.org/copyright', 'osm_type': 'way', 'osm_id': 327495113, 'lat': '48.39971771580213', 'lon': '11.012161644936953', 'display_name': 'A 8, Sophienhof, Bitzenhofen, Dasing, Landkreis Aichach-Friedberg, Bayern, 86453, Deutschland', 'address': {'road': 'A 8', 'hamlet': 'Sophienhof', 'village': 'Bitzenhofen', 'municipality': 'Dasing', 'county': 'Landkreis Aichach-Friedberg', 'state': 'Bayern', 'postcode': '86453', 'country': 'Deutschland', 'country_code': 'de'}, 'boundingbox': ['48.3959071', '48.4010591', '10.9924061', '11.0555759']}","A 8, Sophienhof, Bitzenhofen, Dasing, Landkreis Aichach-Friedberg, Bayern, 86453, Deutschland",A 8,9200205007173039104,0,0,up,[48.39965353 11.01303137],32541.500531694724,32541.500531694724
24741,9,7,72,147,2020,2,18,7,3,9,1,2,0,1,0,0,0,632691.7967999997,5364535.0199,10.793456742000046,48.41998310600008,"(48.41998310600008, 10.793456742000046)","{'place_id': 174386000, 'licence': 'Data © OpenStreetMap contributors, ODbL 1.0. https://osm.org/copyright', 'osm_type': 'way', 'osm_id': 304768100, 'lat': '48.41997972127988', 'lon': '10.793456780892615', 'display_name': 'A 8, Edenbergen, Gersthofen, Landkreis Augsburg, Bayern, 86368, Deutschland', 'address': {'road': 'A 8', 'village': 'Edenbergen', 'town': 'Gersthofen', 'county': 'Landkreis Augsburg', 'state': 'Bayern', 'postcode': '86368', 'country': 'Deutschland', 'country_code': 'de'}, 'boundingbox': ['48.4198937', '48.4200197', '10.7871043', '10.8005508']}","A 8, Edenbergen, Gersthofen, Landkreis Augsburg, Bayern, 86368, Deutschland",A 8,9200208007173047296,0,1,up,[48.42001737 10.79603211],16180.548020865737,16180.548020865737
24782,9,7,61,0,2020,2,5,1,2,2,6,2,0,1,0,0,0,642828.2255999995,5363479.4021000005,10.930022868000036,48.40827527100004,"(48.40827527100004, 10.930022868000036)","{'place_id': 170078922, 'licence': 'Data © OpenStreetMap contributors, ODbL 1.0. https://osm.org/copyright', 'osm_type': 'way', 'osm_id': 280694756, 'lat': '48.40828778405941', 'lon': '10.930024965540328', 'display_name': 'A 8, Dickelsmoor, Friedberg, Landkreis Aichach-Friedberg, Bayern, 86169, Deutschland', 'address': {'road': 'A 8', 'hamlet': 'Dickelsmoor', 'town': 'Friedberg', 'county': 'Landkreis Aichach-Friedberg', 'state': 'Bayern', 'postcode': '86169', 'country': 'Deutschland', 'country_code': 'de'}, 'boundingbox': ['48.4052755', '48.4085066', '10.9287196', '10.9482169']}","A 8, Dickelsmoor, Friedberg, Landkreis Aichach-Friedberg, Bayern, 86169, Deutschland",A 8,9200202007173047296,1,0,down,[48.40838031 10.92947541],49299.585087787964,26372.84709304939
24791,9,1,74,113,2020,2,15,5,3,3,6,0,0,1,0,0,0,670603.8328999998,5347725.627900001,11.298684382000031,48.25975323600005,"(48.25975323600005, 11.298684382000031)","{'place_id': 179888512, 'licence': 'Data © OpenStreetMap contributors, ODbL 1.0. https://osm.org/copyright', 'osm_type': 'way', 'osm_id': 327464676, 'lat': '48.25973033486313', 'lon': '11.298662742978786', 'display_name': 'A 8, Lauterbach, Bergkirchen, Landkreis Dachau, Bayern, 85232, Deutschland', 'address': {'road': 'A 8', 'village': 'Lauterbach', 'county': 'Landkreis Dachau', 'state': 'Bayern', 'postcode': '85232', 'country': 'Deutschland', 'country_code': 'de'}, 'boundingbox': ['48.2581997', '48.2599717', '11.2984073', '11.3003286']}","A 8, Lauterbach, Bergkirchen, Landkreis Dachau, Bayern, 85232, Deutschland",A 8,9200206001270056960,0,0,up,[48.25908211 11.29934919],59750.38285734478,59750.38285734478
24895,9,1,74,135,2020,2,23,2,2,7,7,2,0,0,0,0,1,663279.4837999996,5353253.581,11.202211243000022,48.31137990800005,"(48.31137990800005, 11.202211243000022)","{'place_id': 169245527, 'licence': 'Data © OpenStreetMap contributors, ODbL 1.0. https://osm.org/copyright', 'osm_type': 'way', 'osm_id': 280422002, 'lat': '48.31141163988033', 'lon': '11.20223361880767', 'display_name': 'A 8, Spindelhafner, Taxa, Odelzhausen, Landkreis Dachau, Bayern, 85235, Deutschland', 'address': {'road': 'A 8', 'hamlet': 'Spindelhafner', 'village': 'Taxa', 'county': 'Landkreis Dachau', 'state': 'Bayern', 'postcode': '85235', 'country': 'Deutschland', 'country_code': 'de'}, 'boundingbox': ['48.3107187', '48.3145561', '11.1975496', '11.2032163']}","A 8, Spindelhafner, Taxa, Odelzhausen, Landkreis Dachau, Bayern, 85235, Deutschland",A 8,9200210001270041600,1,1,down,[48.31225162 11.20104294],25237.278182096543,50428.85571298336
24944,9,7,71,122,2020,2,17,4,3,2,6,2,0,1,0,0,0,648991.2932000002,5362682.6865,11.012968585000069,48.399685325000064,"(48.399685325000064, 11.012968585000069)","{'place_id': 179625445, 'licence': 'Data © OpenStreetMap contributors, ODbL 1.0. https://osm.org/copyright', 'osm_type': 'way', 'osm_id': 327495113, 'lat': '48.39965849303736', 'lon': '11.012966610925275', 'display_name': 'A 8, Sophienhof, Bitzenhofen, Dasing, Landkreis Aichach-Friedberg, Bayern, 86453, Deutschland', 'address': {'road': 'A 8', 'hamlet': 'Sophienhof', 'village': 'Bitzenhofen', 'municipality': 'Dasing', 'county': 'Landkreis Aichach-Friedberg', 'state': 'Bayern', 'postcode': '86453', 'country': 'Deutschland', 'country_code': 'de'}, 'boundingbox': ['48.3959071', '48.4010591', '10.9924061', '11.0555759']}","A 8, Sophienhof, Bitzenhofen, Dasing, Landkreis Aichach-Friedberg, Bayern, 86453, Deutschland",A 8,9200205007173051392,0,0,up,[48.39971254 11.01222689],32601.270494767723,32601.270494767723
25046,9,7,72,147,2020,2,2,5,3,8,1,2,0,1,0,0,0,636537.8124000002,5364236.7611,10.845314571000074,48.41647944900007,"(48.41647944900007, 10.845314571000074)","{'place_id': 180168261, 'licence': 'Data © OpenStreetMap contributors, ODbL 1.0. https://osm.org/copyright', 'osm_type': 'way', 'osm_id': 327643027, 'lat': '48.416476594766365', 'lon': '10.845314321217511', 'display_name': 'A 8, Hirblingen, Gersthofen, Landkreis Augsburg, Bayern, 86368, Deutschland', 'address': {'road': 'A 8', 'village': 'Hirblingen', 'town': 'Gersthofen', 'county': 'Landkreis Augsburg', 'state': 'Bayern', 'postcode': '86368', 'country': 'Deutschland', 'country_code': 'de'}, 'boundingbox': ['48.4150344', '48.4168632', '10.8408789', '10.8621793']}","A 8, Hirblingen, Gersthofen, Landkreis Augsburg, Bayern, 86368, Deutschland",A 8,9200213007173050368,1,0,up,[48.41657309 10.84421594],20033.109459462485,20033.109459462485