OBJECTID,ULAND,UREGBEZ,UKREIS,UGEMEINDE,UJAHR,UMONAT,USTUNDE,UWOCHENTAG,UKATEGORIE,UART,UTYP1,ULICHTVERH,IstRad,IstPKW,IstFuss,IstKrad,IstGkfz,LINREFX,LINREFY,XGCSWGS84,YGCSWGS84,coord,location_dict,address,road,UIDENTSTLAE,STRZUSTAND,IstSonstige,lane,coord_interp,dist_interp,dist_interp_up
25126,9,1,74,146,2020,2,9,4,3,2,6,0,0,1,0,0,0,666486.9846000001,5351088.288000001,11.24458383800004,48.29107817000005,"(48.29107817000005, 11.24458383800004)","{'place_id': 108867869, 'licence': 'Data © OpenStreetMap contributors, ODbL 1.0. https://osm.org/copyright', 'osm_type': 'way', 'osm_id': 28802113, 'lat': '48.291125083868685', 'lon': '11.244597780477516', 'display_name': 'A 8, Ziegelstadel, Wiedenzhausen, Sulzemoos, Landkreis Dachau, Bayern, 85259, Deutschland', 'address': {'road': 'A 8', 'hamlet': 'Ziegelstadel', 'village': 'Wiedenzhausen', 'county': 'Landkreis Dachau', 'state': 'Bayern', 'postcode': '85259', 'country': 'Deutschland', 'country_code': 'de'}, 'boundingbox': ['48.287303', '48.2952793', '11.2306553', '11.2558719']}","A 8, Ziegelstadel, Wiedenzhausen, Sulzemoos, Landkreis Dachau, Bayern, 85259, Deutschland",A 8,9200212001270043648,0,0,down,[48.28953272 11.24984804],21322.80934934923,54349.43813446669
25155,9,7,71,122,2020,2,13,3,3,9,1,0,0,1,0,0,0,655034.4050000003,5360182.486500001,11.093636693000064,48.37575015300007,"(48.37575015300007, 11.093636693000064)","{'place_id': 123171715, 'licence': 'Data © OpenStreetMap contributors, ODbL 1.0. https://osm.org/copyright', 'osm_type': 'way', 'osm_id': 95261689, 'lat': '48.375723362756986', 'lon': '11.09361965803445', 'display_name': 'A 8, Burgadelzhausen, Adelzhausen, Dasing, Landkreis Aichach-Friedberg, Bayern, 86453, Deutschland', 'address': {'road': 'A 8', 'village': 'Burgadelzhausen', 'municipality': 'Dasing', 'county': 'Landkreis Aichach-Friedberg', 'state': 'Bayern', 'postcode': '86453', 'country': 'Deutschland', 'country_code': 'de'}, 'boundingbox': ['48.3561378', '48.3880253', '11.0750446', '11.1307183']}","A 8, Burgadelzhausen, Adelzhausen, Dasing, Landkreis Aichach-Friedberg, Bayern, 86453, Deutschland",A 8,9200211007173042176,2,0,up,[48.37741837 11.09095447],39496.79221334229,39496.79221334229
25299,9,7,71,122,2020,2,19,4,3,8,1,2,0,1,0,0,0,655649.8433999997,5359657.5124,11.101747634000048,48.37087884800008,"(48.37087884800008, 11.101747634000048)","{'place_id': 112409051, 'licence': 'Data © OpenStreetMap contributors, ODbL 1.0. https://osm.org/copyright', 'osm_type': 'way', 'osm_id': 42400874, 'lat': '48.370916904607206', 'lon': '11.101768297626252', 'display_name': 'A 8, Burgadelzhausen, Adelzhausen, Dasing, Landkreis Aichach-Friedberg, Bayern, 86453, Deutschland', 'address': {'road': 'A 8', 'village': 'Burgadelzhausen', 'municipality': 'Dasing', 'county': 'Landkreis Aichach-Friedberg', 'state': 'Bayern', 'postcode': '86453', 'country': 'Deutschland', 'country_code': 'de'}, 'boundingbox': ['48.3561686', '48.3880438', '11.0753176', '11.1309595']}","A 8, Burgadelzhausen, Adelzhausen, Dasing, Landkreis Aichach-Friedberg, Bayern, 86453, Deutschland",A 8,9200219007173062656,0,0,down,[48.37051168 11.10251514],35360.95534108561,40305.97355083731
25580,9,1,62,0,2020,2,11,7,3,2,6,0,0,1,0,0,0,680325.0596000003,5339750.8343,11.426155668000035,48.185377877000064,"(48.185377877000064, 11.426155668000035)","{'place_id': 168985329, 'licence': 'Data © OpenStreetMap contributors, ODbL 1.0. https://osm.org/copyright', 'osm_type': 'way', 'osm_id': 280342521, 'lat': '48.185370536032124', 'lon': '11.426150824403434', 'display_name': 'A 8, Langwied, Lochhausen, Aubing-Lochhausen-Langwied, München, Bayern, 81249, Deutschland', 'address': {'road': 'A 8', 'suburb': 'Langwied', 'city_district': 'Aubing-Lochhausen-Langwied', 'city': 'München', 'state': 'Bayern', 'postcode': '81249', 'country': 'Deutschland', 'country_code': 'de'}, 'boundingbox': ['48.1840537', '48.1925585', '11.4152488', '11.4281457']}","A 8, Langwied, Lochhausen, Aubing-Lochhausen-Langwied, München, Bayern, 81249, Deutschland",A 8,9200215001270043648,0,0,up,[48.1848861 11.4268778],72332.80049995039,72332.80049995039
25651,9,7,72,223,2020,2,20,4,3,8,1,2,0,1,0,0,0,622007.8559,5363352.670399999,10.648774072000036,48.411510196000044,"(48.411510196000044, 10.648774072000036)","{'place_id': 158833556, 'licence': 'Data © OpenStreetMap contributors, ODbL 1.0. https://osm.org/copyright', 'osm_type': 'way', 'osm_id': 231885720, 'lat': '48.411486714751746', 'lon': '10.648777389973246', 'display_name': 'A 8, Zusmarshausen, Landkreis Augsburg, Bayern, 86441, Deutschland', 'address': {'road': 'A 8', 'village': 'Zusmarshausen', 'county': 'Landkreis Augsburg', 'state': 'Bayern', 'postcode': '86441', 'country': 'Deutschland', 'country_code': 'de'}, 'boundingbox': ['48.410977', '48.4132166', '10.6452292', '10.6594208']}","A 8, Zusmarshausen, Landkreis Augsburg, Bayern, 86441, Deutschland",A 8,9200226007127056384,2,0,up,[48.4115789  10.64942849],5245.140253056005,5245.140253056005
25777,9,7,71,129,2020,2,13,6,3,2,6,0,0,1,0,0,0,660283.8940000003,5355613.6763,11.16273598300006,48.33336407000007,"(48.33336407000007, 11.16273598300006)","{'place_id': 170077890, 'licence': 'Data © OpenStreetMap contributors, ODbL 1.0. https://osm.org/copyright', 'osm_type': 'way', 'osm_id': 280688897, 'lat': '48.33337086929666', 'lon': '11.162743248915053', 'display_name': 'A 8, Eurasburg, Dasing, Landkreis Aichach-Friedberg, Bayern, 85235, Deutschland', 'address': {'road': 'A 8', 'village': 'Eurasburg', 'municipality': 'Dasing', 'county': 'Landkreis Aichach-Friedberg', 'state': 'Bayern', 'postcode': '85235', 'country': 'Deutschland', 'country_code': 'de'}, 'boundingbox': ['48.3166388', '48.340026', '11.1555112', '11.193519']}","A 8, Eurasburg, Dasing, Landkreis Aichach-Friedberg, Bayern, 85235, Deutschland",A 8,9200221001270055936,0,0,up,[48.33312792 11.16297032],46603.13006108583,46603.13006108583
25893,9,7,71,130,2020,2,5,5,3,3,6,2,0,1,0,0,1,646339.1397000002,5362817.3331,10.977205608000077,48.40151712200003,"(48.40151712200003, 10.977205608000077)","{'place_id': 169711243, 'licence': 'Data © OpenStreetMap contributors, ODbL 1.0. https://osm.org/copyright', 'osm_type': 'way', 'osm_id': 280694759, 'lat': '48.40150245390779', 'lon': '10.977205883391832', 'display_name': 'A 8, Derching, Friedberg, Landkreis Aichach-Friedberg, Bayern, 86316, Deutschland', 'address': {'road': 'A 8', 'village': 'Derching', 'town': 'Friedberg', 'county': 'Landkreis Aichach-Friedberg', 'state': 'Bayern', 'postcode': '86316', 'country': 'Deutschland', 'country_code': 'de'}, 'boundingbox': ['48.401446', '48.4037486', '10.9564506', '10.981465']}","A 8, Derching, Friedberg, Landkreis Aichach-Friedberg, Bayern, 86316, Deutschland",A 8,9200220007173050368,0,0,up,[48.40144892 10.97435576],29949.72870727905,29949.72870727905
25906,9,1,74,113,2020,2,10,7,2,2,6,0,0,1,0,0,0,671634.7334000003,5346868.726399999,11.31221528800006,48.251771750000046,"(48.251771750000046, 11.31221528800006)","{'place_id': 107811431, 'licence': 'Data © OpenStreetMap contributors, ODbL 1.0. https://osm.org/copyright', 'osm_type': 'way', 'osm_id': 28801887, 'lat': '48.25177756478476', 'lon': '11.312218105190444', 'display_name': 'A 8, Palsweis, Bergkirchen, Landkreis Dachau, Bayern, 85232, Deutschland', 'address': {'road': 'A 8', 'village': 'Palsweis', 'county': 'Landkreis Dachau', 'state': 'Bayern', 'postcode': '85232', 'country': 'Deutschland', 'country_code': 'de'}, 'boundingbox': ['48.2425147', '48.2563862', '11.3031077', '11.331198']}","A 8, Palsweis, Bergkirchen, Landkreis Dachau, Bayern, 85232, Deutschland",A 8,9200222001270049792,0,0,down,[48.25178441 11.31220444],14568.027750236983,61101.02736309012
25935,9,1,74,113,2020,3,5,4,3,3,6,2,0,1,0,0,0,673777.0398000004,5345395.253699999,11.340446280000036,48.23794251800008,"(48.237942518000075, 11.340446280000036)","{'place_id': 125641879, 'licence': 'Data © OpenStreetMap contributors, ODbL 1.0. https://osm.org/copyright', 'osm_type': 'way', 'osm_id': 105836028, 'lat': '48.23829685', 'lon': '11.342871400000007', 'display_name': 'Logicpark, A 8, Bergkirchen, Landkreis Dachau, Bayern, 85232, Deutschland', 'address': {'building': 'Logicpark', 'road': 'A 8', 'village': 'Bergkirchen', 'county': 'Landkreis Dachau', 'state': 'Bayern', 'postcode': '85232', 'country': 'Deutschland', 'country_code': 'de'}, 'boundingbox': ['48.2371782', '48.2394155', '11.3410869', '11.3446559']}","Logicpark, A 8, Bergkirchen, Landkreis Dachau, Bayern, 85232, Deutschland",A 8,9200304001270074368,1,1,down,[48.23635646 11.34346307],11972.002664145859,63696.29889957634
25938,9,7,71,122,2020,2,15,6,3,2,6,0,0,1,0,0,0,649541.4966000002,5362548.5326000005,11.02034960800006,48.39834889400004,"(48.39834889400004, 11.02034960800006)","{'place_id': 179625445, 'licence': 'Data © OpenStreetMap contributors, ODbL 1.0. https://osm.org/copyright', 'osm_type': 'way', 'osm_id': 327495113, 'lat': '48.39833851003844', 'lon': '11.02034678600574', 'display_name': 'A 8, Sophienhof, Bitzenhofen, Dasing, Landkreis Aichach-Friedberg, Bayern, 86453, Deutschland', 'address': {'road': 'A 8', 'hamlet': 'Sophienhof', 'village': 'Bitzenhofen', 'municipality': 'Dasing', 'county': 'Landkreis Aichach-Friedberg', 'state': 'Bayern', 'postcode': '86453', 'country': 'Deutschland', 'country_code': 'de'}, 'boundingbox': ['48.3959071', '48.4010591', '10.9924061', '11.0555759']}","A 8, Sophienhof, Bitzenhofen, Dasing, Landkreis Aichach-Friedberg, Bayern, 86453, Deutschland",A 8,9200228007173059584,0,0,up,[48.39839036 11.02015709],33167.58833537025,33167.58833537025
25947,9,7,72,111,2020,2,17,5,3,8,1,2,0,1,0,0,0,626670.8937999997,5364148.643200001,10.712000468000042,48.41774797500005,"(48.41774797500005, 10.712000468000042)","{'place_id': 179285986, 'licence': 'Data © OpenStreetMap contributors, ODbL 1.0. https://osm.org/copyright', 'osm_type': 'way', 'osm_id': 327667395, 'lat': '48.41775661416853', 'lon': '10.71200112460333', 'display_name': 'A 8, Adelsried, Landkreis Augsburg, Bayern, 86477, Deutschland', 'address': {'road': 'A 8', 'village': 'Adelsried', 'county': 'Landkreis Augsburg', 'state': 'Bayern', 'postcode': '86477', 'country': 'Deutschland', 'country_code': 'de'}, 'boundingbox': ['48.4173813', '48.4201097', '10.6826043', '10.717102']}","A 8, Adelsried, Landkreis Augsburg, Bayern, 86477, Deutschland",A 8,9200227007170059264,2,0,down,[48.41765567 10.7133281 ],65533.91407607774,10141.296039282679
25962,9,1,62,0,2020,2,15,7,3,3,6,0,0,1,0,0,0,682392.0423,5337867.995999999,11.453131276000022,48.16786362600004,"(48.16786362600004, 11.453131276000022)","{'place_id': 114242210, 'licence': 'Data © OpenStreetMap contributors, ODbL 1.0. https://osm.org/copyright', 'osm_type': 'way', 'osm_id': 49026958, 'lat': '48.16786118608165', 'lon': '11.453129662190493', 'display_name': 'A 8, Pipping, Obermenzing, Pasing-Obermenzing, München, Bayern, 81247, Deutschland', 'address': {'road': 'A 8', 'suburb': 'Pipping', 'city_district': 'Pasing-Obermenzing', 'city': 'München', 'state': 'Bayern', 'postcode': '81247', 'country': 'Deutschland', 'country_code': 'de'}, 'boundingbox': ['48.1674823', '48.1682092', '11.4526035', '11.4537025']}","A 8, Pipping, Obermenzing, Pasing-Obermenzing, München, Bayern, 81247, Deutschland",A 8,9200229001270056960,0,0,down,[48.1678291  11.45317829],541.3507396661764,75125.57033570048
26059,9,1,74,135,2020,3,8,4,3,2,6,0,0,1,0,0,0,660837.8301999997,5355038.6338,11.169985312000051,48.32805358400003,"(48.32805358400003, 11.169985312000051)","{'place_id': 170077890, 'licence': 'Data © OpenStreetMap contributors, ODbL 1.0. https://osm.org/copyright', 'osm_type': 'way', 'osm_id': 280688897, 'lat': '48.32803895694867', 'lon': '11.169976939411873', 'display_name': 'A 8, Eurasburg, Dasing, Landkreis Aichach-Friedberg, Bayern, 85235, Deutschland', 'address': {'road': 'A 8', 'village': 'Eurasburg', 'municipality': 'Dasing', 'county': 'Landkreis Aichach-Friedberg', 'state': 'Bayern', 'postcode': '85235', 'country': 'Deutschland', 'country_code': 'de'}, 'boundingbox': ['48.3166388', '48.340026', '11.1555112', '11.193519']}","A 8, Eurasburg, Dasing, Landkreis Aichach-Friedberg, Bayern, 85235, Deutschland",A 8,9200304001270074368,0,0,up,[48.32835251 11.16942906],47404.35524729556,47404.35524729556
26160,9,7,71,111,2020,2,5,6,3,9,1,2,0,1,0,0,0,658270.8468000004,5357398.902799999,11.136264205000032,48.349921316000064,"(48.349921316000064, 11.136264205000032)","{'place_id': 114713, 'licence': 'Data © OpenStreetMap contributors, ODbL 1.0. https://osm.org/copyright', 'osm_type': 'node', 'osm_id': 25706254, 'lat': '48.3505353', 'lon': '11.1358104', 'display_name': 'Adelzhausen, A 8, Holzschuster, Burgadelzhausen, Adelzhausen, Dasing, Landkreis Aichach-Friedberg, Bayern, 86559, Deutschland', 'address': {'highway': 'Adelzhausen', 'road': 'A 8', 'hamlet': 'Holzschuster', 'village': 'Burgadelzhausen', 'municipality': 'Dasing', 'county': 'Landkreis Aichach-Friedberg', 'state': 'Bayern', 'postcode': '86559', 'country': 'Deutschland', 'country_code': 'de'}, 'boundingbox': ['48.3504853', '48.3505853', '11.1357604', '11.1358604']}","Adelzhausen, A 8, Holzschuster, Burgadelzhausen, Adelzhausen, Dasing, Landkreis Aichach-Friedberg, Bayern, 86559, Deutschland",A 8,9200228007173059584,2,0,up,[48.35066802 11.13565146],43887.027167219436,43887.027167219436
26341,9,7,71,129,2020,3,13,2,3,3,6,0,0,1,0,0,0,660387.3272000002,5355477.691,11.16407883200003,48.33211528800008,"(48.332115288000075, 11.16407883200003)","{'place_id': 170077890, 'licence': 'Data © OpenStreetMap contributors, ODbL 1.0. https://osm.org/copyright', 'osm_type': 'way', 'osm_id': 280688897, 'lat': '48.332082540989234', 'lon': '11.164051019083193', 'display_name': 'A 8, Eurasburg, Dasing, Landkreis Aichach-Friedberg, Bayern, 85235, Deutschland', 'address': {'road': 'A 8', 'village': 'Eurasburg', 'municipality': 'Dasing', 'county': 'Landkreis Aichach-Friedberg', 'state': 'Bayern', 'postcode': '85235', 'country': 'Deutschland', 'country_code': 'de'}, 'boundingbox': ['48.3166388', '48.340026', '11.1555112', '11.193519']}","A 8, Eurasburg, Dasing, Landkreis Aichach-Friedberg, Bayern, 85235, Deutschland",A 8,9200309001270083584,1,0,up,[48.33182409 11.16435527],46774.141200966355,46774.141200966355
26344,9,7,71,122,2020,3,17,2,2,9,6,0,0,1,0,0,0,653181.9999000002,5361935.123199999,11.069277157000045,48.39196000000004,"(48.39196000000004, 11.069277157000045)","{'place_id': 123161516, 'licence': 'Data © OpenStreetMap contributors, ODbL 1.0. https://osm.org/copyright', 'osm_type': 'way', 'osm_id': 95261664, 'lat': '48.39198295562907', 'lon': '11.069290491931875', 'display_name': 'A 8, Neulwirth, Lindl, Dasing, Landkreis Aichach-Friedberg, Bayern, 86453, Deutschland', 'address': {'road': 'A 8', 'hamlet': 'Neulwirth', 'village': 'Lindl', 'municipality': 'Dasing', 'county': 'Landkreis Aichach-Friedberg', 'state': 'Bayern', 'postcode': '86453', 'country': 'Deutschland', 'country_code': 'de'}, 'boundingbox': ['48.3883354', '48.3926085', '11.0681792', '11.0748745']}","A 8, Neulwirth, Lindl, Dasing, Landkreis Aichach-Friedberg, Bayern, 86453, Deutschland",A 8,9200309007173078016,0,1,down,[48.39199926 11.06926347],38716.124196138364,36949.91455337728
26620,9,7,71,130,2020,3,19,4,3,3,6,2,0,1,0,0,0,643586.6248000003,5363297.145500001,10.940202581000053,48.406464218000046,"(48.406464218000046, 10.940202581000053)","{'place_id': 169491747, 'licence': 'Data © OpenStreetMap contributors, ODbL 1.0. https://osm.org/copyright', 'osm_type': 'way', 'osm_id': 280695156, 'lat': '48.40644671630603', 'lon': '10.94019967028285', 'display_name': 'A 8, Dickelsmoor, Friedberg, Landkreis Aichach-Friedberg, Bayern, 86167, Deutschland', 'address': {'road': 'A 8', 'hamlet': 'Dickelsmoor', 'town': 'Friedberg', 'county': 'Landkreis Aichach-Friedberg', 'state': 'Bayern', 'postcode': '86167', 'country': 'Deutschland', 'country_code': 'de'}, 'boundingbox': ['48.4051416', '48.4081703', '10.929844', '10.9481348']}","A 8, Dickelsmoor, Friedberg, Landkreis Aichach-Friedberg, Bayern, 86167, Deutschland",A 8,9200304007123075072,0,0,up,[48.40642566 10.94032679],27150.92957159739,27150.92957159739
26750,9,7,72,147,2020,3,18,6,3,2,6,0,0,1,0,0,0,630709.3384999996,5364297.1164,10.766601125000022,48.41825824200004,"(48.41825824200004, 10.766601125000022)","{'place_id': 157790705, 'licence': 'Data © OpenStreetMap contributors, ODbL 1.0. https://osm.org/copyright', 'osm_type': 'way', 'osm_id': 230129521, 'lat': '48.41826291447812', 'lon': '10.766600791309886', 'display_name': 'A 8, Rettenbergen, Gersthofen, Landkreis Augsburg, Bayern, 86368, Deutschland', 'address': {'road': 'A 8', 'village': 'Rettenbergen', 'town': 'Gersthofen', 'county': 'Landkreis Augsburg', 'state': 'Bayern', 'postcode': '86368', 'country': 'Deutschland', 'country_code': 'de'}, 'boundingbox': ['48.4182267', '48.4186288', '10.7660937', '10.7708476']}","A 8, Rettenbergen, Gersthofen, Landkreis Augsburg, Bayern, 86368, Deutschland",A 8,9200313007173104640,0,0,down,[48.418313   10.76730364],61493.19512755964,14185.626950138749
27045,9,7,72,223,2020,3,4,6,3,2,1,2,0,1,0,0,0,624682.5829999996,5364347.842,10.68519918000004,48.419935905000045,"(48.419935905000045, 10.68519918000004)","{'place_id': 179285986, 'licence': 'Data © OpenStreetMap contributors, ODbL 1.0. https://osm.org/copyright', 'osm_type': 'way', 'osm_id': 327667395, 'lat': '48.419946500238524', 'lon': '10.685200129602842', 'display_name': 'A 8, Adelsried, Landkreis Augsburg, Bayern, 86477, Deutschland', 'address': {'road': 'A 8', 'village': 'Adelsried', 'county': 'Landkreis Augsburg', 'state': 'Bayern', 'postcode': '86477', 'country': 'Deutschland', 'country_code': 'de'}, 'boundingbox': ['48.4173813', '48.4201097', '10.6826043', '10.717102']}","A 8, Adelsried, Landkreis Augsburg, Bayern, 86477, Deutschland",A 8,9200313007173085184,0,0,down,[48.41995772 10.68507371],67527.9130581761,8146.5163840733685
27239,9,1,74,135,2020,3,3,5,3,9,7,2,0,1,0,0,0,661778.0735999998,5354394.2722,11.182414039000037,48.322020734000034,"(48.322020734000034, 11.182414039000037)","{'place_id': 170077890, 'licence': 'Data © OpenStreetMap contributors, ODbL 1.0. https://osm.org/copyright', 'osm_type': 'way', 'osm_id': 280688897, 'lat': '48.321982329675954', 'lon': '11.182396500249508', 'display_name': 'A 8, Eurasburg, Dasing, Landkreis Aichach-Friedberg, Bayern, 85235, Deutschland', 'address': {'road': 'A 8', 'village': 'Eurasburg', 'municipality': 'Dasing', 'county': 'Landkreis Aichach-Friedberg', 'state': 'Bayern', 'postcode': '85235', 'country': 'Deutschland', 'country_code': 'de'}, 'boundingbox': ['48.3166388', '48.340026', '11.1555112', '11.193519']}","A 8, Eurasburg, Dasing, Landkreis Aichach-Friedberg, Bayern, 85235, Deutschland",A 8,9200326001270129664,0,0,up,[48.32088478 11.18480052],48543.12392994606,48543.12392994606
27455,9,1,74,113,2020,4,12,4,3,0,6,0,0,1,0,0,0,673235.7922,5345755.3161,11.33331025600006,48.241327342000034,"(48.241327342000034, 11.33331025600006)","{'place_id': 179804010, 'licence': 'Data © OpenStreetMap contributors, ODbL 1.0. https://osm.org/copyright', 'osm_type': 'way', 'osm_id': 327464677, 'lat': '48.241296259109404', 'lon': '11.333295094588996', 'display_name': 'A 8, Palsweis, Bergkirchen, Landkreis Dachau, Bayern, 85232, Deutschland', 'address': {'road': 'A 8', 'village': 'Palsweis', 'county': 'Landkreis Dachau', 'state': 'Bayern', 'postcode': '85232', 'country': 'Deutschland', 'country_code': 'de'}, 'boundingbox': ['48.2375667', '48.2544385', '11.3063647', '11.3408042']}","A 8, Palsweis, Bergkirchen, Landkreis Dachau, Bayern, 85232, Deutschland",A 8,9200401001270106112,0,0,up,[48.23609729 11.34372996],63047.96870513099,63047.96870513099
27468,9,7,72,147,2020,3,7,3,3,3,6,0,0,1,0,0,1,635835.4175000004,5364322.265900001,10.835854447000033,48.41740011300004,"(48.41740011300004, 10.835854447000033)","{'place_id': 157900151, 'licence': 'Data © OpenStreetMap contributors, ODbL 1.0. https://osm.org/copyright', 'osm_type': 'way', 'osm_id': 230124429, 'lat': '48.41739645418932', 'lon': '10.835854205410815', 'display_name': 'A 8, Hirblingen, Gersthofen, Landkreis Augsburg, Bayern, 86368, Deutschland', 'address': {'road': 'A 8', 'village': 'Hirblingen', 'town': 'Gersthofen', 'county': 'Landkreis Augsburg', 'state': 'Bayern', 'postcode': '86368', 'country': 'Deutschland', 'country_code': 'de'}, 'boundingbox': ['48.4173153', '48.4174401', '10.8351932', '10.8370259']}","A 8, Hirblingen, Gersthofen, Landkreis Augsburg, Bayern, 86368, Deutschland",A 8,9200331007173096448,0,0,down,[48.41743123 10.83532705],56347.2991618862,19327.206435316562
27649,9,1,74,146,2020,4,17,5,3,2,6,0,0,1,0,0,1,664877.8273999998,5351817.9483,11.223191064000048,48.29805902100002,"(48.29805902100002, 11.223191064000048)","{'place_id': 207325858, 'licence': 'Data © OpenStreetMap contributors, ODbL 1.0. https://osm.org/copyright', 'osm_type': 'way', 'osm_id': 477921133, 'lat': '48.29807682163669', 'lon': '11.223199537911514', 'display_name': 'A 8, Lukka, Taxa, Odelzhausen, Landkreis Dachau, Bayern, 85259, Deutschland', 'address': {'road': 'A 8', 'hamlet': 'Lukka', 'village': 'Taxa', 'county': 'Landkreis Dachau', 'state': 'Bayern', 'postcode': '85259', 'country': 'Deutschland', 'country_code': 'de'}, 'boundingbox': ['48.295503', '48.306587', '11.2092555', '11.2299598']}","A 8, Lukka, Taxa, Odelzhausen, Landkreis Dachau, Bayern, 85259, Deutschland",A 8,9200409001270110208,0,0,down,[48.29784248 11.22369235],23088.1180670922,52581.07970694213
27654,9,7,72,223,2020,4,16,5,3,3,6,0,0,1,0,0,0,618874.9293999998,5363094.1932,10.606381040000032,48.40978448100003,"(48.40978448100003, 10.606381040000032)","{'place_id': 179996451, 'licence': 'Data © OpenStreetMap contributors, ODbL 1.0. https://osm.org/copyright', 'osm_type': 'way', 'osm_id': 327667396, 'lat': '48.409792652088974', 'lon': '10.606381244165506', 'display_name': 'A 8, Wollbach, Zusmarshausen, Landkreis Augsburg, Bayern, 86441, Deutschland', 'address': {'road': 'A 8', 'village': 'Wollbach', 'county': 'Landkreis Augsburg', 'state': 'Bayern', 'postcode': '86441', 'country': 'Deutschland', 'country_code': 'de'}, 'boundingbox': ['48.4097528', '48.4098719', '10.6009573', '10.6099358']}","A 8, Wollbach, Zusmarshausen, Landkreis Augsburg, Bayern, 86441, Deutschland",A 8,9200409007173116928,0,0,up,[48.40978621 10.60664549],2081.3997272661645,2081.3997272661645
27959,9,7,61,0,2020,4,12,4,3,8,1,0,0,1,0,0,0,641946.3098999998,5363559.6318,10.91813974100006,48.409195888000056,"(48.409195888000056, 10.91813974100006)","{'place_id': 106960766, 'licence': 'Data © OpenStreetMap contributors, ODbL 1.0. https://osm.org/copyright', 'osm_type': 'way', 'osm_id': 27126890, 'lat': '48.4100802483695', 'lon': '10.918287739220624', 'display_name': 'A 8, Hammerschmiede, Augsburg, Bayern, 86169, Deutschland', 'address': {'road': 'A 8', 'suburb': 'Hammerschmiede', 'city': 'Augsburg', 'state': 'Bayern', 'postcode': '86169', 'country': 'Deutschland', 'country_code': 'de'}, 'boundingbox': ['48.4085277', '48.4114704', '10.9098781', '10.9277055']}","A 8, Hammerschmiede, Augsburg, Bayern, 86169, Deutschland",A 8,9200415007173116928,0,0,up,[48.41014416 10.91790661],25497.07344190112,25497.07344190112
28089,9,1,74,146,2020,4,14,7,3,0,6,0,0,1,0,0,1,665600.4232999999,5351454.8545,11.232784378000076,48.29460615200002,"(48.29460615200002, 11.232784378000076)","{'place_id': 108867869, 'licence': 'Data © OpenStreetMap contributors, ODbL 1.0. https://osm.org/copyright', 'osm_type': 'way', 'osm_id': 28802113, 'lat': '48.29462283669775', 'lon': '11.232789249974319', 'display_name': 'A 8, Ziegelstadel, Wiedenzhausen, Sulzemoos, Landkreis Dachau, Bayern, 85259, Deutschland', 'address': {'road': 'A 8', 'hamlet': 'Ziegelstadel', 'village': 'Wiedenzhausen', 'county': 'Landkreis Dachau', 'state': 'Bayern', 'postcode': '85259', 'country': 'Deutschland', 'country_code': 'de'}, 'boundingbox': ['48.287303', '48.2952793', '11.2306553', '11.2558719']}","A 8, Ziegelstadel, Wiedenzhausen, Sulzemoos, Landkreis Dachau, Bayern, 85259, Deutschland",A 8,9200425001270120448,0,0,down,[48.2944664  11.23332542],22280.16998360942,53391.99563346376
28206,9,1,74,113,2020,4,17,7,3,8,1,0,0,1,0,0,0,672328.5193999996,5346376.8443,11.321353594000072,48.24716176300007,"(48.24716176300007, 11.321353594000072)","{'place_id': 179804010, 'licence': 'Data © OpenStreetMap contributors, ODbL 1.0. https://osm.org/copyright', 'osm_type': 'way', 'osm_id': 327464677, 'lat': '48.247128840035046', 'lon': '11.321337535049445', 'display_name': 'A 8, Palsweis, Bergkirchen, Landkreis Dachau, Bayern, 85232, Deutschland', 'address': {'road': 'A 8', 'village': 'Palsweis', 'county': 'Landkreis Dachau', 'state': 'Bayern', 'postcode': '85232', 'country': 'Deutschland', 'country_code': 'de'}, 'boundingbox': ['48.2375667', '48.2544385', '11.3063647', '11.3408042']}","A 8, Palsweis, Bergkirchen, Landkreis Dachau, Bayern, 85232, Deutschland",A 8,9200418001270114304,1,0,up,[48.24002169 11.33590752],61950.03549531384,61950.03549531384
28341,9,7,71,122,2020,4,16,4,3,0,7,0,0,1,0,0,0,653368.9581000004,5361769.0382,11.07174034600007,48.39042134400007,"(48.39042134400007, 11.07174034600007)","{'place_id': 123161516, 'licence': 'Data © OpenStreetMap contributors, ODbL 1.0. https://osm.org/copyright', 'osm_type': 'way', 'osm_id': 95261664, 'lat': '48.3904530320461', 'lon': '11.071760287792154', 'display_name': 'A 8, Neulwirth, Lindl, Dasing, Landkreis Aichach-Friedberg, Bayern, 86453, Deutschland', 'address': {'road': 'A 8', 'hamlet': 'Neulwirth', 'village': 'Lindl', 'municipality': 'Dasing', 'county': 'Landkreis Aichach-Friedberg', 'state': 'Bayern', 'postcode': '86453', 'country': 'Deutschland', 'country_code': 'de'}, 'boundingbox': ['48.3883354', '48.3926085', '11.0681792', '11.0748745']}","A 8, Neulwirth, Lindl, Dasing, Landkreis Aichach-Friedberg, Bayern, 86453, Deutschland",A 8,9200422007173118976,0,0,down,[48.38955314 11.07314083],38466.14390564448,37198.779272767206