OBJECTID,ULAND,UREGBEZ,UKREIS,UGEMEINDE,UJAHR,UMONAT,USTUNDE,UWOCHENTAG,UKATEGORIE,UART,UTYP1,ULICHTVERH,IstRad,IstPKW,IstFuss,IstKrad,IstGkfz,LINREFX,LINREFY,XGCSWGS84,YGCSWGS84,coord,location_dict,address,road,UIDENTSTLAE,STRZUSTAND,IstSonstige,lane,coord_interp,dist_interp,dist_interp_up
28553,9,7,71,122,2020,4,5,2,3,7,7,2,0,1,0,0,1,656155.7532000002,5359360.1537,11.108463743000073,48.36808047300008,"(48.36808047300008, 11.108463743000073)","{'place_id': 123171715, 'licence': 'Data © OpenStreetMap contributors, ODbL 1.0. https://osm.org/copyright', 'osm_type': 'way', 'osm_id': 95261689, 'lat': '48.368053104327004', 'lon': '11.108456530102092', 'display_name': 'A 8, Burgadelzhausen, Adelzhausen, Dasing, Landkreis Aichach-Friedberg, Bayern, 86453, Deutschland', 'address': {'road': 'A 8', 'village': 'Burgadelzhausen', 'municipality': 'Dasing', 'county': 'Landkreis Aichach-Friedberg', 'state': 'Bayern', 'postcode': '86453', 'country': 'Deutschland', 'country_code': 'de'}, 'boundingbox': ['48.3561378', '48.3880253', '11.0750446', '11.1307183']}","A 8, Burgadelzhausen, Adelzhausen, Dasing, Landkreis Aichach-Friedberg, Bayern, 86453, Deutschland",A 8,9200427007173126144,1,0,up,[48.36783386 11.1092874 ],40896.60427941438,40896.60427941438
28929,9,7,72,111,2020,5,18,2,3,9,1,0,0,1,0,0,0,627637.6595000001,5364073.827299999,10.725037731000045,48.416880091000046,"(48.416880091000046, 10.725037731000045)","{'place_id': 179658648, 'licence': 'Data © OpenStreetMap contributors, ODbL 1.0. https://osm.org/copyright', 'osm_type': 'way', 'osm_id': 327667394, 'lat': '48.41688702911427', 'lon': '10.725038031664992', 'display_name': 'A 8, Adelsried, Landkreis Augsburg, Bayern, 86477, Deutschland', 'address': {'road': 'A 8', 'village': 'Adelsried', 'county': 'Landkreis Augsburg', 'state': 'Bayern', 'postcode': '86477', 'country': 'Deutschland', 'country_code': 'de'}, 'boundingbox': ['48.4168686', '48.4169885', '10.7226965', '10.7254633']}","A 8, Adelsried, Landkreis Augsburg, Bayern, 86477, Deutschland",A 8,9200504007173148672,1,0,down,[48.41685106 10.72700843],64566.56972462507,11109.781748523043
28932,9,7,72,223,2020,5,18,2,3,8,1,0,0,1,0,0,1,619004.5263,5363108.0417,10.608135520000076,48.40988456200006,"(48.40988456200006, 10.608135520000076)","{'place_id': 233607178, 'licence': 'Data © OpenStreetMap contributors, ODbL 1.0. https://osm.org/copyright', 'osm_type': 'way', 'osm_id': 665256188, 'lat': '48.40989441418478', 'lon': '10.608135500809727', 'display_name': 'A 8, Zusmarshausen, Landkreis Augsburg, Bayern, 86441, Deutschland', 'address': {'road': 'A 8', 'village': 'Zusmarshausen', 'county': 'Landkreis Augsburg', 'state': 'Bayern', 'postcode': '86441', 'country': 'Deutschland', 'country_code': 'de'}, 'boundingbox': ['48.4098941', '48.4098979', '10.6079742', '10.6099251']}","A 8, Zusmarshausen, Landkreis Augsburg, Bayern, 86441, Deutschland",A 8,9200504007170169856,1,0,down,[48.40989767 10.60976353],73469.59598182446,2211.0185488465618
28941,9,7,71,130,2020,5,18,2,3,8,1,0,0,1,0,0,0,645095.8217000002,5362961.7372,10.960467177000057,48.40310287600005,"(48.40310287600005, 10.960467177000057)","{'place_id': 169711243, 'licence': 'Data © OpenStreetMap contributors, ODbL 1.0. https://osm.org/copyright', 'osm_type': 'way', 'osm_id': 280694759, 'lat': '48.40310813697462', 'lon': '10.960468084837432', 'display_name': 'A 8, Derching, Friedberg, Landkreis Aichach-Friedberg, Bayern, 86316, Deutschland', 'address': {'road': 'A 8', 'village': 'Derching', 'town': 'Friedberg', 'county': 'Landkreis Aichach-Friedberg', 'state': 'Bayern', 'postcode': '86316', 'country': 'Deutschland', 'country_code': 'de'}, 'boundingbox': ['48.401446', '48.4037486', '10.9564506', '10.981465']}","A 8, Derching, Friedberg, Landkreis Aichach-Friedberg, Bayern, 86316, Deutschland",A 8,9200504007150186496,1,0,up,[48.40303192 10.96091079],28693.290622591663,28693.290622591663
29235,9,1,79,142,2020,5,16,2,3,3,1,0,0,1,0,0,0,675748.7970000003,5343771.635,11.366305360000068,48.22280415500006,"(48.22280415500006, 11.366305360000068)","{'place_id': 180097007, 'licence': 'Data © OpenStreetMap contributors, ODbL 1.0. https://osm.org/copyright', 'osm_type': 'way', 'osm_id': 327462613, 'lat': '48.22277212704962', 'lon': '11.366286477570975', 'display_name': 'A 8, Graßlfing, Olching, Landkreis Fürstenfeldbruck, Bayern, 82140, Deutschland', 'address': {'road': 'A 8', 'suburb': 'Graßlfing', 'town': 'Olching', 'county': 'Landkreis Fürstenfeldbruck', 'state': 'Bayern', 'postcode': '82140', 'country': 'Deutschland', 'country_code': 'de'}, 'boundingbox': ['48.2199694', '48.2294326', '11.3549891', '11.3710404']}","A 8, Graßlfing, Olching, Landkreis Fürstenfeldbruck, Bayern, 82140, Deutschland",A 8,9200511001270152192,1,0,up,[48.22230708 11.36707494],66246.54687904265,66246.54687904265
29237,9,7,71,129,2020,5,16,2,3,8,1,0,0,1,0,0,0,660295.3855999997,5355597.009299999,11.162884586000075,48.33321131500002,"(48.33321131500002, 11.162884586000075)","{'place_id': 170077890, 'licence': 'Data © OpenStreetMap contributors, ODbL 1.0. https://osm.org/copyright', 'osm_type': 'way', 'osm_id': 280688897, 'lat': '48.333215291539915', 'lon': '11.162888835439713', 'display_name': 'A 8, Eurasburg, Dasing, Landkreis Aichach-Friedberg, Bayern, 85235, Deutschland', 'address': {'road': 'A 8', 'village': 'Eurasburg', 'municipality': 'Dasing', 'county': 'Landkreis Aichach-Friedberg', 'state': 'Bayern', 'postcode': '85235', 'country': 'Deutschland', 'country_code': 'de'}, 'boundingbox': ['48.3166388', '48.340026', '11.1555112', '11.193519']}","A 8, Eurasburg, Dasing, Landkreis Aichach-Friedberg, Bayern, 85235, Deutschland",A 8,9200511001270152192,1,0,up,[48.33328238 11.16282584],46623.36080437991,46623.36080437991
29556,9,1,74,113,2020,5,18,3,3,2,6,0,0,1,0,0,0,671173.7043000003,5347168.189300001,11.30613077700002,48.254588453000046,"(48.254588453000046, 11.30613077700002)","{'place_id': 261419851, 'licence': 'Data © OpenStreetMap contributors, ODbL 1.0. https://osm.org/copyright', 'osm_type': 'way', 'osm_id': 830912806, 'lat': '48.254559587897184', 'lon': '11.306116684285707', 'display_name': 'A 8, Palsweis, Bergkirchen, Landkreis Dachau, Bayern, 85232, Deutschland', 'address': {'road': 'A 8', 'village': 'Palsweis', 'county': 'Landkreis Dachau', 'state': 'Bayern', 'postcode': '85232', 'country': 'Deutschland', 'country_code': 'de'}, 'boundingbox': ['48.2544385', '48.2549929', '11.3052413', '11.3063647']}","A 8, Palsweis, Bergkirchen, Landkreis Dachau, Bayern, 85232, Deutschland",A 8,9200519001270152192,0,1,up,[48.25454651 11.30614447],60552.372302643314,60552.372302643314
29559,9,7,71,122,2020,5,11,2,2,2,6,0,0,1,0,0,1,653830.3395999996,5361326.603499999,11.077806523000048,48.38633120300005,"(48.38633120300005, 11.077806523000048)","{'place_id': 112409051, 'licence': 'Data © OpenStreetMap contributors, ODbL 1.0. https://osm.org/copyright', 'osm_type': 'way', 'osm_id': 42400874, 'lat': '48.38634471523768', 'lon': '11.077815729898028', 'display_name': 'A 8, Burgadelzhausen, Adelzhausen, Dasing, Landkreis Aichach-Friedberg, Bayern, 86453, Deutschland', 'address': {'road': 'A 8', 'village': 'Burgadelzhausen', 'municipality': 'Dasing', 'county': 'Landkreis Aichach-Friedberg', 'state': 'Bayern', 'postcode': '86453', 'country': 'Deutschland', 'country_code': 'de'}, 'boundingbox': ['48.3561686', '48.3880438', '11.0753176', '11.1309595']}","A 8, Burgadelzhausen, Adelzhausen, Dasing, Landkreis Aichach-Friedberg, Bayern, 86453, Deutschland",A 8,9200518007173164032,0,0,down,[48.38660519 11.07743363],37827.48104994472,37837.32966794761
29706,9,1,74,113,2020,5,18,3,3,3,6,0,0,1,0,0,0,670592.2690000003,5347741.2204,11.298534989000077,48.25989651900005,"(48.25989651900005, 11.298534989000077)","{'place_id': 179888512, 'licence': 'Data © OpenStreetMap contributors, ODbL 1.0. https://osm.org/copyright', 'osm_type': 'way', 'osm_id': 327464676, 'lat': '48.25987249611014', 'lon': '11.29851229004728', 'display_name': 'A 8, Lauterbach, Bergkirchen, Landkreis Dachau, Bayern, 85232, Deutschland', 'address': {'road': 'A 8', 'village': 'Lauterbach', 'county': 'Landkreis Dachau', 'state': 'Bayern', 'postcode': '85232', 'country': 'Deutschland', 'country_code': 'de'}, 'boundingbox': ['48.2581997', '48.2599717', '11.2984073', '11.3003286']}","A 8, Lauterbach, Bergkirchen, Landkreis Dachau, Bayern, 85232, Deutschland",A 8,9200519001270152192,0,1,up,[48.25893955 11.29950013],59730.98334693044,59730.98334693044
29709,9,7,61,0,2020,5,16,2,2,2,6,0,0,0,0,0,1,642388.8907000003,5363578.081700001,10.92412315300004,48.40926194900004,"(48.40926194900004, 10.92412315300004)","{'place_id': 108127770, 'licence': 'Data © OpenStreetMap contributors, ODbL 1.0. https://osm.org/copyright', 'osm_type': 'way', 'osm_id': 27126888, 'lat': '48.409270235926385', 'lon': '10.924124525564403', 'display_name': 'A 8, Hammerschmiede, Augsburg, Bayern, 86169, Deutschland', 'address': {'road': 'A 8', 'suburb': 'Hammerschmiede', 'city': 'Augsburg', 'state': 'Bayern', 'postcode': '86169', 'country': 'Deutschland', 'country_code': 'de'}, 'boundingbox': ['48.4088208', '48.4104754', '10.9168351', '10.9268308']}","A 8, Hammerschmiede, Augsburg, Bayern, 86169, Deutschland",A 8,9200518007173164032,0,1,down,[48.40921916 10.92443188],49748.795882208775,25923.670198295466
29825,9,7,72,111,2020,5,7,5,3,2,6,0,0,1,0,0,1,627820.4194,5364056.902000001,10.72750142700005,48.416690843000026,"(48.416690843000026, 10.72750142700005)","{'place_id': 179548866, 'licence': 'Data © OpenStreetMap contributors, ODbL 1.0. https://osm.org/copyright', 'osm_type': 'way', 'osm_id': 327667397, 'lat': '48.4166852834428', 'lon': '10.727501359279804', 'display_name': 'A 8, Adelsried, Landkreis Augsburg, Bayern, 86477, Deutschland', 'address': {'road': 'A 8', 'village': 'Adelsried', 'county': 'Landkreis Augsburg', 'state': 'Bayern', 'postcode': '86477', 'country': 'Deutschland', 'country_code': 'de'}, 'boundingbox': ['48.4166728', '48.4168325', '10.7264738', '10.7355252']}","A 8, Adelsried, Landkreis Augsburg, Bayern, 86477, Deutschland",A 8,9200514007173218304,1,0,up,[48.41668552 10.72749872],11292.477619703972,11292.477619703972
29854,9,7,72,147,2020,5,17,6,2,2,6,0,0,0,0,0,1,636129.5394000001,5364292.4077,10.839817767000056,48.41706815500004,"(48.41706815500004, 10.839817767000056)","{'place_id': 158972608, 'licence': 'Data © OpenStreetMap contributors, ODbL 1.0. https://osm.org/copyright', 'osm_type': 'way', 'osm_id': 230124430, 'lat': '48.417082272961004', 'lon': '10.839818959161862', 'display_name': 'A 8, Hirblingen, Gersthofen, Landkreis Augsburg, Bayern, 86368, Deutschland', 'address': {'road': 'A 8', 'village': 'Hirblingen', 'town': 'Gersthofen', 'county': 'Landkreis Augsburg', 'state': 'Bayern', 'postcode': '86368', 'country': 'Deutschland', 'country_code': 'de'}, 'boundingbox': ['48.4152777', '48.4170922', '10.8397014', '10.8611428']}","A 8, Hirblingen, Gersthofen, Landkreis Augsburg, Bayern, 86368, Deutschland",A 8,9200522007173164032,0,1,down,[48.41732495 10.8369066 ],56052.39426608277,19622.255826684963
30116,9,7,72,223,2020,5,18,1,2,3,6,0,0,1,0,0,0,616670.9380000001,5362786.313100001,10.576524293000034,48.40742754800005,"(48.40742754800005, 10.576524293000034)","{'place_id': 171014878, 'licence': 'Data © OpenStreetMap contributors, ODbL 1.0. https://osm.org/copyright', 'osm_type': 'way', 'osm_id': 289187283, 'lat': '48.407395233493354', 'lon': '10.576532392966007', 'display_name': 'A 8, Friedensdorf, Wollbach, Zusmarshausen, Landkreis Augsburg, Bayern, 86441, Deutschland', 'address': {'road': 'A 8', 'hamlet': 'Friedensdorf', 'village': 'Wollbach', 'county': 'Landkreis Augsburg', 'state': 'Bayern', 'postcode': '86441', 'country': 'Deutschland', 'country_code': 'de'}, 'boundingbox': ['48.407249', '48.4098', '10.575949', '10.5924484']}","A 8, Friedensdorf, Wollbach, Zusmarshausen, Landkreis Augsburg, Bayern, 86441, Deutschland",A 8,9200524007173161984,0,0,down,[48.40947771 10.59775408],74415.95379276433,1336.0828701692592
30416,9,7,72,147,2020,5,20,3,3,0,6,0,0,1,0,0,0,632094.7059000004,5364506.2041,10.78538149600007,48.41984946500003,"(48.41984946500003, 10.78538149600007)","{'place_id': 160537666, 'licence': 'Data © OpenStreetMap contributors, ODbL 1.0. https://osm.org/copyright', 'osm_type': 'way', 'osm_id': 237842495, 'lat': '48.41982691546132', 'lon': '10.785382463814454', 'display_name': 'A 8, Rettenbergen, Gersthofen, Landkreis Augsburg, Bayern, 86368, Deutschland', 'address': {'road': 'A 8', 'village': 'Rettenbergen', 'town': 'Gersthofen', 'county': 'Landkreis Augsburg', 'state': 'Bayern', 'postcode': '86368', 'country': 'Deutschland', 'country_code': 'de'}, 'boundingbox': ['48.418131', '48.4198693', '10.7667927', '10.78637']}","A 8, Rettenbergen, Gersthofen, Landkreis Augsburg, Bayern, 86368, Deutschland",A 8,9200526007173171200,0,0,up,[48.41992763 10.78809141],15584.256890706643,15584.256890706643
30451,9,1,74,135,2020,5,17,3,3,3,6,0,0,1,0,0,1,660663.0555999996,5355187.3155000005,11.167685725000068,48.32943471400006,"(48.32943471400006, 11.167685725000068)","{'place_id': 170077890, 'licence': 'Data © OpenStreetMap contributors, ODbL 1.0. https://osm.org/copyright', 'osm_type': 'way', 'osm_id': 280688897, 'lat': '48.32941542677047', 'lon': '11.16767334852214', 'display_name': 'A 8, Eurasburg, Dasing, Landkreis Aichach-Friedberg, Bayern, 85235, Deutschland', 'address': {'road': 'A 8', 'village': 'Eurasburg', 'municipality': 'Dasing', 'county': 'Landkreis Aichach-Friedberg', 'state': 'Bayern', 'postcode': '85235', 'country': 'Deutschland', 'country_code': 'de'}, 'boundingbox': ['48.3166388', '48.340026', '11.1555112', '11.193519']}","A 8, Eurasburg, Dasing, Landkreis Aichach-Friedberg, Bayern, 85235, Deutschland",A 8,9200526001270163456,0,0,up,[48.32998237 11.16678971],47175.02285854364,47175.02285854364
30480,9,1,74,135,2020,5,18,1,2,9,6,0,0,1,0,0,1,661492.9056000002,5354579.7267,11.178641001000074,48.32376090800005,"(48.32376090800005, 11.178641001000074)","{'place_id': 170077890, 'licence': 'Data © OpenStreetMap contributors, ODbL 1.0. https://osm.org/copyright', 'osm_type': 'way', 'osm_id': 280688897, 'lat': '48.323740028188844', 'lon': '11.178631145178551', 'display_name': 'A 8, Eurasburg, Dasing, Landkreis Aichach-Friedberg, Bayern, 85235, Deutschland', 'address': {'road': 'A 8', 'village': 'Eurasburg', 'municipality': 'Dasing', 'county': 'Landkreis Aichach-Friedberg', 'state': 'Bayern', 'postcode': '85235', 'country': 'Deutschland', 'country_code': 'de'}, 'boundingbox': ['48.3166388', '48.340026', '11.1555112', '11.193519']}","A 8, Eurasburg, Dasing, Landkreis Aichach-Friedberg, Bayern, 85235, Deutschland",A 8,9200531001270172672,0,0,up,[48.3235529  11.17902797],48203.46110493873,48203.46110493873
30498,9,1,74,146,2020,5,16,6,2,0,6,0,0,1,0,0,0,665407.0045999996,5351537.1251,11.230210801000055,48.29539634100007,"(48.29539634100007, 11.230210801000055)","{'place_id': 207302773, 'licence': 'Data © OpenStreetMap contributors, ODbL 1.0. https://osm.org/copyright', 'osm_type': 'way', 'osm_id': 477921130, 'lat': '48.29541878107206', 'lon': '11.23021811711911', 'display_name': 'A 8, Wiedenzhausen, Sulzemoos, Landkreis Dachau, Bayern, 85259, Deutschland', 'address': {'road': 'A 8', 'village': 'Wiedenzhausen', 'county': 'Landkreis Dachau', 'state': 'Bayern', 'postcode': '85259', 'country': 'Deutschland', 'country_code': 'de'}, 'boundingbox': ['48.2952793', '48.295503', '11.2299598', '11.2306553']}","A 8, Wiedenzhausen, Sulzemoos, Landkreis Dachau, Bayern, 85259, Deutschland",A 8,9200529001270179840,0,1,down,[48.29544241 11.23014632],22489.83956740838,53181.783832454756
30549,9,1,74,135,2020,5,14,5,3,8,1,0,0,1,0,0,0,664238.2863999996,5352326.4339000005,11.214772114000027,48.30279662300006,"(48.30279662300006, 11.214772114000027)","{'place_id': 207325858, 'licence': 'Data © OpenStreetMap contributors, ODbL 1.0. https://osm.org/copyright', 'osm_type': 'way', 'osm_id': 477921133, 'lat': '48.30281827902496', 'lon': '11.21478652323549', 'display_name': 'A 8, Lukka, Taxa, Odelzhausen, Landkreis Dachau, Bayern, 85259, Deutschland', 'address': {'road': 'A 8', 'hamlet': 'Lukka', 'village': 'Taxa', 'county': 'Landkreis Dachau', 'state': 'Bayern', 'postcode': '85259', 'country': 'Deutschland', 'country_code': 'de'}, 'boundingbox': ['48.295503', '48.306587', '11.2092555', '11.2299598']}","A 8, Lukka, Taxa, Odelzhausen, Landkreis Dachau, Bayern, 85259, Deutschland",A 8,9200528001270163456,1,0,down,[48.30275069 11.2148883 ],23905.065106278656,51761.364004568575
30751,9,7,71,129,2020,6,17,7,2,3,1,0,0,1,0,0,0,658817.1558999997,5356971.3653,11.143471401000056,48.34594047600008,"(48.345940476000074, 11.143471401000056)","{'place_id': 169057293, 'licence': 'Data © OpenStreetMap contributors, ODbL 1.0. https://osm.org/copyright', 'osm_type': 'way', 'osm_id': 280690992, 'lat': '48.3459074776926', 'lon': '11.143456540467662', 'display_name': 'A 8, Holzschuster, Burgadelzhausen, Adelzhausen, Dasing, Landkreis Aichach-Friedberg, Bayern, 86559, Deutschland', 'address': {'road': 'A 8', 'hamlet': 'Holzschuster', 'village': 'Burgadelzhausen', 'municipality': 'Dasing', 'county': 'Landkreis Aichach-Friedberg', 'state': 'Bayern', 'postcode': '86559', 'country': 'Deutschland', 'country_code': 'de'}, 'boundingbox': ['48.3451351', '48.3478008', '11.1397371', '11.1451555']}","A 8, Holzschuster, Burgadelzhausen, Adelzhausen, Dasing, Landkreis Aichach-Friedberg, Bayern, 86559, Deutschland",A 8,9200606001270192128,1,0,up,[48.34601845 11.14321106],44579.17666676637,44579.17666676637
30815,9,7,72,147,2020,6,19,7,3,9,1,1,0,1,0,0,0,632892.5493000001,5364543.601399999,10.796171438000044,48.42001795900006,"(48.42001795900006, 10.796171438000044)","{'place_id': 174386000, 'licence': 'Data © OpenStreetMap contributors, ODbL 1.0. https://osm.org/copyright', 'osm_type': 'way', 'osm_id': 304768100, 'lat': '48.42001447622189', 'lon': '10.79617144734448', 'display_name': 'A 8, Edenbergen, Gersthofen, Landkreis Augsburg, Bayern, 86368, Deutschland', 'address': {'road': 'A 8', 'village': 'Edenbergen', 'town': 'Gersthofen', 'county': 'Landkreis Augsburg', 'state': 'Bayern', 'postcode': '86368', 'country': 'Deutschland', 'country_code': 'de'}, 'boundingbox': ['48.4198937', '48.4200197', '10.7871043', '10.8005508']}","A 8, Edenbergen, Gersthofen, Landkreis Augsburg, Bayern, 86368, Deutschland",A 8,9200606007173195776,1,0,up,[48.42001906 10.79775454],16380.973600213694,16380.973600213694
31274,9,1,74,135,2020,6,22,1,3,3,1,2,0,1,0,0,0,661895.3110999996,5354334.9027,11.18397160400002,48.32145698400007,"(48.32145698400007, 11.18397160400002)","{'place_id': 101890269, 'licence': 'Data © OpenStreetMap contributors, ODbL 1.0. https://osm.org/copyright', 'osm_type': 'way', 'osm_id': 14778570, 'lat': '48.321478994390034', 'lon': '11.183981766856443', 'display_name': 'A 8, Eurasburg, Dasing, Landkreis Aichach-Friedberg, Bayern, 85235, Deutschland', 'address': {'road': 'A 8', 'village': 'Eurasburg', 'municipality': 'Dasing', 'county': 'Landkreis Aichach-Friedberg', 'state': 'Bayern', 'postcode': '85235', 'country': 'Deutschland', 'country_code': 'de'}, 'boundingbox': ['48.3167717', '48.3399562', '11.1559195', '11.1937689']}","A 8, Eurasburg, Dasing, Landkreis Aichach-Friedberg, Bayern, 85235, Deutschland",A 8,9200614001270198272,1,0,down,[48.32165792 11.18359452],26996.68681804289,48673.582726248984
31346,9,7,72,223,2020,6,14,5,3,8,1,0,0,1,0,0,0,624669.8728999998,5364330.5497,10.68502232800006,48.41978291700008,"(48.41978291700008, 10.68502232800006)","{'place_id': 171475805, 'licence': 'Data © OpenStreetMap contributors, ODbL 1.0. https://osm.org/copyright', 'osm_type': 'way', 'osm_id': 289185132, 'lat': '48.4197771350198', 'lon': '10.685021749801981', 'display_name': 'A 8, Streitheim, Zusmarshausen, Landkreis Augsburg, Bayern, 86441, Deutschland', 'address': {'road': 'A 8', 'village': 'Streitheim', 'county': 'Landkreis Augsburg', 'state': 'Bayern', 'postcode': '86441', 'country': 'Deutschland', 'country_code': 'de'}, 'boundingbox': ['48.4194658', '48.4199306', '10.6825879', '10.6877759']}","A 8, Streitheim, Zusmarshausen, Landkreis Augsburg, Bayern, 86441, Deutschland",A 8,9200611007173232640,0,0,up,[48.41970839 10.68571088],8136.152242144048,8136.152242144048
31347,9,7,72,223,2020,6,16,5,2,2,6,0,0,1,0,0,0,623018.1381999999,5363669.8993,10.66251376400004,48.41416655100005,"(48.41416655100005, 10.66251376400004)","{'place_id': 172879252, 'licence': 'Data © OpenStreetMap contributors, ODbL 1.0. https://osm.org/copyright', 'osm_type': 'way', 'osm_id': 295617762, 'lat': '48.41413995286879', 'lon': '10.662523148468624', 'display_name': 'A 8, Streitheim, Zusmarshausen, Landkreis Augsburg, Bayern, 86441, Deutschland', 'address': {'road': 'A 8', 'village': 'Streitheim', 'county': 'Landkreis Augsburg', 'state': 'Bayern', 'postcode': '86441', 'country': 'Deutschland', 'country_code': 'de'}, 'boundingbox': ['48.4132166', '48.4198263', '10.6594208', '10.6794361']}","A 8, Streitheim, Zusmarshausen, Landkreis Augsburg, Bayern, 86441, Deutschland",A 8,9200611007173195776,0,0,up,[48.41442355 10.66332777],6306.237513324764,6306.237513324764
31348,9,7,72,147,2020,6,17,5,3,9,1,0,0,1,0,0,0,637079.9801000003,5364182.081700001,10.85262014400007,48.41587006500004,"(48.41587006500004, 10.85262014400007)","{'place_id': 180168261, 'licence': 'Data © OpenStreetMap contributors, ODbL 1.0. https://osm.org/copyright', 'osm_type': 'way', 'osm_id': 327643027, 'lat': '48.4158551291873', 'lon': '10.852618854994187', 'display_name': 'A 8, Hirblingen, Gersthofen, Landkreis Augsburg, Bayern, 86368, Deutschland', 'address': {'road': 'A 8', 'village': 'Hirblingen', 'town': 'Gersthofen', 'county': 'Landkreis Augsburg', 'state': 'Bayern', 'postcode': '86368', 'country': 'Deutschland', 'country_code': 'de'}, 'boundingbox': ['48.4150344', '48.4168632', '10.8408789', '10.8621793']}","A 8, Hirblingen, Gersthofen, Landkreis Augsburg, Bayern, 86368, Deutschland",A 8,9200611007173195776,0,0,up,[48.41604492 10.8504208 ],20576.66780282403,20576.66780282403
31351,9,7,72,147,2020,6,17,5,3,2,6,0,0,1,0,0,0,635672.0927999998,5364338.737500001,10.83365357200006,48.41758341400004,"(48.41758341400004, 10.83365357200006)","{'place_id': 163938956, 'licence': 'Data © OpenStreetMap contributors, ODbL 1.0. https://osm.org/copyright', 'osm_type': 'way', 'osm_id': 253368218, 'lat': '48.417578287435525', 'lon': '10.83365311200888', 'display_name': 'A 8, Hirblingen, Gersthofen, Landkreis Augsburg, Bayern, 86368, Deutschland', 'address': {'road': 'A 8', 'village': 'Hirblingen', 'town': 'Gersthofen', 'county': 'Landkreis Augsburg', 'state': 'Bayern', 'postcode': '86368', 'country': 'Deutschland', 'country_code': 'de'}, 'boundingbox': ['48.4174401', '48.4176478', '10.8328784', '10.8351932']}","A 8, Hirblingen, Gersthofen, Landkreis Augsburg, Bayern, 86368, Deutschland",A 8,9200611007170221056,0,0,down,[48.41750959 10.83441845],56511.08162268454,19163.613689787504
31681,9,7,71,122,2020,6,23,2,3,3,1,2,0,1,0,0,1,651433.2879999997,5362377.986,11.04582991600006,48.39636402600007,"(48.39636402600007, 11.04582991600006)","{'place_id': 179625445, 'licence': 'Data © OpenStreetMap contributors, ODbL 1.0. https://osm.org/copyright', 'osm_type': 'way', 'osm_id': 327495113, 'lat': '48.396347892168244', 'lon': '11.045830615826867', 'display_name': 'A 8, Sophienhof, Bitzenhofen, Dasing, Landkreis Aichach-Friedberg, Bayern, 86453, Deutschland', 'address': {'road': 'A 8', 'hamlet': 'Sophienhof', 'village': 'Bitzenhofen', 'municipality': 'Dasing', 'county': 'Landkreis Aichach-Friedberg', 'state': 'Bayern', 'postcode': '86453', 'country': 'Deutschland', 'country_code': 'de'}, 'boundingbox': ['48.3959071', '48.4010591', '10.9924061', '11.0555759']}","A 8, Sophienhof, Bitzenhofen, Dasing, Landkreis Aichach-Friedberg, Bayern, 86453, Deutschland",A 8,9200608007173195776,0,0,up,[48.39657621 11.05098212],35097.118137200145,35097.118137200145
31933,9,7,72,147,2020,6,15,6,3,2,6,0,0,1,0,0,0,634786.1381999999,5364433.0207,10.821716218000065,48.41862135400004,"(48.41862135400004, 10.821716218000065)","{'place_id': 174401253, 'licence': 'Data © OpenStreetMap contributors, ODbL 1.0. https://osm.org/copyright', 'osm_type': 'way', 'osm_id': 304768093, 'lat': '48.41863886766856', 'lon': '10.821718020944376', 'display_name': 'A 8, Gailenbach, Hirblingen, Gersthofen, Landkreis Augsburg, Bayern, 86368, Deutschland', 'address': {'road': 'A 8', 'hamlet': 'Gailenbach', 'village': 'Hirblingen', 'town': 'Gersthofen', 'county': 'Landkreis Augsburg', 'state': 'Bayern', 'postcode': '86368', 'country': 'Deutschland', 'country_code': 'de'}, 'boundingbox': ['48.4184302', '48.4186595', '10.8215176', '10.8238137']}","A 8, Gailenbach, Hirblingen, Gersthofen, Landkreis Augsburg, Bayern, 86368, Deutschland",A 8,9200619007173215232,0,0,down,[48.41873649 10.82072359],57399.82995647679,18274.447441308774
31934,9,7,61,0,2020,6,14,6,3,2,6,0,0,1,0,0,0,640188.8381000003,5364036.762800001,10.89456380300004,48.41387943000007,"(48.41387943000007, 10.89456380300004)","{'place_id': 169297776, 'licence': 'Data © OpenStreetMap contributors, ODbL 1.0. https://osm.org/copyright', 'osm_type': 'way', 'osm_id': 280726822, 'lat': '48.413881842347706', 'lon': '10.89456403033479', 'display_name': 'A 8, Firnhaberau, Augsburg, Bayern, 86169, Deutschland', 'address': {'road': 'A 8', 'suburb': 'Firnhaberau', 'city': 'Augsburg', 'state': 'Bayern', 'postcode': '86169', 'country': 'Deutschland', 'country_code': 'de'}, 'boundingbox': ['48.4126072', '48.4142339', '10.8897666', '10.9039443']}","A 8, Firnhaberau, Augsburg, Bayern, 86169, Deutschland",A 8,9200619007170233344,0,0,down,[48.41387629 10.89462171],51991.64889712945,23682.727446264766