OBJECTID,ULAND,UREGBEZ,UKREIS,UGEMEINDE,UJAHR,UMONAT,USTUNDE,UWOCHENTAG,UKATEGORIE,UART,UTYP1,ULICHTVERH,IstRad,IstPKW,IstFuss,IstKrad,IstGkfz,LINREFX,LINREFY,XGCSWGS84,YGCSWGS84,coord,location_dict,address,road,UIDENTSTLAE,STRZUSTAND,IstSonstige,lane,coord_interp,dist_interp,dist_interp_up
32174,9,7,71,130,2020,6,18,4,3,0,1,1,0,1,0,0,0,648692.4719000001,5362704.76,11.008941718000074,48.39995433200005,"(48.39995433200005, 11.008941718000074)","{'place_id': 179625445, 'licence': 'Data © OpenStreetMap contributors, ODbL 1.0. https://osm.org/copyright', 'osm_type': 'way', 'osm_id': 327495113, 'lat': '48.39993461266431', 'lon': '11.008940390493523', 'display_name': 'A 8, Sophienhof, Bitzenhofen, Dasing, Landkreis Aichach-Friedberg, Bayern, 86453, Deutschland', 'address': {'road': 'A 8', 'hamlet': 'Sophienhof', 'village': 'Bitzenhofen', 'municipality': 'Dasing', 'county': 'Landkreis Aichach-Friedberg', 'state': 'Bayern', 'postcode': '86453', 'country': 'Deutschland', 'country_code': 'de'}, 'boundingbox': ['48.3959071', '48.4010591', '10.9924061', '11.0555759']}","A 8, Sophienhof, Bitzenhofen, Dasing, Landkreis Aichach-Friedberg, Bayern, 86453, Deutschland",A 8,9200617007173201920,1,0,up,[48.3996648  11.01295434],32302.424802762474,32302.424802762474
32268,9,7,61,0,2020,6,18,3,3,2,6,0,0,1,0,0,0,639741.1478000004,5364068.576,10.888527573000031,48.41426492000005,"(48.41426492000005, 10.888527573000031)","{'place_id': 108221378, 'licence': 'Data © OpenStreetMap contributors, ODbL 1.0. https://osm.org/copyright', 'osm_type': 'way', 'osm_id': 27394066, 'lat': '48.41428549041248', 'lon': '10.88852843010052', 'display_name': 'A 8, Firnhaberau, Gersthofen, Landkreis Augsburg, Bayern, 86169, Deutschland', 'address': {'road': 'A 8', 'suburb': 'Firnhaberau', 'town': 'Gersthofen', 'county': 'Landkreis Augsburg', 'state': 'Bayern', 'postcode': '86169', 'country': 'Deutschland', 'country_code': 'de'}, 'boundingbox': ['48.4142339', '48.4142974', '10.8882426', '10.8897666']}","A 8, Firnhaberau, Gersthofen, Landkreis Augsburg, Bayern, 86169, Deutschland",A 8,9200616007173200896,0,0,down,[48.41424584 10.88948053],52439.59828093525,23236.1713118272
32368,9,1,79,142,2020,6,14,6,1,2,6,0,0,1,0,1,0,675871.5005999999,5343669.9789,11.367913824000029,48.22185635100004,"(48.22185635100004, 11.367913824000029)","{'place_id': 180097007, 'licence': 'Data © OpenStreetMap contributors, ODbL 1.0. https://osm.org/copyright', 'osm_type': 'way', 'osm_id': 327462613, 'lat': '48.22182396420491', 'lon': '11.367894730010141', 'display_name': 'A 8, Graßlfing, Olching, Landkreis Fürstenfeldbruck, Bayern, 82140, Deutschland', 'address': {'road': 'A 8', 'suburb': 'Graßlfing', 'town': 'Olching', 'county': 'Landkreis Fürstenfeldbruck', 'state': 'Bayern', 'postcode': '82140', 'country': 'Deutschland', 'country_code': 'de'}, 'boundingbox': ['48.2199694', '48.2294326', '11.3549891', '11.3710404']}","A 8, Graßlfing, Olching, Landkreis Fürstenfeldbruck, Bayern, 82140, Deutschland",A 8,9200626001270235136,0,0,up,[48.22325525 11.36546696],66405.6710435789,66405.6710435789
32411,9,7,72,223,2020,6,20,6,3,9,1,1,0,1,0,0,0,618855.0066,5363094.3072,10.606111961000067,48.40978926400004,"(48.40978926400004, 10.606111961000067)","{'place_id': 179996451, 'licence': 'Data © OpenStreetMap contributors, ODbL 1.0. https://osm.org/copyright', 'osm_type': 'way', 'osm_id': 327667396, 'lat': '48.40979937417441', 'lon': '10.60611221361613', 'display_name': 'A 8, Wollbach, Zusmarshausen, Landkreis Augsburg, Bayern, 86441, Deutschland', 'address': {'road': 'A 8', 'village': 'Wollbach', 'county': 'Landkreis Augsburg', 'state': 'Bayern', 'postcode': '86441', 'country': 'Deutschland', 'country_code': 'de'}, 'boundingbox': ['48.4097528', '48.4098719', '10.6009573', '10.6099358']}","A 8, Wollbach, Zusmarshausen, Landkreis Augsburg, Bayern, 86441, Deutschland",A 8,9200626007173215232,1,0,up,[48.40977949 10.60691446],2061.527165788357,2061.527165788357
32559,9,7,72,111,2020,6,10,2,1,3,3,0,0,1,0,0,1,627611.6321,5364059.5144,10.724681779000036,48.41675665500002,"(48.41675665500002, 10.724681779000036)","{'place_id': 119052162, 'licence': 'Data © OpenStreetMap contributors, ODbL 1.0. https://osm.org/copyright', 'osm_type': 'way', 'osm_id': 74214713, 'lat': '48.41607415', 'lon': '10.724009222856855', 'display_name': 'Maria, Schutz der Reisenden, A 8, Adelsried, Landkreis Augsburg, Bayern, 86477, Deutschland', 'address': {'amenity': 'Maria, Schutz der Reisenden', 'road': 'A 8', 'village': 'Adelsried', 'county': 'Landkreis Augsburg', 'state': 'Bayern', 'postcode': '86477', 'country': 'Deutschland', 'country_code': 'de'}, 'boundingbox': ['48.4159653', '48.4161752', '10.7238683', '10.7241455']}","Maria, Schutz der Reisenden, A 8, Adelsried, Landkreis Augsburg, Bayern, 86477, Deutschland",A 8,9200629007173218304,1,0,up,[48.4167192  10.72578049],11084.164267353623,11084.164267353623
32567,9,1,74,135,2020,6,18,3,3,2,6,0,0,1,0,0,0,663616.6120999996,5352926.7256000005,11.20662796800002,48.30835434600005,"(48.30835434600005, 11.20662796800002)","{'place_id': 163859575, 'licence': 'Data © OpenStreetMap contributors, ODbL 1.0. https://osm.org/copyright', 'osm_type': 'way', 'osm_id': 251505066, 'lat': '48.30837504944579', 'lon': '11.206642055478937', 'display_name': 'A 8, Taxa, Odelzhausen, Landkreis Dachau, Bayern, 85235, Deutschland', 'address': {'road': 'A 8', 'village': 'Taxa', 'county': 'Landkreis Dachau', 'state': 'Bayern', 'postcode': '85235', 'country': 'Deutschland', 'country_code': 'de'}, 'boundingbox': ['48.3078027', '48.3092977', '11.2053016', '11.2074832']}","A 8, Taxa, Odelzhausen, Landkreis Dachau, Bayern, 85235, Deutschland",A 8,9200630001270223872,0,0,down,[48.30798898 11.20720948],24768.28214281182,50897.88298685925
32678,9,7,71,122,2020,6,4,2,3,8,7,2,0,0,0,0,1,655303.9336000001,5359958.419500001,11.09719119400006,48.373669387000064,"(48.373669387000064, 11.09719119400006)","{'place_id': 112409051, 'licence': 'Data © OpenStreetMap contributors, ODbL 1.0. https://osm.org/copyright', 'osm_type': 'way', 'osm_id': 42400874, 'lat': '48.37368558123931', 'lon': '11.097201545656954', 'display_name': 'A 8, Burgadelzhausen, Adelzhausen, Dasing, Landkreis Aichach-Friedberg, Bayern, 86453, Deutschland', 'address': {'road': 'A 8', 'village': 'Burgadelzhausen', 'municipality': 'Dasing', 'county': 'Landkreis Aichach-Friedberg', 'state': 'Bayern', 'postcode': '86453', 'country': 'Deutschland', 'country_code': 'de'}, 'boundingbox': ['48.3561686', '48.3880438', '11.0753176', '11.1309595']}","A 8, Burgadelzhausen, Adelzhausen, Dasing, Landkreis Aichach-Friedberg, Bayern, 86453, Deutschland",A 8,9200629007173224448,1,0,down,[48.37475464 11.09552947],35818.679022528144,39846.602580028324
32686,9,1,74,146,2020,6,17,3,3,2,6,0,0,1,0,0,1,667305.7028000001,5350694.5384,11.255457008000064,48.28732256700005,"(48.28732256700005, 11.255457008000064)","{'place_id': 207155179, 'licence': 'Data © OpenStreetMap contributors, ODbL 1.0. https://osm.org/copyright', 'osm_type': 'way', 'osm_id': 477921131, 'lat': '48.287307082974685', 'lon': '11.255450773554116', 'display_name': 'A 8, Ziegelstadel, Wiedenzhausen, Sulzemoos, Landkreis Dachau, Bayern, 85254, Deutschland', 'address': {'road': 'A 8', 'hamlet': 'Ziegelstadel', 'village': 'Wiedenzhausen', 'county': 'Landkreis Dachau', 'state': 'Bayern', 'postcode': '85254', 'country': 'Deutschland', 'country_code': 'de'}, 'boundingbox': ['48.28718', '48.2919587', '11.2411804', '11.2557664']}","A 8, Ziegelstadel, Wiedenzhausen, Sulzemoos, Landkreis Dachau, Bayern, 85254, Deutschland",A 8,9200630001270223872,0,0,up,[48.28727357 11.25553396],55256.02091607899,55256.02091607899
32887,9,7,72,147,2020,7,3,7,3,2,6,2,0,1,0,0,0,630712.1420999998,5364283.366800001,10.76663471300003,48.41813402000008,"(48.41813402000008, 10.76663471300003)","{'place_id': 172400300, 'licence': 'Data © OpenStreetMap contributors, ODbL 1.0. https://osm.org/copyright', 'osm_type': 'way', 'osm_id': 295617776, 'lat': '48.41812125343409', 'lon': '10.76663550456354', 'display_name': 'A 8, Rettenbergen, Gersthofen, Landkreis Augsburg, Bayern, 86368, Deutschland', 'address': {'road': 'A 8', 'village': 'Rettenbergen', 'town': 'Gersthofen', 'county': 'Landkreis Augsburg', 'state': 'Bayern', 'postcode': '86368', 'country': 'Deutschland', 'country_code': 'de'}, 'boundingbox': ['48.417199', '48.418131', '10.7449092', '10.7667927']}","A 8, Rettenbergen, Gersthofen, Landkreis Augsburg, Bayern, 86368, Deutschland",A 8,9200704007173254144,0,0,up,[48.41828783 10.76885773],14186.519110952313,14186.519110952313
32936,9,7,72,223,2020,7,11,5,3,8,1,0,0,1,0,0,0,622455.1342000002,5363459.816299999,10.65484710000004,48.41238698200005,"(48.41238698200005, 10.65484710000004)","{'place_id': 158833556, 'licence': 'Data © OpenStreetMap contributors, ODbL 1.0. https://osm.org/copyright', 'osm_type': 'way', 'osm_id': 231885720, 'lat': '48.41237095332135', 'lon': '10.654849411109995', 'display_name': 'A 8, Zusmarshausen, Landkreis Augsburg, Bayern, 86441, Deutschland', 'address': {'road': 'A 8', 'village': 'Zusmarshausen', 'county': 'Landkreis Augsburg', 'state': 'Bayern', 'postcode': '86441', 'country': 'Deutschland', 'country_code': 'de'}, 'boundingbox': ['48.410977', '48.4132166', '10.6452292', '10.6594208']}","A 8, Zusmarshausen, Landkreis Augsburg, Bayern, 86441, Deutschland",A 8,9200702007173261312,1,0,up,[48.41284215 10.65780725],5704.081482379174,5704.081482379174
32940,9,7,72,223,2020,7,12,5,3,9,1,0,0,1,0,0,0,614857.0853000004,5361985.0177,10.55180462900006,48.400554457000055,"(48.400554457000055, 10.55180462900006)","{'place_id': 143669431, 'licence': 'Data © OpenStreetMap contributors, ODbL 1.0. https://osm.org/copyright', 'osm_type': 'way', 'osm_id': 180119699, 'lat': '48.400537365344654', 'lon': '10.551808466588552', 'display_name': 'A 8, Vallried, Wollbach, Zusmarshausen, Jettingen-Scheppach, Landkreis Augsburg, Bayern, 86441, Deutschland', 'address': {'road': 'A 8', 'hamlet': 'Vallried', 'village': 'Wollbach', 'municipality': 'Jettingen-Scheppach', 'county': 'Landkreis Augsburg', 'state': 'Bayern', 'postcode': '86441', 'country': 'Deutschland', 'country_code': 'de'}, 'boundingbox': ['48.399835', '48.407249', '10.5221641', '10.575949']}","A 8, Vallried, Wollbach, Zusmarshausen, Jettingen-Scheppach, Landkreis Augsburg, Bayern, 86441, Deutschland",A 8,9200702007173257216,1,0,,,,
33028,9,7,61,0,2020,7,4,7,3,2,6,2,0,1,0,0,1,641309.2182,5363803.4322,10.909617727000068,48.41153119100005,"(48.41153119100005, 10.909617727000068)","{'place_id': 320847, 'licence': 'Data © OpenStreetMap contributors, ODbL 1.0. https://osm.org/copyright', 'osm_type': 'node', 'osm_id': 129955573, 'lat': '48.4114704', 'lon': '10.9098781', 'display_name': 'Augsburg-Ost, A 8, Hammerschmiede, Augsburg, Bayern, 86169, Deutschland', 'address': {'highway': 'Augsburg-Ost', 'road': 'A 8', 'suburb': 'Hammerschmiede', 'city': 'Augsburg', 'state': 'Bayern', 'postcode': '86169', 'country': 'Deutschland', 'country_code': 'de'}, 'boundingbox': ['48.4114204', '48.4115204', '10.9098281', '10.9099281']}","Augsburg-Ost, A 8, Hammerschmiede, Augsburg, Bayern, 86169, Deutschland",A 8,9200704007173264384,0,0,up,[48.41151262 10.90963886],24823.45505449406,24823.45505449406
33081,9,7,71,129,2020,7,19,5,3,9,1,0,0,1,0,0,0,660051.3059,5355987.982899999,11.15974213900006,48.33678813200004,"(48.33678813200004, 11.15974213900006)","{'place_id': 101890269, 'licence': 'Data © OpenStreetMap contributors, ODbL 1.0. https://osm.org/copyright', 'osm_type': 'way', 'osm_id': 14778570, 'lat': '48.336803104589166', 'lon': '11.15975753877934', 'display_name': 'A 8, Eurasburg, Dasing, Landkreis Aichach-Friedberg, Bayern, 85235, Deutschland', 'address': {'road': 'A 8', 'village': 'Eurasburg', 'municipality': 'Dasing', 'county': 'Landkreis Aichach-Friedberg', 'state': 'Bayern', 'postcode': '85235', 'country': 'Deutschland', 'country_code': 'de'}, 'boundingbox': ['48.3167717', '48.3399562', '11.1559195', '11.1937689']}","A 8, Eurasburg, Dasing, Landkreis Aichach-Friedberg, Bayern, 85235, Deutschland",A 8,9200702001270254592,1,0,down,[48.33771732 11.15881088],29499.301358416174,46163.25315942138
33181,9,1,79,142,2020,7,17,4,3,7,7,0,0,0,0,0,0,674461.8644000003,5344836.6393,11.349431492000065,48.23273295000007,"(48.23273295000007, 11.349431492000065)","{'place_id': 164049005, 'licence': 'Data © OpenStreetMap contributors, ODbL 1.0. https://osm.org/copyright', 'osm_type': 'way', 'osm_id': 251505090, 'lat': '48.2327121966731', 'lon': '11.349419262635282', 'display_name': 'A 8, Bergkirchen, Landkreis Dachau, Bayern, 85232, Deutschland', 'address': {'road': 'A 8', 'village': 'Bergkirchen', 'county': 'Landkreis Dachau', 'state': 'Bayern', 'postcode': '85232', 'country': 'Deutschland', 'country_code': 'de'}, 'boundingbox': ['48.2305476', '48.2364882', '11.3428447', '11.3530926']}","A 8, Bergkirchen, Landkreis Dachau, Bayern, 85232, Deutschland",A 8,9200701001270254592,0,1,up,[48.23448118 11.34641894],64578.37957423764,64578.37957423764
33194,9,1,79,142,2020,7,15,4,3,2,6,0,0,1,0,0,1,676310.9934,5343305.8441,11.373674426000036,48.21846112400005,"(48.21846112400005, 11.373674426000036)","{'place_id': 107778347, 'licence': 'Data © OpenStreetMap contributors, ODbL 1.0. https://osm.org/copyright', 'osm_type': 'way', 'osm_id': 28784068, 'lat': '48.21842828105807', 'lon': '11.373655067947297', 'display_name': 'A 8, Graßlfing, Olching, Landkreis Fürstenfeldbruck, Bayern, 82140, Deutschland', 'address': {'road': 'A 8', 'suburb': 'Graßlfing', 'town': 'Olching', 'county': 'Landkreis Fürstenfeldbruck', 'state': 'Bayern', 'postcode': '82140', 'country': 'Deutschland', 'country_code': 'de'}, 'boundingbox': ['48.2153506', '48.2199694', '11.3710404', '11.3788717']}","A 8, Graßlfing, Olching, Landkreis Fürstenfeldbruck, Bayern, 82140, Deutschland",A 8,9200701001270254592,0,0,up,[48.21799281 11.37439372],66975.63259256603,66975.63259256603
33522,9,7,72,223,2020,7,12,1,3,8,1,0,0,1,0,0,0,620644.2457,5363104.153100001,10.630283038000073,48.40953783400005,"(48.40953783400005, 10.630283038000073)","{'place_id': 170982864, 'licence': 'Data © OpenStreetMap contributors, ODbL 1.0. https://osm.org/copyright', 'osm_type': 'way', 'osm_id': 289187276, 'lat': '48.40952014085209', 'lon': '10.630282494960285', 'display_name': 'A 8, Zusmarshausen, Landkreis Augsburg, Bayern, 86441, Deutschland', 'address': {'road': 'A 8', 'village': 'Zusmarshausen', 'county': 'Landkreis Augsburg', 'state': 'Bayern', 'postcode': '86441', 'country': 'Deutschland', 'country_code': 'de'}, 'boundingbox': ['48.4094857', '48.4103677', '10.612932', '10.6338294']}","A 8, Zusmarshausen, Landkreis Augsburg, Bayern, 86441, Deutschland",A 8,9200705007173268480,0,0,up,[48.40949858 10.63098319],3856.7048573575767,3856.7048573575767
34019,9,7,72,223,2020,7,18,4,3,8,1,0,0,1,0,0,0,616221.0143999998,5362647.127699999,10.57040850200002,48.406258956000045,"(48.406258956000045, 10.57040850200002)","{'place_id': 143669431, 'licence': 'Data © OpenStreetMap contributors, ODbL 1.0. https://osm.org/copyright', 'osm_type': 'way', 'osm_id': 180119699, 'lat': '48.40622988545252', 'lon': '10.570412956133902', 'display_name': 'A 8, Vallried, Wollbach, Zusmarshausen, Jettingen-Scheppach, Landkreis Augsburg, Bayern, 86441, Deutschland', 'address': {'road': 'A 8', 'hamlet': 'Vallried', 'village': 'Wollbach', 'municipality': 'Jettingen-Scheppach', 'county': 'Landkreis Augsburg', 'state': 'Bayern', 'postcode': '86441', 'country': 'Deutschland', 'country_code': 'de'}, 'boundingbox': ['48.399835', '48.407249', '10.5221641', '10.575949']}","A 8, Vallried, Wollbach, Zusmarshausen, Jettingen-Scheppach, Landkreis Augsburg, Bayern, 86441, Deutschland",A 8,9200715007173264384,1,0,up,[48.40241416 10.59679551],320.1281236529079,320.1281236529079
34270,9,1,74,135,2020,7,23,7,3,0,6,2,0,1,0,0,0,661971.2484999998,5354268.9334,11.184969887000022,48.32084446100004,"(48.32084446100004, 11.184969887000022)","{'place_id': 170077890, 'licence': 'Data © OpenStreetMap contributors, ODbL 1.0. https://osm.org/copyright', 'osm_type': 'way', 'osm_id': 280688897, 'lat': '48.32081354555392', 'lon': '11.184955768321736', 'display_name': 'A 8, Eurasburg, Dasing, Landkreis Aichach-Friedberg, Bayern, 85235, Deutschland', 'address': {'road': 'A 8', 'village': 'Eurasburg', 'municipality': 'Dasing', 'county': 'Landkreis Aichach-Friedberg', 'state': 'Bayern', 'postcode': '85235', 'country': 'Deutschland', 'country_code': 'de'}, 'boundingbox': ['48.3166388', '48.340026', '11.1555112', '11.193519']}","A 8, Eurasburg, Dasing, Landkreis Aichach-Friedberg, Bayern, 85235, Deutschland",A 8,9200718001270272000,0,0,up,[48.31888163 11.18920492],48773.02211308242,48773.02211308242
34636,9,7,72,147,2020,7,6,5,3,3,6,0,0,1,0,0,1,630671.9287999999,5364278.138,10.76608985100006,48.41809534300006,"(48.41809534300006, 10.76608985100006)","{'place_id': 172400300, 'licence': 'Data © OpenStreetMap contributors, ODbL 1.0. https://osm.org/copyright', 'osm_type': 'way', 'osm_id': 295617776, 'lat': '48.418087451692074', 'lon': '10.766090340283624', 'display_name': 'A 8, Rettenbergen, Gersthofen, Landkreis Augsburg, Bayern, 86368, Deutschland', 'address': {'road': 'A 8', 'village': 'Rettenbergen', 'town': 'Gersthofen', 'county': 'Landkreis Augsburg', 'state': 'Bayern', 'postcode': '86368', 'country': 'Deutschland', 'country_code': 'de'}, 'boundingbox': ['48.417199', '48.418131', '10.7449092', '10.7667927']}","A 8, Rettenbergen, Gersthofen, Landkreis Augsburg, Bayern, 86368, Deutschland",A 8,9200723007173250048,0,0,up,[48.41802252 10.76504304],14146.039638416602,14146.039638416602
34931,9,7,71,122,2020,7,4,6,3,8,1,2,0,0,0,0,0,653416.6010999996,5361704.8003,11.07236001900003,48.38983221400008,"(48.38983221400008, 11.07236001900003)","{'place_id': 169244576, 'licence': 'Data © OpenStreetMap contributors, ODbL 1.0. https://osm.org/copyright', 'osm_type': 'way', 'osm_id': 280691743, 'lat': '48.38983963461444', 'lon': '11.072365014115373', 'display_name': 'A 8, Lindl, Dasing, Landkreis Aichach-Friedberg, Bayern, 86453, Deutschland', 'address': {'road': 'A 8', 'village': 'Lindl', 'municipality': 'Dasing', 'county': 'Landkreis Aichach-Friedberg', 'state': 'Bayern', 'postcode': '86453', 'country': 'Deutschland', 'country_code': 'de'}, 'boundingbox': ['48.3882909', '48.3903099', '11.0716664', '11.0746621']}","A 8, Lindl, Dasing, Landkreis Aichach-Friedberg, Bayern, 86453, Deutschland",A 8,9200724007173250048,0,1,up,[48.38990552 11.07226695],37277.56969718527,37277.56969718527
35086,9,1,74,113,2020,7,8,3,3,2,6,0,0,1,0,0,0,673960.9852,5345257.6567,11.342865019000044,48.23665518300004,"(48.23665518300004, 11.342865019000044)","{'place_id': 125641879, 'licence': 'Data © OpenStreetMap contributors, ODbL 1.0. https://osm.org/copyright', 'osm_type': 'way', 'osm_id': 105836028, 'lat': '48.23829685', 'lon': '11.342871400000007', 'display_name': 'Logicpark, A 8, Bergkirchen, Landkreis Dachau, Bayern, 85232, Deutschland', 'address': {'building': 'Logicpark', 'road': 'A 8', 'village': 'Bergkirchen', 'county': 'Landkreis Dachau', 'state': 'Bayern', 'postcode': '85232', 'country': 'Deutschland', 'country_code': 'de'}, 'boundingbox': ['48.2371782', '48.2394155', '11.3410869', '11.3446559']}","Logicpark, A 8, Bergkirchen, Landkreis Dachau, Bayern, 85232, Deutschland",A 8,9200728001270281216,0,0,down,[48.23614018 11.34383391],11742.597860770487,63925.33251587539
35129,9,7,72,223,2020,7,16,3,3,3,1,0,0,1,0,0,0,616435.0873999996,5362702.7563000005,10.573315413000046,48.40671972300004,"(48.40671972300004, 10.573315413000046)","{'place_id': 143669431, 'licence': 'Data © OpenStreetMap contributors, ODbL 1.0. https://osm.org/copyright', 'osm_type': 'way', 'osm_id': 180119699, 'lat': '48.40670336349819', 'lon': '10.57331857702297', 'display_name': 'A 8, Vallried, Wollbach, Zusmarshausen, Jettingen-Scheppach, Landkreis Augsburg, Bayern, 86441, Deutschland', 'address': {'road': 'A 8', 'hamlet': 'Vallried', 'village': 'Wollbach', 'municipality': 'Jettingen-Scheppach', 'county': 'Landkreis Augsburg', 'state': 'Bayern', 'postcode': '86441', 'country': 'Deutschland', 'country_code': 'de'}, 'boundingbox': ['48.399835', '48.407249', '10.5221641', '10.575949']}","A 8, Vallried, Wollbach, Zusmarshausen, Jettingen-Scheppach, Landkreis Augsburg, Bayern, 86441, Deutschland",A 8,9200728007173280768,1,0,up,[48.40153693 10.59647448],420.5385467047798,420.5385467047798
35163,9,7,71,122,2020,7,12,5,3,3,1,0,0,1,0,1,0,654820.2823000001,5360394.624,11.090825240000072,48.37770996700005,"(48.37770996700005, 11.090825240000072)","{'place_id': 112409051, 'licence': 'Data © OpenStreetMap contributors, ODbL 1.0. https://osm.org/copyright', 'osm_type': 'way', 'osm_id': 42400874, 'lat': '48.37775622640297', 'lon': '11.090855052042327', 'display_name': 'A 8, Burgadelzhausen, Adelzhausen, Dasing, Landkreis Aichach-Friedberg, Bayern, 86453, Deutschland', 'address': {'road': 'A 8', 'village': 'Burgadelzhausen', 'municipality': 'Dasing', 'county': 'Landkreis Aichach-Friedberg', 'state': 'Bayern', 'postcode': '86453', 'country': 'Deutschland', 'country_code': 'de'}, 'boundingbox': ['48.3561686', '48.3880438', '11.0753176', '11.1309595']}","A 8, Burgadelzhausen, Adelzhausen, Dasing, Landkreis Aichach-Friedberg, Bayern, 86453, Deutschland",A 8,9200730007173280768,0,0,down,[48.37669124 11.09250741],36469.18033848929,39195.87311003523
35197,9,1,74,113,2020,7,11,6,3,3,6,0,0,1,0,0,0,671627.3607000001,5346856.8454,11.312111232000063,48.25166694300003,"(48.25166694300003, 11.312111232000063)","{'place_id': 179804010, 'licence': 'Data © OpenStreetMap contributors, ODbL 1.0. https://osm.org/copyright', 'osm_type': 'way', 'osm_id': 327464677, 'lat': '48.2516395460096', 'lon': '11.3120978566607', 'display_name': 'A 8, Palsweis, Bergkirchen, Landkreis Dachau, Bayern, 85232, Deutschland', 'address': {'road': 'A 8', 'village': 'Palsweis', 'county': 'Landkreis Dachau', 'state': 'Bayern', 'postcode': '85232', 'country': 'Deutschland', 'country_code': 'de'}, 'boundingbox': ['48.2375667', '48.2544385', '11.3063647', '11.3408042']}","A 8, Palsweis, Bergkirchen, Landkreis Dachau, Bayern, 85232, Deutschland",A 8,9200731001270281216,0,0,up,[48.25746414 11.30015959],61101.69710376108,61101.69710376108
35327,9,1,74,146,2020,7,13,5,1,8,7,0,0,0,1,0,0,667224.8574999999,5350753.5516,11.25439136600005,48.28787444500006,"(48.28787444500006, 11.25439136600005)","{'place_id': 108867869, 'licence': 'Data © OpenStreetMap contributors, ODbL 1.0. https://osm.org/copyright', 'osm_type': 'way', 'osm_id': 28802113, 'lat': '48.28788185242973', 'lon': '11.254394158105324', 'display_name': 'A 8, Ziegelstadel, Wiedenzhausen, Sulzemoos, Landkreis Dachau, Bayern, 85259, Deutschland', 'address': {'road': 'A 8', 'hamlet': 'Ziegelstadel', 'village': 'Wiedenzhausen', 'county': 'Landkreis Dachau', 'state': 'Bayern', 'postcode': '85259', 'country': 'Deutschland', 'country_code': 'de'}, 'boundingbox': ['48.287303', '48.2952793', '11.2306553', '11.2558719']}","A 8, Ziegelstadel, Wiedenzhausen, Sulzemoos, Landkreis Dachau, Bayern, 85259, Deutschland",A 8,9200730001270293504,0,1,down,[48.28807808 11.25387313],20513.60518740948,55157.07517486075
35502,9,7,71,122,2020,7,15,1,3,8,1,0,0,1,0,0,0,653296.7735000001,5361837.435699999,11.070790885000063,48.39105383400005,"(48.39105383400005, 11.070790885000063)","{'place_id': 123161516, 'licence': 'Data © OpenStreetMap contributors, ODbL 1.0. https://osm.org/copyright', 'osm_type': 'way', 'osm_id': 95261664, 'lat': '48.391060466097926', 'lon': '11.070795058684865', 'display_name': 'A 8, Neulwirth, Lindl, Dasing, Landkreis Aichach-Friedberg, Bayern, 86453, Deutschland', 'address': {'road': 'A 8', 'hamlet': 'Neulwirth', 'village': 'Lindl', 'municipality': 'Dasing', 'county': 'Landkreis Aichach-Friedberg', 'state': 'Bayern', 'postcode': '86453', 'country': 'Deutschland', 'country_code': 'de'}, 'boundingbox': ['48.3883354', '48.3926085', '11.0681792', '11.0748745']}","A 8, Neulwirth, Lindl, Dasing, Landkreis Aichach-Friedberg, Bayern, 86453, Deutschland",A 8,9200726007173250048,1,0,down,[48.39105999 11.07079673],38565.50268012803,37099.91386785704
35587,9,7,71,130,2020,8,22,2,3,8,1,2,0,1,0,0,0,645939.2829,5362821.524599999,10.971807885000032,48.401647497000056,"(48.401647497000056, 10.971807885000032)","{'place_id': 171593475, 'licence': 'Data © OpenStreetMap contributors, ODbL 1.0. https://osm.org/copyright', 'osm_type': 'way', 'osm_id': 288973413, 'lat': '48.401655610253755', 'lon': '10.9718082172586', 'display_name': 'A 8, Sophienhof, Bitzenhofen, Dasing, Landkreis Aichach-Friedberg, Bayern, 86453, Deutschland', 'address': {'road': 'A 8', 'hamlet': 'Sophienhof', 'village': 'Bitzenhofen', 'municipality': 'Dasing', 'county': 'Landkreis Aichach-Friedberg', 'state': 'Bayern', 'postcode': '86453', 'country': 'Deutschland', 'country_code': 'de'}, 'boundingbox': ['48.3960534', '48.4039031', '10.9564457', '11.0556046']}","A 8, Sophienhof, Bitzenhofen, Dasing, Landkreis Aichach-Friedberg, Bayern, 86453, Deutschland",A 8,9200803007173308416,1,0,down,[48.40165177 10.9718934 ],46125.60709270465,29549.971671104373
35741,9,7,61,0,2020,8,14,4,3,3,6,0,0,1,0,0,1,639930.7943000002,5364059.665200001,10.891086121000058,48.41414271300005,"(48.41414271300005, 10.891086121000058)","{'place_id': 169297776, 'licence': 'Data © OpenStreetMap contributors, ODbL 1.0. https://osm.org/copyright', 'osm_type': 'way', 'osm_id': 280726822, 'lat': '48.414154000934', 'lon': '10.891086804148426', 'display_name': 'A 8, Firnhaberau, Augsburg, Bayern, 86169, Deutschland', 'address': {'road': 'A 8', 'suburb': 'Firnhaberau', 'city': 'Augsburg', 'state': 'Bayern', 'postcode': '86169', 'country': 'Deutschland', 'country_code': 'de'}, 'boundingbox': ['48.4126072', '48.4142339', '10.8897666', '10.9039443']}","A 8, Firnhaberau, Augsburg, Bayern, 86169, Deutschland",A 8,9200805007173308416,0,0,down,[48.41415174 10.8911293 ],52250.15620820516,23424.918047097864