OBJECTID,ULAND,UREGBEZ,UKREIS,UGEMEINDE,UJAHR,UMONAT,USTUNDE,UWOCHENTAG,UKATEGORIE,UART,UTYP1,ULICHTVERH,IstRad,IstPKW,IstFuss,IstKrad,IstGkfz,LINREFX,LINREFY,XGCSWGS84,YGCSWGS84,coord,location_dict,address,road,UIDENTSTLAE,STRZUSTAND,IstSonstige,lane,coord_interp,dist_interp,dist_interp_up
35832,9,7,71,122,2020,8,15,2,3,2,6,0,0,1,0,0,1,652608.4450000003,5362266.6620000005,11.061654919000034,48.395079828000064,"(48.395079828000064, 11.061654919000034)","{'place_id': 166709151, 'licence': 'Data © OpenStreetMap contributors, ODbL 1.0. https://osm.org/copyright', 'osm_type': 'way', 'osm_id': 265045937, 'lat': '48.39506884799544', 'lon': '11.06165178955602', 'display_name': 'A 8, Lindl, Dasing, Landkreis Aichach-Friedberg, Bayern, 86453, Deutschland', 'address': {'road': 'A 8', 'village': 'Lindl', 'municipality': 'Dasing', 'county': 'Landkreis Aichach-Friedberg', 'state': 'Bayern', 'postcode': '86453', 'country': 'Deutschland', 'country_code': 'de'}, 'boundingbox': ['48.3950465', '48.3952439', '11.0610376', '11.0617302']}","A 8, Lindl, Dasing, Landkreis Aichach-Friedberg, Bayern, 86453, Deutschland",A 8,9200803007173323776,0,0,up,[48.39522085 11.06111933],36288.13229857691,36288.13229857691
35881,9,7,71,129,2020,8,0,3,3,8,1,2,0,1,0,0,0,660062.6957999999,5355947.337400001,11.159880279000047,48.336419834000026,"(48.336419834000026, 11.159880279000047)","{'place_id': 170077890, 'licence': 'Data © OpenStreetMap contributors, ODbL 1.0. https://osm.org/copyright', 'osm_type': 'way', 'osm_id': 280688897, 'lat': '48.336399987280565', 'lon': '11.15985980374145', 'display_name': 'A 8, Eurasburg, Dasing, Landkreis Aichach-Friedberg, Bayern, 85235, Deutschland', 'address': {'road': 'A 8', 'village': 'Eurasburg', 'municipality': 'Dasing', 'county': 'Landkreis Aichach-Friedberg', 'state': 'Bayern', 'postcode': '85235', 'country': 'Deutschland', 'country_code': 'de'}, 'boundingbox': ['48.3166388', '48.340026', '11.1555112', '11.193519']}","A 8, Eurasburg, Dasing, Landkreis Aichach-Friedberg, Bayern, 85235, Deutschland",A 8,9200804001270311936,1,0,up,[48.3355521 11.1606816],46203.01742848026,46203.01742848026
35951,9,7,72,223,2020,8,23,2,3,8,1,2,0,1,0,0,0,616385.3272000002,5362688.7075,10.57263940100006,48.406602571000064,"(48.406602571000064, 10.57263940100006)","{'place_id': 143669431, 'licence': 'Data © OpenStreetMap contributors, ODbL 1.0. https://osm.org/copyright', 'osm_type': 'way', 'osm_id': 180119699, 'lat': '48.406584099443215', 'lon': '10.57264247802243', 'display_name': 'A 8, Vallried, Wollbach, Zusmarshausen, Jettingen-Scheppach, Landkreis Augsburg, Bayern, 86441, Deutschland', 'address': {'road': 'A 8', 'hamlet': 'Vallried', 'village': 'Wollbach', 'municipality': 'Jettingen-Scheppach', 'county': 'Landkreis Augsburg', 'state': 'Bayern', 'postcode': '86441', 'country': 'Deutschland', 'country_code': 'de'}, 'boundingbox': ['48.399835', '48.407249', '10.5221641', '10.575949']}","A 8, Vallried, Wollbach, Zusmarshausen, Jettingen-Scheppach, Landkreis Augsburg, Bayern, 86441, Deutschland",A 8,9200803007173307392,1,0,up,[48.40175038 10.59655259],396.1063353124048,396.1063353124048
36218,9,7,72,223,2020,8,21,3,3,2,6,2,0,1,0,0,0,621604.6193000004,5363268.734300001,10.64330287300004,48.41083331200008,"(48.41083331200008, 10.64330287300004)","{'place_id': 174992697, 'licence': 'Data © OpenStreetMap contributors, ODbL 1.0. https://osm.org/copyright', 'osm_type': 'way', 'osm_id': 304768086, 'lat': '48.41083752741109', 'lon': '10.643302255966242', 'display_name': 'A 8, Zusmarshausen, Landkreis Augsburg, Bayern, 86441, Deutschland', 'address': {'road': 'A 8', 'village': 'Zusmarshausen', 'county': 'Landkreis Augsburg', 'state': 'Bayern', 'postcode': '86441', 'country': 'Deutschland', 'country_code': 'de'}, 'boundingbox': ['48.4099857', '48.4108492', '10.6374298', '10.643382']}","A 8, Zusmarshausen, Landkreis Augsburg, Bayern, 86441, Deutschland",A 8,9200811007173313536,0,0,down,[48.4107467  10.64267844],70848.60235573976,4834.365085371051
36334,9,7,72,147,2020,8,11,3,3,9,6,0,0,1,0,0,0,639438.7434999999,5364060.3027,10.884440291000033,48.41425751700008,"(48.414257517000074, 10.884440291000033)","{'place_id': 174083771, 'licence': 'Data © OpenStreetMap contributors, ODbL 1.0. https://osm.org/copyright', 'osm_type': 'way', 'osm_id': 300908997, 'lat': '48.41424228016882', 'lon': '10.884439961125228', 'display_name': 'A 8, Gersthofen, Landkreis Augsburg, Bayern, 86368, Deutschland', 'address': {'road': 'A 8', 'town': 'Gersthofen', 'county': 'Landkreis Augsburg', 'state': 'Bayern', 'postcode': '86368', 'country': 'Deutschland', 'country_code': 'de'}, 'boundingbox': ['48.4141586', '48.4142457', '10.884282', '10.887599']}","A 8, Gersthofen, Landkreis Augsburg, Bayern, 86368, Deutschland",A 8,9200811007173323776,0,0,up,[48.4142295  10.88502547],22934.974390997344,22934.974390997344
36385,9,7,71,130,2020,8,14,3,3,2,6,0,0,1,0,0,0,645150.1935,5362949.580800001,10.961197172000029,48.40298105800008,"(48.40298105800008, 10.961197172000029)","{'place_id': 169711243, 'licence': 'Data © OpenStreetMap contributors, ODbL 1.0. https://osm.org/copyright', 'osm_type': 'way', 'osm_id': 280694759, 'lat': '48.40298228854571', 'lon': '10.961197384343821', 'display_name': 'A 8, Derching, Friedberg, Landkreis Aichach-Friedberg, Bayern, 86316, Deutschland', 'address': {'road': 'A 8', 'village': 'Derching', 'town': 'Friedberg', 'county': 'Landkreis Aichach-Friedberg', 'state': 'Bayern', 'postcode': '86316', 'country': 'Deutschland', 'country_code': 'de'}, 'boundingbox': ['48.401446', '48.4037486', '10.9564506', '10.981465']}","A 8, Derching, Friedberg, Landkreis Aichach-Friedberg, Bayern, 86316, Deutschland",A 8,9200811007173313536,0,0,up,[48.40315757 10.96018229],28748.869711330026,28748.869711330026
36493,9,7,72,147,2020,8,3,7,3,8,1,2,0,1,0,0,0,635999.8241,5364278.6566,10.838061120000075,48.41697251800008,"(48.41697251800008, 10.838061120000075)","{'place_id': 163865903, 'licence': 'Data © OpenStreetMap contributors, ODbL 1.0. https://osm.org/copyright', 'osm_type': 'way', 'osm_id': 253368217, 'lat': '48.417099415554304', 'lon': '10.83807016173612', 'display_name': 'A 8, Hirblingen, Gersthofen, Landkreis Augsburg, Bayern, 86368, Deutschland', 'address': {'road': 'A 8', 'village': 'Hirblingen', 'town': 'Gersthofen', 'county': 'Landkreis Augsburg', 'state': 'Bayern', 'postcode': '86368', 'country': 'Deutschland', 'country_code': 'de'}, 'boundingbox': ['48.4170613', '48.4172316', '10.836215', '10.8386051']}","A 8, Hirblingen, Gersthofen, Landkreis Augsburg, Bayern, 86368, Deutschland",A 8,9200815007173334016,0,0,up,[48.41719455 10.83673842],19494.728176529137,19494.728176529137
36510,9,1,74,146,2020,8,20,6,2,8,1,1,0,1,0,0,0,665886.1538000004,5351336.7501,11.236587431000032,48.29346957500008,"(48.29346957500008, 11.236587431000032)","{'place_id': 108867869, 'licence': 'Data © OpenStreetMap contributors, ODbL 1.0. https://osm.org/copyright', 'osm_type': 'way', 'osm_id': 28802113, 'lat': '48.293502623318155', 'lon': '11.236597250710972', 'display_name': 'A 8, Ziegelstadel, Wiedenzhausen, Sulzemoos, Landkreis Dachau, Bayern, 85259, Deutschland', 'address': {'road': 'A 8', 'hamlet': 'Ziegelstadel', 'village': 'Wiedenzhausen', 'county': 'Landkreis Dachau', 'state': 'Bayern', 'postcode': '85259', 'country': 'Deutschland', 'country_code': 'de'}, 'boundingbox': ['48.287303', '48.2952793', '11.2306553', '11.2558719']}","A 8, Ziegelstadel, Wiedenzhausen, Sulzemoos, Landkreis Dachau, Bayern, 85259, Deutschland",A 8,9200814001270318080,1,0,down,[48.29292026 11.23855732],21971.641739977236,53700.54355002297
36600,9,7,72,223,2020,8,12,7,3,0,7,0,0,1,0,0,0,620945.2669000002,5363112.115,10.634351356000025,48.40955173900005,"(48.40955173900005, 10.634351356000025)","{'place_id': 189311016, 'licence': 'Data © OpenStreetMap contributors, ODbL 1.0. https://osm.org/copyright', 'osm_type': 'way', 'osm_id': 376197234, 'lat': '48.40954295197291', 'lon': '10.63435183118383', 'display_name': 'A 8, Zusmarshausen, Landkreis Augsburg, Bayern, 86441, Deutschland', 'address': {'road': 'A 8', 'village': 'Zusmarshausen', 'county': 'Landkreis Augsburg', 'state': 'Bayern', 'postcode': '86441', 'country': 'Deutschland', 'country_code': 'de'}, 'boundingbox': ['48.4095147', '48.4096912', '10.6338294', '10.6362223']}","A 8, Zusmarshausen, Landkreis Augsburg, Bayern, 86441, Deutschland",A 8,9200815007173352448,0,0,up,[48.40952356 10.63398662],4157.5061157613645,4157.5061157613645
36702,9,1,74,146,2020,8,18,4,3,2,6,0,0,1,0,0,0,668382.2905000001,5350021.853700001,11.26969067400006,48.28098988800008,"(48.28098988800008, 11.26969067400006)","{'place_id': 190534, 'licence': 'Data © OpenStreetMap contributors, ODbL 1.0. https://osm.org/copyright', 'osm_type': 'node', 'osm_id': 34035916, 'lat': '48.281347', 'lon': '11.2689517', 'display_name': 'Sulzemoos, A 8, Haidhof, Einsbach, Sulzemoos, Landkreis Dachau, Bayern, 85254, Deutschland', 'address': {'highway': 'Sulzemoos', 'road': 'A 8', 'hamlet': 'Haidhof', 'village': 'Einsbach', 'county': 'Landkreis Dachau', 'state': 'Bayern', 'postcode': '85254', 'country': 'Deutschland', 'country_code': 'de'}, 'boundingbox': ['48.281297', '48.281397', '11.2689017', '11.2690017']}","Sulzemoos, A 8, Haidhof, Einsbach, Sulzemoos, Landkreis Dachau, Bayern, 85254, Deutschland",A 8,9200812001270318080,0,0,down,[48.28055434 11.27062523],19146.079478855987,56523.176906668756
37019,9,7,71,129,2020,8,12,3,3,8,7,0,0,1,1,0,1,660471.6743999999,5355379.0986,11.165178527000023,48.331207508000034,"(48.331207508000034, 11.165178527000023)","{'place_id': 170077890, 'licence': 'Data © OpenStreetMap contributors, ODbL 1.0. https://osm.org/copyright', 'osm_type': 'way', 'osm_id': 280688897, 'lat': '48.331180842707795', 'lon': '11.16515738749974', 'display_name': 'A 8, Eurasburg, Dasing, Landkreis Aichach-Friedberg, Bayern, 85235, Deutschland', 'address': {'road': 'A 8', 'village': 'Eurasburg', 'municipality': 'Dasing', 'county': 'Landkreis Aichach-Friedberg', 'state': 'Bayern', 'postcode': '85235', 'country': 'Deutschland', 'country_code': 'de'}, 'boundingbox': ['48.3166388', '48.340026', '11.1555112', '11.193519']}","A 8, Eurasburg, Dasing, Landkreis Aichach-Friedberg, Bayern, 85235, Deutschland",A 8,9200818001270347776,0,0,up,[48.33168363 11.16452302],46903.919117966645,46903.919117966645
37050,9,1,74,146,2020,8,10,6,3,2,6,0,0,1,0,0,0,666607.0639000004,5351038.0343,11.246181637000063,48.29059480100005,"(48.29059480100005, 11.246181637000063)","{'place_id': 108867869, 'licence': 'Data © OpenStreetMap contributors, ODbL 1.0. https://osm.org/copyright', 'osm_type': 'way', 'osm_id': 28802113, 'lat': '48.29064510171742', 'lon': '11.246196958794016', 'display_name': 'A 8, Ziegelstadel, Wiedenzhausen, Sulzemoos, Landkreis Dachau, Bayern, 85259, Deutschland', 'address': {'road': 'A 8', 'hamlet': 'Ziegelstadel', 'village': 'Wiedenzhausen', 'county': 'Landkreis Dachau', 'state': 'Bayern', 'postcode': '85259', 'country': 'Deutschland', 'country_code': 'de'}, 'boundingbox': ['48.287303', '48.2952793', '11.2306553', '11.2558719']}","A 8, Ziegelstadel, Wiedenzhausen, Sulzemoos, Landkreis Dachau, Bayern, 85259, Deutschland",A 8,9200821001270347776,0,0,down,[48.29001887 11.24825218],21192.91685272906,54479.26876742323
37253,9,1,74,146,2020,8,18,1,3,3,6,0,0,1,0,0,0,668083.2115000002,5350202.375600001,11.265734353000028,48.28269219500004,"(48.28269219500004, 11.265734353000028)","{'place_id': 148630884, 'licence': 'Data © OpenStreetMap contributors, ODbL 1.0. https://osm.org/copyright', 'osm_type': 'way', 'osm_id': 197697279, 'lat': '48.28267207721886', 'lon': '11.265724904674876', 'display_name': 'A 8, Haidhof, Einsbach, Sulzemoos, Landkreis Dachau, Bayern, 85254, Deutschland', 'address': {'road': 'A 8', 'hamlet': 'Haidhof', 'village': 'Einsbach', 'county': 'Landkreis Dachau', 'state': 'Bayern', 'postcode': '85254', 'country': 'Deutschland', 'country_code': 'de'}, 'boundingbox': ['48.2809649', '48.287056', '11.2560819', '11.2693599']}","A 8, Haidhof, Einsbach, Sulzemoos, Landkreis Dachau, Bayern, 85254, Deutschland",A 8,9200823001270347776,0,0,up,[48.28329184 11.26440362],56174.72223543189,56174.72223543189
37329,9,1,74,146,2020,8,9,3,3,2,6,0,0,1,0,0,0,666477.9088000003,5351092.1054,11.24446308000006,48.29111487500006,"(48.29111487500006, 11.24446308000006)","{'place_id': 108867869, 'licence': 'Data © OpenStreetMap contributors, ODbL 1.0. https://osm.org/copyright', 'osm_type': 'way', 'osm_id': 28802113, 'lat': '48.291161038579936', 'lon': '11.244476799496885', 'display_name': 'A 8, Ziegelstadel, Wiedenzhausen, Sulzemoos, Landkreis Dachau, Bayern, 85259, Deutschland', 'address': {'road': 'A 8', 'hamlet': 'Ziegelstadel', 'village': 'Wiedenzhausen', 'county': 'Landkreis Dachau', 'state': 'Bayern', 'postcode': '85259', 'country': 'Deutschland', 'country_code': 'de'}, 'boundingbox': ['48.287303', '48.2952793', '11.2306553', '11.2558719']}","A 8, Ziegelstadel, Wiedenzhausen, Sulzemoos, Landkreis Dachau, Bayern, 85259, Deutschland",A 8,9200825001270347776,0,0,down,[48.28949594 11.24996875],21332.634299746776,54339.61363171255
37361,9,7,61,0,2020,8,18,2,3,2,6,0,0,1,0,0,0,643165.1308000004,5363390.168,10.93454229300005,48.40739649500006,"(48.40739649500006, 10.93454229300005)","{'place_id': 169491747, 'licence': 'Data © OpenStreetMap contributors, ODbL 1.0. https://osm.org/copyright', 'osm_type': 'way', 'osm_id': 280695156, 'lat': '48.407391318539304', 'lon': '10.934541424597242', 'display_name': 'A 8, Dickelsmoor, Friedberg, Landkreis Aichach-Friedberg, Bayern, 86167, Deutschland', 'address': {'road': 'A 8', 'hamlet': 'Dickelsmoor', 'town': 'Friedberg', 'county': 'Landkreis Aichach-Friedberg', 'state': 'Bayern', 'postcode': '86167', 'country': 'Deutschland', 'country_code': 'de'}, 'boundingbox': ['48.4051416', '48.4081703', '10.929844', '10.9481348']}","A 8, Dickelsmoor, Friedberg, Landkreis Aichach-Friedberg, Bayern, 86167, Deutschland",A 8,9200824007173344256,0,0,up,[48.40723332 10.93548354],26720.323736213468,26720.323736213468
37521,9,7,71,122,2020,8,17,6,3,8,1,0,0,1,0,0,0,654079.4890999999,5361065.7378,11.081073852000031,48.38392504400008,"(48.38392504400008, 11.081073852000031)","{'place_id': 123171715, 'licence': 'Data © OpenStreetMap contributors, ODbL 1.0. https://osm.org/copyright', 'osm_type': 'way', 'osm_id': 95261689, 'lat': '48.38392475000155', 'lon': '11.081073651162143', 'display_name': 'A 8, Burgadelzhausen, Adelzhausen, Dasing, Landkreis Aichach-Friedberg, Bayern, 86453, Deutschland', 'address': {'road': 'A 8', 'village': 'Burgadelzhausen', 'municipality': 'Dasing', 'county': 'Landkreis Aichach-Friedberg', 'state': 'Bayern', 'postcode': '86453', 'country': 'Deutschland', 'country_code': 'de'}, 'boundingbox': ['48.3561378', '48.3880253', '11.0750446', '11.1307183']}","A 8, Burgadelzhausen, Adelzhausen, Dasing, Landkreis Aichach-Friedberg, Bayern, 86453, Deutschland",A 8,9200828007170338816,1,0,up,[48.38530184 11.07904897],38197.350184355164,38197.350184355164
37522,9,1,74,146,2020,8,11,4,2,9,7,0,0,1,0,0,0,665766.2651000004,5351386.3758000005,11.234991769000032,48.29394711700007,"(48.29394711700007, 11.234991769000032)","{'place_id': 108867869, 'licence': 'Data © OpenStreetMap contributors, ODbL 1.0. https://osm.org/copyright', 'osm_type': 'way', 'osm_id': 28802113, 'lat': '48.293974752433336', 'lon': '11.234999904437313', 'display_name': 'A 8, Ziegelstadel, Wiedenzhausen, Sulzemoos, Landkreis Dachau, Bayern, 85259, Deutschland', 'address': {'road': 'A 8', 'hamlet': 'Ziegelstadel', 'village': 'Wiedenzhausen', 'county': 'Landkreis Dachau', 'state': 'Bayern', 'postcode': '85259', 'country': 'Deutschland', 'country_code': 'de'}, 'boundingbox': ['48.287303', '48.2952793', '11.2306553', '11.2558719']}","A 8, Ziegelstadel, Wiedenzhausen, Sulzemoos, Landkreis Dachau, Bayern, 85259, Deutschland",A 8,9200826001270347776,0,0,down,[48.29402766 11.23482047],22101.129029207248,53571.068630102025
37631,9,7,71,122,2020,8,16,1,3,2,6,0,0,1,0,0,0,650993.9200999998,5362350.9997000005,11.03988836900004,48.39622675900006,"(48.39622675900006, 11.03988836900004)","{'place_id': 171593475, 'licence': 'Data © OpenStreetMap contributors, ODbL 1.0. https://osm.org/copyright', 'osm_type': 'way', 'osm_id': 288973413, 'lat': '48.39625843785014', 'lon': '11.039887083786219', 'display_name': 'A 8, Sophienhof, Bitzenhofen, Dasing, Landkreis Aichach-Friedberg, Bayern, 86453, Deutschland', 'address': {'road': 'A 8', 'hamlet': 'Sophienhof', 'village': 'Bitzenhofen', 'municipality': 'Dasing', 'county': 'Landkreis Aichach-Friedberg', 'state': 'Bayern', 'postcode': '86453', 'country': 'Deutschland', 'country_code': 'de'}, 'boundingbox': ['48.3960534', '48.4039031', '10.9564457', '11.0556046']}","A 8, Sophienhof, Bitzenhofen, Dasing, Landkreis Aichach-Friedberg, Bayern, 86453, Deutschland",A 8,9200830007173352448,1,0,down,[48.39605221 11.03516328],41020.78369211284,34658.0649479819
37678,9,7,71,122,2020,8,14,3,3,8,1,0,0,1,0,0,0,657177.9468,5358897.4713,11.122083015000044,48.36366704400008,"(48.363667044000074, 11.122083015000044)","{'place_id': 123171715, 'licence': 'Data © OpenStreetMap contributors, ODbL 1.0. https://osm.org/copyright', 'osm_type': 'way', 'osm_id': 95261689, 'lat': '48.363647621345805', 'lon': '11.122072437667248', 'display_name': 'A 8, Burgadelzhausen, Adelzhausen, Dasing, Landkreis Aichach-Friedberg, Bayern, 86453, Deutschland', 'address': {'road': 'A 8', 'village': 'Burgadelzhausen', 'municipality': 'Dasing', 'county': 'Landkreis Aichach-Friedberg', 'state': 'Bayern', 'postcode': '86453', 'country': 'Deutschland', 'country_code': 'de'}, 'boundingbox': ['48.3561378', '48.3880253', '11.0750446', '11.1307183']}","A 8, Burgadelzhausen, Adelzhausen, Dasing, Landkreis Aichach-Friedberg, Bayern, 86453, Deutschland",A 8,9200825007173352448,0,0,up,[48.3635367  11.12227717],42022.725703300355,42022.725703300355
37686,9,7,72,147,2020,8,14,6,3,3,3,0,0,1,0,0,0,639249.9789000005,5364062.1961,10.881891299000074,48.41431628300006,"(48.41431628300006, 10.881891299000074)","{'place_id': 107197597, 'licence': 'Data © OpenStreetMap contributors, ODbL 1.0. https://osm.org/copyright', 'osm_type': 'way', 'osm_id': 27126750, 'lat': '48.41429481237265', 'lon': '10.881890858008434', 'display_name': 'A 8, Gersthofen, Landkreis Augsburg, Bayern, 86368, Deutschland', 'address': {'road': 'A 8', 'town': 'Gersthofen', 'county': 'Landkreis Augsburg', 'state': 'Bayern', 'postcode': '86368', 'country': 'Deutschland', 'country_code': 'de'}, 'boundingbox': ['48.4142457', '48.4143641', '10.8790431', '10.884282']}","A 8, Gersthofen, Landkreis Augsburg, Bayern, 86368, Deutschland",A 8,9200828007173352448,1,1,up,[48.41425214 10.88398169],22746.686601728677,22746.686601728677
37687,9,7,71,122,2020,8,17,3,3,2,6,0,0,1,0,0,0,649129.4288999997,5362664.0518,11.014827068000043,48.39948512200005,"(48.39948512200005, 11.014827068000043)","{'place_id': 179625445, 'licence': 'Data © OpenStreetMap contributors, ODbL 1.0. https://osm.org/copyright', 'osm_type': 'way', 'osm_id': 327495113, 'lat': '48.39946733344544', 'lon': '11.014824934874774', 'display_name': 'A 8, Sophienhof, Bitzenhofen, Dasing, Landkreis Aichach-Friedberg, Bayern, 86453, Deutschland', 'address': {'road': 'A 8', 'hamlet': 'Sophienhof', 'village': 'Bitzenhofen', 'municipality': 'Dasing', 'county': 'Landkreis Aichach-Friedberg', 'state': 'Bayern', 'postcode': '86453', 'country': 'Deutschland', 'country_code': 'de'}, 'boundingbox': ['48.3959071', '48.4010591', '10.9924061', '11.0555759']}","A 8, Sophienhof, Bitzenhofen, Dasing, Landkreis Aichach-Friedberg, Bayern, 86453, Deutschland",A 8,9200825007173352448,0,0,up,[48.39953998 11.01422057],32740.15952830384,32740.15952830384
37691,9,7,72,223,2020,8,6,3,3,2,6,0,0,1,0,0,1,621609.9917000001,5363255.645199999,10.643371648000029,48.41071456700007,"(48.41071456700007, 10.643371648000029)","{'place_id': 189462504, 'licence': 'Data © OpenStreetMap contributors, ODbL 1.0. https://osm.org/copyright', 'osm_type': 'way', 'osm_id': 376197232, 'lat': '48.41069755014696', 'lon': '10.643374211550777', 'display_name': 'A 8, Zusmarshausen, Landkreis Augsburg, Bayern, 86441, Deutschland', 'address': {'road': 'A 8', 'village': 'Zusmarshausen', 'county': 'Landkreis Augsburg', 'state': 'Bayern', 'postcode': '86441', 'country': 'Deutschland', 'country_code': 'de'}, 'boundingbox': ['48.4106328', '48.410977', '10.6429444', '10.6452292']}","A 8, Zusmarshausen, Landkreis Augsburg, Bayern, 86441, Deutschland",A 8,9200825007173344256,0,0,up,[48.41091178 10.64479577],4836.603554519357,4836.603554519357
37761,9,7,61,0,2020,8,17,6,3,2,6,0,0,1,0,0,0,642828.2938000001,5363479.386700001,10.930023783000024,48.40827511700007,"(48.40827511700007, 10.930023783000024)","{'place_id': 170078922, 'licence': 'Data © OpenStreetMap contributors, ODbL 1.0. https://osm.org/copyright', 'osm_type': 'way', 'osm_id': 280694756, 'lat': '48.40828763066275', 'lon': '10.930025880641464', 'display_name': 'A 8, Dickelsmoor, Friedberg, Landkreis Aichach-Friedberg, Bayern, 86169, Deutschland', 'address': {'road': 'A 8', 'hamlet': 'Dickelsmoor', 'town': 'Friedberg', 'county': 'Landkreis Aichach-Friedberg', 'state': 'Bayern', 'postcode': '86169', 'country': 'Deutschland', 'country_code': 'de'}, 'boundingbox': ['48.4052755', '48.4085066', '10.9287196', '10.9482169']}","A 8, Dickelsmoor, Friedberg, Landkreis Aichach-Friedberg, Bayern, 86169, Deutschland",A 8,9200828007170333696,1,0,down,[48.40838046 10.92947449],49299.51539203913,26372.91678881828
37856,9,7,61,0,2020,9,14,6,3,2,6,0,0,1,0,0,0,641951.8594000004,5363674.785800001,10.91825364500005,48.41023004500005,"(48.41023004500005, 10.91825364500005)","{'place_id': 108127770, 'licence': 'Data © OpenStreetMap contributors, ODbL 1.0. https://osm.org/copyright', 'osm_type': 'way', 'osm_id': 27126888, 'lat': '48.410239742342426', 'lon': '10.918255254158405', 'display_name': 'A 8, Hammerschmiede, Augsburg, Bayern, 86169, Deutschland', 'address': {'road': 'A 8', 'suburb': 'Hammerschmiede', 'city': 'Augsburg', 'state': 'Bayern', 'postcode': '86169', 'country': 'Deutschland', 'country_code': 'de'}, 'boundingbox': ['48.4088208', '48.4104754', '10.9168351', '10.9268308']}","A 8, Hammerschmiede, Augsburg, Bayern, 86169, Deutschland",A 8,9200904007170368512,0,0,down,[48.4102479  10.91820395],50195.329834870834,25477.11339177499
38025,9,7,71,130,2020,9,11,6,3,9,6,0,0,1,0,0,0,643557.6995000001,5363303.4729,10.939814128000023,48.40652769800005,"(48.40652769800005, 10.939814128000023)","{'place_id': 169491747, 'licence': 'Data © OpenStreetMap contributors, ODbL 1.0. https://osm.org/copyright', 'osm_type': 'way', 'osm_id': 280695156, 'lat': '48.406511289907684', 'lon': '10.939811399160394', 'display_name': 'A 8, Dickelsmoor, Friedberg, Landkreis Aichach-Friedberg, Bayern, 86167, Deutschland', 'address': {'road': 'A 8', 'hamlet': 'Dickelsmoor', 'town': 'Friedberg', 'county': 'Landkreis Aichach-Friedberg', 'state': 'Bayern', 'postcode': '86167', 'country': 'Deutschland', 'country_code': 'de'}, 'boundingbox': ['48.4051416', '48.4081703', '10.929844', '10.9481348']}","A 8, Dickelsmoor, Friedberg, Landkreis Aichach-Friedberg, Bayern, 86167, Deutschland",A 8,9200904007173385216,0,0,up,[48.40636119 10.94071487],27121.391453153894,27121.391453153894
38214,9,1,74,146,2020,9,14,3,3,8,1,0,0,1,0,0,0,667323.3882999998,5350685.033500001,11.255691471000034,48.28723244600008,"(48.28723244600008, 11.255691471000034)","{'place_id': 207155179, 'licence': 'Data © OpenStreetMap contributors, ODbL 1.0. https://osm.org/copyright', 'osm_type': 'way', 'osm_id': 477921131, 'lat': '48.28721327684992', 'lon': '11.25568375278549', 'display_name': 'A 8, Ziegelstadel, Wiedenzhausen, Sulzemoos, Landkreis Dachau, Bayern, 85254, Deutschland', 'address': {'road': 'A 8', 'hamlet': 'Ziegelstadel', 'village': 'Wiedenzhausen', 'county': 'Landkreis Dachau', 'state': 'Bayern', 'postcode': '85254', 'country': 'Deutschland', 'country_code': 'de'}, 'boundingbox': ['48.28718', '48.2919587', '11.2411804', '11.2557664']}","A 8, Ziegelstadel, Wiedenzhausen, Sulzemoos, Landkreis Dachau, Bayern, 85254, Deutschland",A 8,9200901001270373376,0,1,up,[48.28702077 11.25617179],55276.082268334765,55276.082268334765
38367,9,7,71,130,2020,9,10,1,3,9,6,0,0,1,0,0,0,645350.2934,5362919.185699999,10.963888647000031,48.40266166300007,"(48.40266166300007, 10.963888647000031)","{'place_id': 171593475, 'licence': 'Data © OpenStreetMap contributors, ODbL 1.0. https://osm.org/copyright', 'osm_type': 'way', 'osm_id': 288973413, 'lat': '48.40267348015887', 'lon': '10.963890733066505', 'display_name': 'A 8, Sophienhof, Bitzenhofen, Dasing, Landkreis Aichach-Friedberg, Bayern, 86453, Deutschland', 'address': {'road': 'A 8', 'hamlet': 'Sophienhof', 'village': 'Bitzenhofen', 'municipality': 'Dasing', 'county': 'Landkreis Aichach-Friedberg', 'state': 'Bayern', 'postcode': '86453', 'country': 'Deutschland', 'country_code': 'de'}, 'boundingbox': ['48.3960534', '48.4039031', '10.9564457', '11.0556046']}","A 8, Sophienhof, Bitzenhofen, Dasing, Landkreis Aichach-Friedberg, Bayern, 86453, Deutschland",A 8,9200906007173378048,0,0,down,[48.40252668 10.96472368],46722.14070739592,28950.125383967545