OBJECTID,ULAND,UREGBEZ,UKREIS,UGEMEINDE,UJAHR,UMONAT,USTUNDE,UWOCHENTAG,UKATEGORIE,UART,UTYP1,ULICHTVERH,IstRad,IstPKW,IstFuss,IstKrad,IstGkfz,LINREFX,LINREFY,XGCSWGS84,YGCSWGS84,coord,location_dict,address,road,UIDENTSTLAE,STRZUSTAND,IstSonstige,lane,coord_interp,dist_interp,dist_interp_up
38774,9,7,72,223,2020,9,7,1,3,8,1,0,0,1,0,0,0,624582.0855999999,5364357.085999999,10.683844223000053,48.42003891400003,"(48.42003891400003, 10.683844223000053)","{'place_id': 179285986, 'licence': 'Data © OpenStreetMap contributors, ODbL 1.0. https://osm.org/copyright', 'osm_type': 'way', 'osm_id': 327667395, 'lat': '48.42005592302324', 'lon': '10.683845456442148', 'display_name': 'A 8, Adelsried, Landkreis Augsburg, Bayern, 86477, Deutschland', 'address': {'road': 'A 8', 'village': 'Adelsried', 'county': 'Landkreis Augsburg', 'state': 'Bayern', 'postcode': '86477', 'country': 'Deutschland', 'country_code': 'de'}, 'boundingbox': ['48.4173813', '48.4201097', '10.6826043', '10.717102']}","A 8, Adelsried, Landkreis Augsburg, Bayern, 86477, Deutschland",A 8,9200913007173374976,0,0,down,[48.42000567 10.68453687],67628.62725867421,8046.459001417895
38861,9,1,79,142,2020,9,7,2,3,1,6,0,0,1,0,0,0,675925.4709999999,5343625.262599999,11.368621276000056,48.221439427000064,"(48.221439427000064, 11.368621276000056)","{'place_id': 180097007, 'licence': 'Data © OpenStreetMap contributors, ODbL 1.0. https://osm.org/copyright', 'osm_type': 'way', 'osm_id': 327462613, 'lat': '48.22140691993239', 'lon': '11.368602111102161', 'display_name': 'A 8, Graßlfing, Olching, Landkreis Fürstenfeldbruck, Bayern, 82140, Deutschland', 'address': {'road': 'A 8', 'suburb': 'Graßlfing', 'town': 'Olching', 'county': 'Landkreis Fürstenfeldbruck', 'state': 'Bayern', 'postcode': '82140', 'country': 'Deutschland', 'country_code': 'de'}, 'boundingbox': ['48.2199694', '48.2294326', '11.3549891', '11.3710404']}","A 8, Graßlfing, Olching, Landkreis Fürstenfeldbruck, Bayern, 82140, Deutschland",A 8,9200914001270373376,0,0,up,[48.22367232 11.36475968],66475.663005445,66475.663005445
39059,9,7,71,122,2020,9,9,6,3,3,6,0,0,1,0,0,1,655399.8940000003,5359871.7653,11.098454092000054,48.37286669500003,"(48.37286669500003, 11.098454092000054)","{'place_id': 112409051, 'licence': 'Data © OpenStreetMap contributors, ODbL 1.0. https://osm.org/copyright', 'osm_type': 'way', 'osm_id': 42400874, 'lat': '48.372892001049856', 'lon': '11.098469703794292', 'display_name': 'A 8, Burgadelzhausen, Adelzhausen, Dasing, Landkreis Aichach-Friedberg, Bayern, 86453, Deutschland', 'address': {'road': 'A 8', 'village': 'Burgadelzhausen', 'municipality': 'Dasing', 'county': 'Landkreis Aichach-Friedberg', 'state': 'Bayern', 'postcode': '86453', 'country': 'Deutschland', 'country_code': 'de'}, 'boundingbox': ['48.3561686', '48.3880438', '11.0753176', '11.1309595']}","A 8, Burgadelzhausen, Adelzhausen, Dasing, Landkreis Aichach-Friedberg, Bayern, 86453, Deutschland",A 8,9200911007173396480,0,0,down,[48.3720115  11.09989662],35689.57603591136,39975.84285446626
39338,9,1,74,113,2020,9,0,6,3,3,6,2,0,1,0,0,0,672427.4902999997,5346309.003900001,11.322658017000036,48.24652500500008,"(48.24652500500008, 11.322658017000036)","{'place_id': 179804010, 'licence': 'Data © OpenStreetMap contributors, ODbL 1.0. https://osm.org/copyright', 'osm_type': 'way', 'osm_id': 327464677, 'lat': '48.24649248189813', 'lon': '11.322642153092069', 'display_name': 'A 8, Palsweis, Bergkirchen, Landkreis Dachau, Bayern, 85232, Deutschland', 'address': {'road': 'A 8', 'village': 'Palsweis', 'county': 'Landkreis Dachau', 'state': 'Bayern', 'postcode': '85232', 'country': 'Deutschland', 'country_code': 'de'}, 'boundingbox': ['48.2375667', '48.2544385', '11.3063647', '11.3408042']}","A 8, Palsweis, Bergkirchen, Landkreis Dachau, Bayern, 85232, Deutschland",A 8,9200918001270404096,0,0,up,[48.24065813 11.33460283],62069.83012387636,62069.83012387636
39411,9,1,62,0,2020,9,12,2,2,2,6,0,0,1,0,1,0,682395.1361999996,5337812.4681,11.453149031000066,48.16736361700004,"(48.16736361700004, 11.453149031000066)","{'place_id': 283644550, 'licence': 'Data © OpenStreetMap contributors, ODbL 1.0. https://osm.org/copyright', 'osm_type': 'node', 'osm_id': 273168, 'lat': '48.1671327', 'lon': '11.4534788', 'display_name': 'München-Obermenzing, A 8, Pipping, Obermenzing, Pasing-Obermenzing, München, Bayern, Deutschland', 'address': {'highway': 'München-Obermenzing', 'road': 'A 8', 'suburb': 'Pipping', 'city_district': 'Pasing-Obermenzing', 'city': 'München', 'state': 'Bayern', 'country': 'Deutschland', 'country_code': 'de'}, 'boundingbox': ['48.1670827', '48.1671827', '11.4534288', '11.4535288']}","München-Obermenzing, A 8, Pipping, Obermenzing, Pasing-Obermenzing, München, Bayern, Deutschland",A 8,9200921001270389760,0,0,up,[48.16707283 11.45356151],75165.53374880644,75165.53374880644
39708,9,7,72,223,2020,9,18,1,3,8,1,1,0,1,0,0,0,621231.8181999996,5363163.6089,10.638236800000072,48.40995976000005,"(48.40995976000005, 10.638236800000072)","{'place_id': 171200929, 'licence': 'Data © OpenStreetMap contributors, ODbL 1.0. https://osm.org/copyright', 'osm_type': 'way', 'osm_id': 289185133, 'lat': '48.40994970253009', 'lon': '10.638238190129007', 'display_name': 'A 8, Zusmarshausen, Landkreis Augsburg, Bayern, 86441, Deutschland', 'address': {'road': 'A 8', 'village': 'Zusmarshausen', 'county': 'Landkreis Augsburg', 'state': 'Bayern', 'postcode': '86441', 'country': 'Deutschland', 'country_code': 'de'}, 'boundingbox': ['48.4096912', '48.4101342', '10.6362223', '10.6394921']}","A 8, Zusmarshausen, Landkreis Augsburg, Bayern, 86441, Deutschland",A 8,9200920007173381120,0,0,up,[48.40987742 10.63771801],4448.277772101703,4448.277772101703
39744,9,1,74,135,2020,9,12,1,3,2,6,0,0,1,0,0,0,661971.2484999998,5354268.9334,11.184969887000022,48.32084446100004,"(48.32084446100004, 11.184969887000022)","{'place_id': 170077890, 'licence': 'Data © OpenStreetMap contributors, ODbL 1.0. https://osm.org/copyright', 'osm_type': 'way', 'osm_id': 280688897, 'lat': '48.32081354555392', 'lon': '11.184955768321736', 'display_name': 'A 8, Eurasburg, Dasing, Landkreis Aichach-Friedberg, Bayern, 85235, Deutschland', 'address': {'road': 'A 8', 'village': 'Eurasburg', 'municipality': 'Dasing', 'county': 'Landkreis Aichach-Friedberg', 'state': 'Bayern', 'postcode': '85235', 'country': 'Deutschland', 'country_code': 'de'}, 'boundingbox': ['48.3166388', '48.340026', '11.1555112', '11.193519']}","A 8, Eurasburg, Dasing, Landkreis Aichach-Friedberg, Bayern, 85235, Deutschland",A 8,9200920001270389760,0,0,up,[48.31888163 11.18920492],48773.02211308242,48773.02211308242
40077,9,7,72,147,2020,9,6,5,3,3,6,1,0,1,0,0,1,638987.6528000003,5364081.5372,10.878354490000048,48.41454810600004,"(48.41454810600004, 10.878354490000048)","{'place_id': 169543049, 'licence': 'Data © OpenStreetMap contributors, ODbL 1.0. https://osm.org/copyright', 'osm_type': 'way', 'osm_id': 280732481, 'lat': '48.41454087601654', 'lon': '10.878354326578705', 'display_name': 'A 8, Gersthofen, Landkreis Augsburg, Bayern, 86368, Deutschland', 'address': {'road': 'A 8', 'town': 'Gersthofen', 'county': 'Landkreis Augsburg', 'state': 'Bayern', 'postcode': '86368', 'country': 'Deutschland', 'country_code': 'de'}, 'boundingbox': ['48.4144753', '48.414542', '10.8783046', '10.8812555']}","A 8, Gersthofen, Landkreis Augsburg, Bayern, 86368, Deutschland",A 8,9200924007173388288,0,0,down,[48.41456808 10.87711587],53191.35178431804,22484.730883357097
40102,9,7,71,122,2020,9,16,7,2,2,6,0,0,1,0,0,0,652911.1535,5362115.689099999,11.065686611000046,48.39364914400005,"(48.39364914400005, 11.065686611000046)","{'place_id': 169692874, 'licence': 'Data © OpenStreetMap contributors, ODbL 1.0. https://osm.org/copyright', 'osm_type': 'way', 'osm_id': 280691748, 'lat': '48.39363370013736', 'lon': '11.06567980398945', 'display_name': 'A 8, Neulwirth, Lindl, Dasing, Landkreis Aichach-Friedberg, Bayern, 86453, Deutschland', 'address': {'road': 'A 8', 'hamlet': 'Neulwirth', 'village': 'Lindl', 'municipality': 'Dasing', 'county': 'Landkreis Aichach-Friedberg', 'state': 'Bayern', 'postcode': '86453', 'country': 'Deutschland', 'country_code': 'de'}, 'boundingbox': ['48.392718', '48.3937256', '11.0654713', '11.0676037']}","A 8, Neulwirth, Lindl, Dasing, Landkreis Aichach-Friedberg, Bayern, 86453, Deutschland",A 8,9200926007123394560,1,0,up,[48.39348952 11.06600706],36625.92253891791,36625.92253891791
40148,9,7,71,122,2020,9,16,7,3,3,6,0,0,1,0,0,0,652697.3387000002,5362244.5896000005,11.062846988000048,48.39485986200003,"(48.39485986200003, 11.062846988000048)","{'place_id': 107914160, 'licence': 'Data © OpenStreetMap contributors, ODbL 1.0. https://osm.org/copyright', 'osm_type': 'way', 'osm_id': 27127051, 'lat': '48.39486662561551', 'lon': '11.062849092372058', 'display_name': 'A 8, Lindl, Dasing, Landkreis Aichach-Friedberg, Bayern, 86453, Deutschland', 'address': {'road': 'A 8', 'village': 'Lindl', 'municipality': 'Dasing', 'county': 'Landkreis Aichach-Friedberg', 'state': 'Bayern', 'postcode': '86453', 'country': 'Deutschland', 'country_code': 'de'}, 'boundingbox': ['48.3948165', '48.3951944', '11.0617956', '11.0630102']}","A 8, Lindl, Dasing, Landkreis Aichach-Friedberg, Bayern, 86453, Deutschland",A 8,9200926007173398528,1,0,down,[48.39514477 11.06195453],39292.47443044926,36377.82623159549
40175,9,7,72,223,2020,9,10,2,3,8,7,0,0,1,0,0,0,625275.8635,5364266.8573,10.693190082000058,48.41908994900008,"(48.419089949000075, 10.693190082000058)","{'place_id': 179285986, 'licence': 'Data © OpenStreetMap contributors, ODbL 1.0. https://osm.org/copyright', 'osm_type': 'way', 'osm_id': 327667395, 'lat': '48.419104985764136', 'lon': '10.693191131501036', 'display_name': 'A 8, Adelsried, Landkreis Augsburg, Bayern, 86477, Deutschland', 'address': {'road': 'A 8', 'village': 'Adelsried', 'county': 'Landkreis Augsburg', 'state': 'Bayern', 'postcode': '86477', 'country': 'Deutschland', 'country_code': 'de'}, 'boundingbox': ['48.4173813', '48.4201097', '10.6826043', '10.717102']}","A 8, Adelsried, Landkreis Augsburg, Bayern, 86477, Deutschland",A 8,9200928007173399552,0,0,down,[48.41910762 10.69316047],66930.520693476,8744.642111573055
40241,9,7,71,130,2020,9,16,6,3,0,6,0,0,1,0,0,0,647337.6448999997,5362821.1152,10.990689417000056,48.401318564000064,"(48.401318564000064, 10.990689417000056)","{'place_id': 171593475, 'licence': 'Data © OpenStreetMap contributors, ODbL 1.0. https://osm.org/copyright', 'osm_type': 'way', 'osm_id': 288973413, 'lat': '48.40132046481262', 'lon': '10.990689547242917', 'display_name': 'A 8, Sophienhof, Bitzenhofen, Dasing, Landkreis Aichach-Friedberg, Bayern, 86453, Deutschland', 'address': {'road': 'A 8', 'hamlet': 'Sophienhof', 'village': 'Bitzenhofen', 'municipality': 'Dasing', 'county': 'Landkreis Aichach-Friedberg', 'state': 'Bayern', 'postcode': '86453', 'country': 'Deutschland', 'country_code': 'de'}, 'boundingbox': ['48.3960534', '48.4039031', '10.9564457', '11.0556046']}","A 8, Sophienhof, Bitzenhofen, Dasing, Landkreis Aichach-Friedberg, Bayern, 86453, Deutschland",A 8,9200925007173411840,0,0,down,[48.40145067 10.98879131],44728.767876378515,30946.17176530651
40505,9,1,74,135,2020,10,13,6,3,2,6,0,0,1,0,0,0,663677.4819999998,5352868.657,11.207425737000053,48.30781656000005,"(48.30781656000005, 11.207425737000053)","{'place_id': 283577537, 'licence': 'Data © OpenStreetMap contributors, ODbL 1.0. https://osm.org/copyright', 'osm_type': 'node', 'osm_id': 138131, 'lat': '48.3078027', 'lon': '11.2074832', 'display_name': 'Odelzhausen, A 8, Taxa, Odelzhausen, Landkreis Dachau, Bayern, 85235, Deutschland', 'address': {'highway': 'Odelzhausen', 'road': 'A 8', 'village': 'Taxa', 'county': 'Landkreis Dachau', 'state': 'Bayern', 'postcode': '85235', 'country': 'Deutschland', 'country_code': 'de'}, 'boundingbox': ['48.3077527', '48.3078527', '11.2074332', '11.2075332']}","Odelzhausen, A 8, Taxa, Odelzhausen, Landkreis Dachau, Bayern, 85235, Deutschland",A 8,9201002001270425600,0,0,down,[48.30852903 11.20641519],24684.2524078874,50981.90662363633
40748,9,1,74,113,2020,10,8,4,3,1,6,0,0,1,0,0,0,669386.1808000002,5349308.456900001,11.28292548500002,48.274308959000045,"(48.274308959000045, 11.28292548500002)","{'place_id': 169894014, 'licence': 'Data © OpenStreetMap contributors, ODbL 1.0. https://osm.org/copyright', 'osm_type': 'way', 'osm_id': 280421998, 'lat': '48.27428882210148', 'lon': '11.282911862980413', 'display_name': 'A 8, Einsbach, Sulzemoos, Landkreis Dachau, Bayern, 85254, Deutschland', 'address': {'road': 'A 8', 'village': 'Einsbach', 'county': 'Landkreis Dachau', 'state': 'Bayern', 'postcode': '85254', 'country': 'Deutschland', 'country_code': 'de'}, 'boundingbox': ['48.2708684', '48.2776562', '11.2764074', '11.2870058']}","A 8, Einsbach, Sulzemoos, Landkreis Dachau, Bayern, 85254, Deutschland",A 8,9201007001270429696,1,0,up,[48.27401237 11.28332137],57753.396700170226,57753.396700170226
40830,9,7,71,122,2020,10,17,4,3,2,1,0,0,1,0,0,0,653369.0018999996,5361768.9969,11.07174092200006,48.390420962000064,"(48.390420962000064, 11.07174092200006)","{'place_id': 123161516, 'licence': 'Data © OpenStreetMap contributors, ODbL 1.0. https://osm.org/copyright', 'osm_type': 'way', 'osm_id': 95261664, 'lat': '48.390452664024245', 'lon': '11.071760872588822', 'display_name': 'A 8, Neulwirth, Lindl, Dasing, Landkreis Aichach-Friedberg, Bayern, 86453, Deutschland', 'address': {'road': 'A 8', 'hamlet': 'Neulwirth', 'village': 'Lindl', 'municipality': 'Dasing', 'county': 'Landkreis Aichach-Friedberg', 'state': 'Bayern', 'postcode': '86453', 'country': 'Deutschland', 'country_code': 'de'}, 'boundingbox': ['48.3883354', '48.3926085', '11.0681792', '11.0748745']}","A 8, Neulwirth, Lindl, Dasing, Landkreis Aichach-Friedberg, Bayern, 86453, Deutschland",A 8,9201007007173431296,1,0,down,[48.38955351 11.07314025],38466.08378090252,37198.8393976972
40935,9,1,74,135,2020,10,22,3,3,7,1,2,0,1,0,0,0,663985.8795999996,5352568.932600001,11.211465235000048,48.30504216200006,"(48.30504216200006, 11.211465235000048)","{'place_id': 207325858, 'licence': 'Data © OpenStreetMap contributors, ODbL 1.0. https://osm.org/copyright', 'osm_type': 'way', 'osm_id': 477921133, 'lat': '48.30506319495599', 'lon': '11.211479681443329', 'display_name': 'A 8, Lukka, Taxa, Odelzhausen, Landkreis Dachau, Bayern, 85259, Deutschland', 'address': {'road': 'A 8', 'hamlet': 'Lukka', 'village': 'Taxa', 'county': 'Landkreis Dachau', 'state': 'Bayern', 'postcode': '85259', 'country': 'Deutschland', 'country_code': 'de'}, 'boundingbox': ['48.295503', '48.306587', '11.2092555', '11.2299598']}","A 8, Lukka, Taxa, Odelzhausen, Landkreis Dachau, Bayern, 85259, Deutschland",A 8,9201006001270429696,1,0,down,[48.303722   11.21343274],24254.666102688763,51411.556627944476
40979,9,7,72,223,2020,10,4,4,3,3,1,2,0,1,0,0,1,617977.7714,5363088.454600001,10.594260850000069,48.40990146000007,"(48.40990146000007, 10.594260850000069)","{'place_id': 172107157, 'licence': 'Data © OpenStreetMap contributors, ODbL 1.0. https://osm.org/copyright', 'osm_type': 'way', 'osm_id': 295621827, 'lat': '48.40989207097585', 'lon': '10.594261118439723', 'display_name': 'A 8, Friedensdorf, Wollbach, Zusmarshausen, Landkreis Augsburg, Bayern, 86441, Deutschland', 'address': {'road': 'A 8', 'hamlet': 'Friedensdorf', 'village': 'Wollbach', 'county': 'Landkreis Augsburg', 'state': 'Bayern', 'postcode': '86441', 'country': 'Deutschland', 'country_code': 'de'}, 'boundingbox': ['48.4098893', '48.4099226', '10.5941642', '10.5955377']}","A 8, Friedensdorf, Wollbach, Zusmarshausen, Landkreis Augsburg, Bayern, 86441, Deutschland",A 8,9201007007173449728,1,0,down,[48.41051977 10.59727245],74294.71735676534,1401.822984434656
41049,9,7,71,122,2020,10,17,4,3,2,1,1,0,1,0,0,0,653427.0487000002,5361714.1688,11.07250447100006,48.389913902000046,"(48.389913902000046, 11.07250447100006)","{'place_id': 123161516, 'licence': 'Data © OpenStreetMap contributors, ODbL 1.0. https://osm.org/copyright', 'osm_type': 'way', 'osm_id': 95261664, 'lat': '48.38995209508689', 'lon': '11.072529393681402', 'display_name': 'A 8, Neulwirth, Lindl, Dasing, Landkreis Aichach-Friedberg, Bayern, 86453, Deutschland', 'address': {'road': 'A 8', 'hamlet': 'Neulwirth', 'village': 'Lindl', 'municipality': 'Dasing', 'county': 'Landkreis Aichach-Friedberg', 'state': 'Bayern', 'postcode': '86453', 'country': 'Deutschland', 'country_code': 'de'}, 'boundingbox': ['48.3883354', '48.3926085', '11.0681792', '11.0748745']}","A 8, Neulwirth, Lindl, Dasing, Landkreis Aichach-Friedberg, Bayern, 86453, Deutschland",A 8,9201007007173430272,1,0,down,[48.39005626 11.07237031],38386.328948339135,37278.59527916069
41120,9,7,72,147,2020,10,10,5,3,2,6,0,0,1,0,0,0,633390.4703000002,5364548.998299999,10.802899578000051,48.41996126200007,"(48.41996126200007, 10.802899578000051)","{'place_id': 180838116, 'licence': 'Data © OpenStreetMap contributors, ODbL 1.0. https://osm.org/copyright', 'osm_type': 'way', 'osm_id': 330705166, 'lat': '48.41993288918426', 'lon': '10.802898483400662', 'display_name': 'A 8, Edenbergen, Gersthofen, Landkreis Augsburg, Bayern, 86368, Deutschland', 'address': {'road': 'A 8', 'village': 'Edenbergen', 'town': 'Gersthofen', 'county': 'Landkreis Augsburg', 'state': 'Bayern', 'postcode': '86368', 'country': 'Deutschland', 'country_code': 'de'}, 'boundingbox': ['48.4199152', '48.4200048', '10.8005508', '10.803357']}","A 8, Edenbergen, Gersthofen, Landkreis Augsburg, Bayern, 86368, Deutschland",A 8,9201015007173444608,0,0,up,[48.41994632 10.80254192],16877.641002258955,16877.641002258955
41212,9,1,79,142,2020,10,13,4,3,3,6,0,0,1,0,0,0,675156.0040999996,5344262.639699999,11.35853383500006,48.22738183200005,"(48.22738183200005, 11.35853383500006)","{'place_id': 180097007, 'licence': 'Data © OpenStreetMap contributors, ODbL 1.0. https://osm.org/copyright', 'osm_type': 'way', 'osm_id': 327462613, 'lat': '48.22735393637573', 'lon': '11.35851737814571', 'display_name': 'A 8, Graßlfing, Olching, Landkreis Fürstenfeldbruck, Bayern, 82140, Deutschland', 'address': {'road': 'A 8', 'suburb': 'Graßlfing', 'town': 'Olching', 'county': 'Landkreis Fürstenfeldbruck', 'state': 'Bayern', 'postcode': '82140', 'country': 'Deutschland', 'country_code': 'de'}, 'boundingbox': ['48.2199694', '48.2294326', '11.3549891', '11.3710404']}","A 8, Graßlfing, Olching, Landkreis Fürstenfeldbruck, Bayern, 82140, Deutschland",A 8,9201014001270437888,1,0,up,[48.2298097 11.3543494],65477.87089259493,65477.87089259493
41671,9,7,72,147,2020,10,10,6,3,3,6,0,0,1,0,0,1,636627.017,5364227.7654,10.846516593000048,48.41637922500007,"(48.41637922500007, 10.846516593000048)","{'place_id': 180168261, 'licence': 'Data © OpenStreetMap contributors, ODbL 1.0. https://osm.org/copyright', 'osm_type': 'way', 'osm_id': 327643027, 'lat': '48.416371440002564', 'lon': '10.846515911711682', 'display_name': 'A 8, Hirblingen, Gersthofen, Landkreis Augsburg, Bayern, 86368, Deutschland', 'address': {'road': 'A 8', 'village': 'Hirblingen', 'town': 'Gersthofen', 'county': 'Landkreis Augsburg', 'state': 'Bayern', 'postcode': '86368', 'country': 'Deutschland', 'country_code': 'de'}, 'boundingbox': ['48.4150344', '48.4168632', '10.8408789', '10.8621793']}","A 8, Hirblingen, Gersthofen, Landkreis Augsburg, Bayern, 86368, Deutschland",A 8,9201016007173441536,1,0,up,[48.41609799 10.8498323 ],20122.54981779868,20122.54981779868
41725,9,1,74,146,2020,10,3,5,3,3,7,2,0,0,0,0,1,666404.0767999999,5351123.159600001,11.243480702000056,48.291413463000026,"(48.291413463000026, 11.243480702000056)","{'place_id': 108867869, 'licence': 'Data © OpenStreetMap contributors, ODbL 1.0. https://osm.org/copyright', 'osm_type': 'way', 'osm_id': 28802113, 'lat': '48.29145353276045', 'lon': '11.243492610455853', 'display_name': 'A 8, Ziegelstadel, Wiedenzhausen, Sulzemoos, Landkreis Dachau, Bayern, 85259, Deutschland', 'address': {'road': 'A 8', 'hamlet': 'Ziegelstadel', 'village': 'Wiedenzhausen', 'county': 'Landkreis Dachau', 'state': 'Bayern', 'postcode': '85259', 'country': 'Deutschland', 'country_code': 'de'}, 'boundingbox': ['48.287303', '48.2952793', '11.2306553', '11.2558719']}","A 8, Ziegelstadel, Wiedenzhausen, Sulzemoos, Landkreis Dachau, Bayern, 85259, Deutschland",A 8,9201022001270443008,0,1,down,[48.29210125 11.24131296],21412.608223686242,54259.691061044454
42142,9,7,71,122,2020,10,9,2,3,7,7,0,0,1,0,0,0,649797.3157000002,5362460.5063000005,11.023772154000028,48.39749672900008,"(48.397496729000075, 11.023772154000028)","{'place_id': 171593475, 'licence': 'Data © OpenStreetMap contributors, ODbL 1.0. https://osm.org/copyright', 'osm_type': 'way', 'osm_id': 288973413, 'lat': '48.397516925664895', 'lon': '11.023777983990614', 'display_name': 'A 8, Sophienhof, Bitzenhofen, Dasing, Landkreis Aichach-Friedberg, Bayern, 86453, Deutschland', 'address': {'road': 'A 8', 'hamlet': 'Sophienhof', 'village': 'Bitzenhofen', 'municipality': 'Dasing', 'county': 'Landkreis Aichach-Friedberg', 'state': 'Bayern', 'postcode': '86453', 'country': 'Deutschland', 'country_code': 'de'}, 'boundingbox': ['48.3960534', '48.4039031', '10.9564457', '11.0556046']}","A 8, Sophienhof, Bitzenhofen, Dasing, Landkreis Aichach-Friedberg, Bayern, 86453, Deutschland",A 8,9201026007173449728,1,1,down,[48.39707024 11.02545531],42232.73093810714,33437.58922532496
42246,9,1,74,135,2020,10,14,1,2,2,6,0,0,1,0,0,0,661134.2931000004,5354817.0781,11.173897435000072,48.32598625100008,"(48.32598625100008, 11.173897435000072)","{'place_id': 170077890, 'licence': 'Data © OpenStreetMap contributors, ODbL 1.0. https://osm.org/copyright', 'osm_type': 'way', 'osm_id': 280688897, 'lat': '48.325980612844255', 'lon': '11.17389455784887', 'display_name': 'A 8, Eurasburg, Dasing, Landkreis Aichach-Friedberg, Bayern, 85235, Deutschland', 'address': {'road': 'A 8', 'village': 'Eurasburg', 'municipality': 'Dasing', 'county': 'Landkreis Aichach-Friedberg', 'state': 'Bayern', 'postcode': '85235', 'country': 'Deutschland', 'country_code': 'de'}, 'boundingbox': ['48.3166388', '48.340026', '11.1555112', '11.193519']}","A 8, Eurasburg, Dasing, Landkreis Aichach-Friedberg, Bayern, 85235, Deutschland",A 8,9201025001270443008,0,0,up,[48.32633226 11.17320578],47774.05710255482,47774.05710255482
42331,9,7,72,223,2020,10,13,2,3,3,1,0,0,1,0,0,1,617777.5789999999,5363081.9034,10.591554852000058,48.409879989000046,"(48.409879989000046, 10.591554852000058)","{'place_id': 161862030, 'licence': 'Data © OpenStreetMap contributors, ODbL 1.0. https://osm.org/copyright', 'osm_type': 'way', 'osm_id': 246271668, 'lat': '48.40990746615591', 'lon': '10.591553164039997', 'display_name': 'A 8, Friedensdorf, Wollbach, Zusmarshausen, Landkreis Augsburg, Bayern, 86441, Deutschland', 'address': {'road': 'A 8', 'hamlet': 'Friedensdorf', 'village': 'Wollbach', 'county': 'Landkreis Augsburg', 'state': 'Bayern', 'postcode': '86441', 'country': 'Deutschland', 'country_code': 'de'}, 'boundingbox': ['48.407462', '48.4099617', '10.5760621', '10.592436']}","A 8, Friedensdorf, Wollbach, Zusmarshausen, Landkreis Augsburg, Bayern, 86441, Deutschland",A 8,9201026007173456896,1,0,down,[48.41003563 10.59749621],74351.04322203048,1443.7376579680906
42463,9,7,72,223,2020,11,16,2,3,2,6,2,0,0,0,0,1,617167.2046999997,5362971.9526,10.583279309000034,48.40900496300002,"(48.40900496300002, 10.583279309000034)","{'place_id': 161862030, 'licence': 'Data © OpenStreetMap contributors, ODbL 1.0. https://osm.org/copyright', 'osm_type': 'way', 'osm_id': 246271668, 'lat': '48.40903111186227', 'lon': '10.583275032532956', 'display_name': 'A 8, Friedensdorf, Wollbach, Zusmarshausen, Landkreis Augsburg, Bayern, 86441, Deutschland', 'address': {'road': 'A 8', 'hamlet': 'Friedensdorf', 'village': 'Wollbach', 'county': 'Landkreis Augsburg', 'state': 'Bayern', 'postcode': '86441', 'country': 'Deutschland', 'country_code': 'de'}, 'boundingbox': ['48.407462', '48.4099617', '10.5760621', '10.592436']}","A 8, Friedensdorf, Wollbach, Zusmarshausen, Landkreis Augsburg, Bayern, 86441, Deutschland",A 8,9201109007173479424,0,1,down,[48.41186903 10.59716452],74170.42725665391,1469.1263799834092
42501,9,7,61,0,2020,11,17,3,3,2,6,2,0,1,0,0,0,640781.1201999998,5363934.458799999,10.902529210000068,48.41282751700004,"(48.41282751700004, 10.902529210000068)","{'place_id': 169297776, 'licence': 'Data © OpenStreetMap contributors, ODbL 1.0. https://osm.org/copyright', 'osm_type': 'way', 'osm_id': 280726822, 'lat': '48.41284232605223', 'lon': '10.902531674910199', 'display_name': 'A 8, Firnhaberau, Augsburg, Bayern, 86169, Deutschland', 'address': {'road': 'A 8', 'suburb': 'Firnhaberau', 'city': 'Augsburg', 'state': 'Bayern', 'postcode': '86169', 'country': 'Deutschland', 'country_code': 'de'}, 'boundingbox': ['48.4126072', '48.4142339', '10.8897666', '10.9039443']}","A 8, Firnhaberau, Augsburg, Bayern, 86169, Deutschland",A 8,9201103007173480448,1,0,down,[48.41278746 10.9028595 ],51391.668782466324,24281.13745902771
42516,9,7,72,223,2020,10,14,6,3,3,6,0,0,1,0,0,1,620437.3690999998,5363137.354800001,10.62749818900005,48.40987598200008,"(48.40987598200008, 10.62749818900005)","{'place_id': 174469944, 'licence': 'Data © OpenStreetMap contributors, ODbL 1.0. https://osm.org/copyright', 'osm_type': 'way', 'osm_id': 304768097, 'lat': '48.40989035621832', 'lon': '10.627499881864715', 'display_name': 'A 8, Zusmarshausen, Landkreis Augsburg, Bayern, 86441, Deutschland', 'address': {'road': 'A 8', 'village': 'Zusmarshausen', 'county': 'Landkreis Augsburg', 'state': 'Bayern', 'postcode': '86441', 'country': 'Deutschland', 'country_code': 'de'}, 'boundingbox': ['48.4096358', '48.410546', '10.6099251', '10.6374298']}","A 8, Zusmarshausen, Landkreis Augsburg, Bayern, 86441, Deutschland",A 8,9201030007173456896,0,0,down,[48.41001114 10.6264721 ],72029.58164297981,3647.5560032683234