OBJECTID,ULAND,UREGBEZ,UKREIS,UGEMEINDE,UJAHR,UMONAT,USTUNDE,UWOCHENTAG,UKATEGORIE,UART,UTYP1,ULICHTVERH,IstRad,IstPKW,IstFuss,IstKrad,IstGkfz,LINREFX,LINREFY,XGCSWGS84,YGCSWGS84,coord,location_dict,address,road,UIDENTSTLAE,STRZUSTAND,IstSonstige,lane,coord_interp,dist_interp,dist_interp_up
42596,9,7,71,122,2020,10,14,6,3,2,7,0,0,1,0,0,0,650974.7426000005,5362335.175000001,11.03962376800007,48.39608907400003,"(48.39608907400003, 11.03962376800007)","{'place_id': 179625445, 'licence': 'Data © OpenStreetMap contributors, ODbL 1.0. https://osm.org/copyright', 'osm_type': 'way', 'osm_id': 327495113, 'lat': '48.396078681266914', 'lon': '11.039624218798915', 'display_name': 'A 8, Sophienhof, Bitzenhofen, Dasing, Landkreis Aichach-Friedberg, Bayern, 86453, Deutschland', 'address': {'road': 'A 8', 'hamlet': 'Sophienhof', 'village': 'Bitzenhofen', 'municipality': 'Dasing', 'county': 'Landkreis Aichach-Friedberg', 'state': 'Bayern', 'postcode': '86453', 'country': 'Deutschland', 'country_code': 'de'}, 'boundingbox': ['48.3959071', '48.4010591', '10.9924061', '11.0555759']}","A 8, Sophienhof, Bitzenhofen, Dasing, Landkreis Aichach-Friedberg, Bayern, 86453, Deutschland",A 8,9201030007173454848,0,1,up,[48.39592575 11.03545589],34637.74210264561,34637.74210264561
42638,9,7,61,0,2020,11,17,3,3,2,6,1,0,1,0,0,0,640486.9561000001,5363993.5175,10.898575899000036,48.41342419500006,"(48.41342419500006, 10.898575899000036)","{'place_id': 169297776, 'licence': 'Data © OpenStreetMap contributors, ODbL 1.0. https://osm.org/copyright', 'osm_type': 'way', 'osm_id': 280726822, 'lat': '48.413429420530214', 'lon': '10.898576607946094', 'display_name': 'A 8, Firnhaberau, Augsburg, Bayern, 86169, Deutschland', 'address': {'road': 'A 8', 'suburb': 'Firnhaberau', 'city': 'Augsburg', 'state': 'Bayern', 'postcode': '86169', 'country': 'Deutschland', 'country_code': 'de'}, 'boundingbox': ['48.4126072', '48.4142339', '10.8897666', '10.9039443']}","A 8, Firnhaberau, Augsburg, Bayern, 86169, Deutschland",A 8,9201103007173476352,1,0,down,[48.41331987 10.89938459],51691.073851157504,23982.106167237922
42857,9,7,72,147,2020,11,17,3,3,2,6,2,0,1,0,0,0,630761.6113,5364289.8747000005,10.76730501000003,48.41818227600004,"(48.41818227600004, 10.76730501000003)","{'place_id': 160537666, 'licence': 'Data © OpenStreetMap contributors, ODbL 1.0. https://osm.org/copyright', 'osm_type': 'way', 'osm_id': 237842495, 'lat': '48.41816994496151', 'lon': '10.767305945676307', 'display_name': 'A 8, Rettenbergen, Gersthofen, Landkreis Augsburg, Bayern, 86368, Deutschland', 'address': {'road': 'A 8', 'village': 'Rettenbergen', 'town': 'Gersthofen', 'county': 'Landkreis Augsburg', 'state': 'Bayern', 'postcode': '86368', 'country': 'Deutschland', 'country_code': 'de'}, 'boundingbox': ['48.418131', '48.4198693', '10.7667927', '10.78637']}","A 8, Rettenbergen, Gersthofen, Landkreis Augsburg, Bayern, 86368, Deutschland",A 8,9201103007173477376,0,0,up,[48.41823695 10.76818788],14236.289613028357,14236.289613028357
42894,9,7,71,129,2020,11,10,1,3,8,1,0,0,1,0,0,0,659744.3625999996,5356343.482000001,11.155738084000063,48.34006184000003,"(48.34006184000003, 11.155738084000063)","{'place_id': 169043478, 'licence': 'Data © OpenStreetMap contributors, ODbL 1.0. https://osm.org/copyright', 'osm_type': 'way', 'osm_id': 280688899, 'lat': '48.340068826890956', 'lon': '11.155742530598099', 'display_name': 'A 8, Eurasburg, Dasing, Landkreis Aichach-Friedberg, Bayern, 86495, Deutschland', 'address': {'road': 'A 8', 'village': 'Eurasburg', 'municipality': 'Dasing', 'county': 'Landkreis Aichach-Friedberg', 'state': 'Bayern', 'postcode': '86495', 'country': 'Deutschland', 'country_code': 'de'}, 'boundingbox': ['48.3399562', '48.3411096', '11.1539991', '11.1559195']}","A 8, Eurasburg, Dasing, Landkreis Aichach-Friedberg, Bayern, 86495, Deutschland",A 8,9201101001270477824,1,0,down,[48.33956257 11.15648891],29969.655667341973,45695.874862935896
42916,9,1,74,113,2020,11,0,4,3,9,1,2,0,1,0,0,0,673728.6467000004,5345413.716499999,11.339802653000048,48.23812174700004,"(48.23812174700004, 11.339802653000048)","{'place_id': 179804010, 'licence': 'Data © OpenStreetMap contributors, ODbL 1.0. https://osm.org/copyright', 'osm_type': 'way', 'osm_id': 327464677, 'lat': '48.23808033882026', 'lon': '11.339781849135752', 'display_name': 'A 8, Palsweis, Bergkirchen, Landkreis Dachau, Bayern, 85232, Deutschland', 'address': {'road': 'A 8', 'village': 'Palsweis', 'county': 'Landkreis Dachau', 'state': 'Bayern', 'postcode': '85232', 'country': 'Deutschland', 'country_code': 'de'}, 'boundingbox': ['48.2375667', '48.2544385', '11.3063647', '11.3408042']}","A 8, Palsweis, Bergkirchen, Landkreis Dachau, Bayern, 85232, Deutschland",A 8,9201104001270477824,1,0,up,[48.23594882 11.34386489],63646.55893656087,63646.55893656087
43657,9,1,74,135,2020,11,17,2,3,8,6,2,0,1,0,0,0,662660.8221000005,5353808.079700001,11.194087311000033,48.31652431600003,"(48.31652431600003, 11.194087311000033)","{'place_id': 101770962, 'licence': 'Data © OpenStreetMap contributors, ODbL 1.0. https://osm.org/copyright', 'osm_type': 'way', 'osm_id': 14778575, 'lat': '48.31657585537478', 'lon': '11.194116360913648', 'display_name': 'A 8, Spindelhafner, Höfa, Odelzhausen, Landkreis Dachau, Bayern, 85235, Deutschland', 'address': {'road': 'A 8', 'hamlet': 'Spindelhafner', 'village': 'Höfa', 'county': 'Landkreis Dachau', 'state': 'Bayern', 'postcode': '85235', 'country': 'Deutschland', 'country_code': 'de'}, 'boundingbox': ['48.3164179', '48.3167717', '11.1937689', '11.1943966']}","A 8, Spindelhafner, Höfa, Odelzhausen, Landkreis Dachau, Bayern, 85235, Deutschland",A 8,9201123001270491136,1,1,down,[48.31662597 11.19402806],26068.195273707846,49600.2251445783
43699,9,1,74,146,2020,11,14,1,3,2,6,0,0,1,0,0,0,667706.6224999996,5350450.136600001,11.260760444000027,48.28501936900005,"(48.28501936900005, 11.260760444000027)","{'place_id': 148630884, 'licence': 'Data © OpenStreetMap contributors, ODbL 1.0. https://osm.org/copyright', 'osm_type': 'way', 'osm_id': 197697279, 'lat': '48.285000684573696', 'lon': '11.26075200020204', 'display_name': 'A 8, Haidhof, Einsbach, Sulzemoos, Landkreis Dachau, Bayern, 85254, Deutschland', 'address': {'road': 'A 8', 'hamlet': 'Haidhof', 'village': 'Einsbach', 'county': 'Landkreis Dachau', 'state': 'Bayern', 'postcode': '85254', 'country': 'Deutschland', 'country_code': 'de'}, 'boundingbox': ['48.2809649', '48.287056', '11.2560819', '11.2693599']}","A 8, Haidhof, Einsbach, Sulzemoos, Landkreis Dachau, Bayern, 85254, Deutschland",A 8,9201122001270489088,0,0,up,[48.28584575 11.25888299],55724.72178008982,55724.72178008982
43700,9,7,72,223,2020,11,16,3,3,2,6,0,0,1,0,0,0,618445.8015000001,5363094.5327,10.600584602000026,48.40986833100004,"(48.40986833100004, 10.600584602000026)","{'place_id': 107694652, 'licence': 'Data © OpenStreetMap contributors, ODbL 1.0. https://osm.org/copyright', 'osm_type': 'way', 'osm_id': 28768104, 'lat': '48.40987542935259', 'lon': '10.60058466923167', 'display_name': 'A 8, Wollbach, Zusmarshausen, Landkreis Augsburg, Bayern, 86441, Deutschland', 'address': {'road': 'A 8', 'village': 'Wollbach', 'county': 'Landkreis Augsburg', 'state': 'Bayern', 'postcode': '86441', 'country': 'Deutschland', 'country_code': 'de'}, 'boundingbox': ['48.4098719', '48.4098924', '10.5987929', '10.6009573']}","A 8, Wollbach, Zusmarshausen, Landkreis Augsburg, Bayern, 86441, Deutschland",A 8,9201124007173499904,0,0,up,[48.40986247 10.6023583 ],1653.294356891813,1653.294356891813
43957,9,1,74,135,2020,11,17,6,3,2,6,2,0,1,0,0,0,662944.7758,5353569.8741,11.197822537000036,48.31430972600003,"(48.31430972600003, 11.197822537000036)","{'place_id': 169245527, 'licence': 'Data © OpenStreetMap contributors, ODbL 1.0. https://osm.org/copyright', 'osm_type': 'way', 'osm_id': 280422002, 'lat': '48.31436371065112', 'lon': '11.19785639091007', 'display_name': 'A 8, Spindelhafner, Taxa, Odelzhausen, Landkreis Dachau, Bayern, 85235, Deutschland', 'address': {'road': 'A 8', 'hamlet': 'Spindelhafner', 'village': 'Taxa', 'county': 'Landkreis Dachau', 'state': 'Bayern', 'postcode': '85235', 'country': 'Deutschland', 'country_code': 'de'}, 'boundingbox': ['48.3107187', '48.3145561', '11.1975496', '11.2032163']}","A 8, Spindelhafner, Taxa, Odelzhausen, Landkreis Dachau, Bayern, 85235, Deutschland",A 8,9201127001270496256,0,0,down,[48.31456503 11.19753556],25697.693705207486,49969.795182958005
44016,9,1,79,142,2020,12,8,3,3,8,1,0,0,0,0,0,0,676310.9934,5343305.8441,11.373674426000036,48.21846112400005,"(48.21846112400005, 11.373674426000036)","{'place_id': 107778347, 'licence': 'Data © OpenStreetMap contributors, ODbL 1.0. https://osm.org/copyright', 'osm_type': 'way', 'osm_id': 28784068, 'lat': '48.21842828105807', 'lon': '11.373655067947297', 'display_name': 'A 8, Graßlfing, Olching, Landkreis Fürstenfeldbruck, Bayern, 82140, Deutschland', 'address': {'road': 'A 8', 'suburb': 'Graßlfing', 'town': 'Olching', 'county': 'Landkreis Fürstenfeldbruck', 'state': 'Bayern', 'postcode': '82140', 'country': 'Deutschland', 'country_code': 'de'}, 'boundingbox': ['48.2153506', '48.2199694', '11.3710404', '11.3788717']}","A 8, Graßlfing, Olching, Landkreis Fürstenfeldbruck, Bayern, 82140, Deutschland",A 8,9201201001270533120,2,1,up,[48.21799281 11.37439372],66975.63259256603,66975.63259256603
44211,9,7,71,122,2020,12,17,5,3,2,6,2,0,1,0,0,0,656732.4362000003,5359159.2948,11.116169936000064,48.36613172500006,"(48.36613172500006, 11.116169936000064)","{'place_id': 123171715, 'licence': 'Data © OpenStreetMap contributors, ODbL 1.0. https://osm.org/copyright', 'osm_type': 'way', 'osm_id': 95261689, 'lat': '48.366106712692286', 'lon': '11.116161868153869', 'display_name': 'A 8, Burgadelzhausen, Adelzhausen, Dasing, Landkreis Aichach-Friedberg, Bayern, 86453, Deutschland', 'address': {'road': 'A 8', 'village': 'Burgadelzhausen', 'municipality': 'Dasing', 'county': 'Landkreis Aichach-Friedberg', 'state': 'Bayern', 'postcode': '86453', 'country': 'Deutschland', 'country_code': 'de'}, 'boundingbox': ['48.3561378', '48.3880253', '11.0750446', '11.1307183']}","A 8, Burgadelzhausen, Adelzhausen, Dasing, Landkreis Aichach-Friedberg, Bayern, 86453, Deutschland",A 8,9201203007173516288,0,0,up,[48.36584029 11.11698915],41506.11354117108,41506.11354117108
44212,9,7,72,147,2020,12,9,5,3,3,6,0,0,0,0,0,1,637024.9737999998,5364187.629899999,10.851878957000054,48.41593191800007,"(48.41593191800007, 10.851878957000054)","{'place_id': 180168261, 'licence': 'Data © OpenStreetMap contributors, ODbL 1.0. https://osm.org/copyright', 'osm_type': 'way', 'osm_id': 327643027, 'lat': '48.415919080240506', 'lon': '10.851877849062525', 'display_name': 'A 8, Hirblingen, Gersthofen, Landkreis Augsburg, Bayern, 86368, Deutschland', 'address': {'road': 'A 8', 'village': 'Hirblingen', 'town': 'Gersthofen', 'county': 'Landkreis Augsburg', 'state': 'Bayern', 'postcode': '86368', 'country': 'Deutschland', 'country_code': 'de'}, 'boundingbox': ['48.4150344', '48.4168632', '10.8408789', '10.8621793']}","A 8, Hirblingen, Gersthofen, Landkreis Augsburg, Bayern, 86368, Deutschland",A 8,9201203007173514240,1,1,up,[48.41598089 10.85116156],20521.520912326992,20521.520912326992
44255,9,7,61,0,2020,12,18,7,2,9,6,2,0,1,0,0,0,643052.5251000002,5363428.5908,10.933034689000069,48.40776753700004,"(48.40776753700004, 10.933034689000069)","{'place_id': 170078922, 'licence': 'Data © OpenStreetMap contributors, ODbL 1.0. https://osm.org/copyright', 'osm_type': 'way', 'osm_id': 280694756, 'lat': '48.40780217255666', 'lon': '10.933040190754882', 'display_name': 'A 8, Dickelsmoor, Friedberg, Landkreis Aichach-Friedberg, Bayern, 86169, Deutschland', 'address': {'road': 'A 8', 'hamlet': 'Dickelsmoor', 'town': 'Friedberg', 'county': 'Landkreis Aichach-Friedberg', 'state': 'Bayern', 'postcode': '86169', 'country': 'Deutschland', 'country_code': 'de'}, 'boundingbox': ['48.4052755', '48.4085066', '10.9287196', '10.9482169']}","A 8, Dickelsmoor, Friedberg, Landkreis Aichach-Friedberg, Bayern, 86169, Deutschland",A 8,9201205007173516288,1,0,down,[48.40801154 10.93172409],49070.18581460324,26602.347720329828
44266,9,7,71,130,2020,12,20,3,2,8,6,2,0,1,0,0,1,643462.7764999997,5363339.401799999,10.938544533000028,48.40687236100007,"(48.40687236100007, 10.938544533000028)","{'place_id': 170078922, 'licence': 'Data © OpenStreetMap contributors, ODbL 1.0. https://osm.org/copyright', 'osm_type': 'way', 'osm_id': 280694756, 'lat': '48.40687587722222', 'lon': '10.938545117706143', 'display_name': 'A 8, Dickelsmoor, Friedberg, Landkreis Aichach-Friedberg, Bayern, 86169, Deutschland', 'address': {'road': 'A 8', 'hamlet': 'Dickelsmoor', 'town': 'Friedberg', 'county': 'Landkreis Aichach-Friedberg', 'state': 'Bayern', 'postcode': '86169', 'country': 'Deutschland', 'country_code': 'de'}, 'boundingbox': ['48.4052755', '48.4085066', '10.9287196', '10.9482169']}","A 8, Dickelsmoor, Friedberg, Landkreis Aichach-Friedberg, Bayern, 86169, Deutschland",A 8,9201201007173520384,1,0,down,[48.40730897 10.9359101 ],48651.29979883305,27021.125322797536
44274,9,7,72,147,2020,12,6,3,3,8,1,2,0,0,0,0,0,630412.6377,5364266.037799999,10.762583380000024,48.41804025800008,"(48.41804025800008, 10.762583380000024)","{'place_id': 163875111, 'licence': 'Data © OpenStreetMap contributors, ODbL 1.0. https://osm.org/copyright', 'osm_type': 'way', 'osm_id': 253368216, 'lat': '48.41805665551455', 'lon': '10.762582723718275', 'display_name': 'A 8, Gersthofen, Landkreis Augsburg, Bayern, 86368, Deutschland', 'address': {'road': 'A 8', 'town': 'Gersthofen', 'county': 'Landkreis Augsburg', 'state': 'Bayern', 'postcode': '86368', 'country': 'Deutschland', 'country_code': 'de'}, 'boundingbox': ['48.4178521', '48.4182267', '10.7575916', '10.7660937']}","A 8, Gersthofen, Landkreis Augsburg, Bayern, 86368, Deutschland",A 8,9201201007173513216,2,1,down,[48.4181368 10.7647441],61790.76931465226,13887.250241518079
44313,9,1,74,146,2020,12,19,1,3,0,6,2,0,1,0,0,0,668987.9795000004,5349606.1506,11.277682089000052,48.27709149900005,"(48.27709149900005, 11.277682089000052)","{'place_id': 169894014, 'licence': 'Data © OpenStreetMap contributors, ODbL 1.0. https://osm.org/copyright', 'osm_type': 'way', 'osm_id': 280421998, 'lat': '48.27705270348537', 'lon': '11.277664199448537', 'display_name': 'A 8, Einsbach, Sulzemoos, Landkreis Dachau, Bayern, 85254, Deutschland', 'address': {'road': 'A 8', 'village': 'Einsbach', 'county': 'Landkreis Dachau', 'state': 'Bayern', 'postcode': '85254', 'country': 'Deutschland', 'country_code': 'de'}, 'boundingbox': ['48.2708684', '48.2776562', '11.2764074', '11.2870058']}","A 8, Einsbach, Sulzemoos, Landkreis Dachau, Bayern, 85254, Deutschland",A 8,9201206001270514688,1,0,up,[48.27765208 11.27641516],57256.43201126627,57256.43201126627
44480,9,7,71,111,2020,12,9,2,2,3,6,0,0,1,0,0,0,658245.0280999998,5357479.7936,11.135946374000072,48.35065502400005,"(48.35065502400005, 11.135946374000072)","{'place_id': 283423680, 'licence': 'Data © OpenStreetMap contributors, ODbL 1.0. https://osm.org/copyright', 'osm_type': 'node', 'osm_id': 16003986, 'lat': '48.3506083', 'lon': '11.135983', 'display_name': 'Adelzhausen, A 8, Burgadelzhausen, Adelzhausen, Dasing, Landkreis Aichach-Friedberg, Bayern, 86559, Deutschland', 'address': {'highway': 'Adelzhausen', 'road': 'A 8', 'village': 'Burgadelzhausen', 'municipality': 'Dasing', 'county': 'Landkreis Aichach-Friedberg', 'state': 'Bayern', 'postcode': '86559', 'country': 'Deutschland', 'country_code': 'de'}, 'boundingbox': ['48.3505583', '48.3506583', '11.135933', '11.136033']}","Adelzhausen, A 8, Burgadelzhausen, Adelzhausen, Dasing, Landkreis Aichach-Friedberg, Bayern, 86559, Deutschland",A 8,9201214007173526528,0,0,down,[48.35020673 11.13649733],31854.81604887459,43808.23890285623
44503,9,7,72,147,2020,12,21,7,3,3,6,2,0,1,0,0,0,639090.8334999997,5364077.7214,10.879746884000042,48.41449102900003,"(48.41449102900003, 10.879746884000042)","{'place_id': 169543049, 'licence': 'Data © OpenStreetMap contributors, ODbL 1.0. https://osm.org/copyright', 'osm_type': 'way', 'osm_id': 280732481, 'lat': '48.41450939027924', 'lon': '10.879747299025018', 'display_name': 'A 8, Gersthofen, Landkreis Augsburg, Bayern, 86368, Deutschland', 'address': {'road': 'A 8', 'town': 'Gersthofen', 'county': 'Landkreis Augsburg', 'state': 'Bayern', 'postcode': '86368', 'country': 'Deutschland', 'country_code': 'de'}, 'boundingbox': ['48.4144753', '48.414542', '10.8783046', '10.8812555']}","A 8, Gersthofen, Landkreis Augsburg, Bayern, 86368, Deutschland",A 8,9201212007173522432,1,0,down,[48.41450776 10.87981318],53088.40232397294,22587.744778583983
44534,9,7,71,111,2020,12,17,6,3,2,6,2,0,1,0,0,0,658369.9534,5357321.381999999,11.137571770000022,48.349199533000046,"(48.349199533000046, 11.137571770000022)","{'place_id': 107811304, 'licence': 'Data © OpenStreetMap contributors, ODbL 1.0. https://osm.org/copyright', 'osm_type': 'way', 'osm_id': 27127128, 'lat': '48.34918776367826', 'lon': '11.13756352897661', 'display_name': 'A 8, Holzschuster, Burgadelzhausen, Adelzhausen, Dasing, Landkreis Aichach-Friedberg, Bayern, 86559, Deutschland', 'address': {'road': 'A 8', 'hamlet': 'Holzschuster', 'village': 'Burgadelzhausen', 'municipality': 'Dasing', 'county': 'Landkreis Aichach-Friedberg', 'state': 'Bayern', 'postcode': '86559', 'country': 'Deutschland', 'country_code': 'de'}, 'boundingbox': ['48.3488778', '48.3505353', '11.1358104', '11.1380062']}","A 8, Holzschuster, Burgadelzhausen, Adelzhausen, Dasing, Landkreis Aichach-Friedberg, Bayern, 86559, Deutschland",A 8,9201211001270547456,1,0,up,[48.34912572 11.13765231],44010.36814681917,44010.36814681917
44682,9,7,71,111,2020,12,17,3,3,2,6,2,0,1,0,0,0,658418.4477000004,5357274.545399999,11.138208216000066,48.34876629400002,"(48.34876629400002, 11.138208216000066)","{'place_id': 163640178, 'licence': 'Data © OpenStreetMap contributors, ODbL 1.0. https://osm.org/copyright', 'osm_type': 'way', 'osm_id': 251505091, 'lat': '48.34875382344027', 'lon': '11.138200248630755', 'display_name': 'A 8, Holzschuster, Burgadelzhausen, Adelzhausen, Dasing, Landkreis Aichach-Friedberg, Bayern, 86559, Deutschland', 'address': {'road': 'A 8', 'hamlet': 'Holzschuster', 'village': 'Burgadelzhausen', 'municipality': 'Dasing', 'county': 'Landkreis Aichach-Friedberg', 'state': 'Bayern', 'postcode': '86559', 'country': 'Deutschland', 'country_code': 'de'}, 'boundingbox': ['48.3478008', '48.3488778', '11.1380062', '11.1397371']}","A 8, Holzschuster, Burgadelzhausen, Adelzhausen, Dasing, Landkreis Aichach-Friedberg, Bayern, 86559, Deutschland",A 8,9201208001270520832,0,0,up,[48.34833982 11.13884798],44077.79109539722,44077.79109539722
44713,9,7,71,122,2020,12,7,2,3,2,6,1,0,0,0,0,1,652363.1349999998,5362346.9583,11.058372277000046,48.39586107200006,"(48.39586107200006, 11.058372277000046)","{'place_id': 108290567, 'licence': 'Data © OpenStreetMap contributors, ODbL 1.0. https://osm.org/copyright', 'osm_type': 'way', 'osm_id': 27455451, 'lat': '48.39584267939024', 'lon': '11.058368909537299', 'display_name': 'A 8, Taiting, Dasing, Landkreis Aichach-Friedberg, Bayern, 86453, Deutschland', 'address': {'road': 'A 8', 'village': 'Taiting', 'municipality': 'Dasing', 'county': 'Landkreis Aichach-Friedberg', 'state': 'Bayern', 'postcode': '86453', 'country': 'Deutschland', 'country_code': 'de'}, 'boundingbox': ['48.3957615', '48.3959529', '11.0577669', '11.0588123']}","A 8, Taiting, Dasing, Landkreis Aichach-Friedberg, Bayern, 86453, Deutschland",A 8,9201214007173520384,0,0,up,[48.39587131 11.05821393],36030.585905038184,36030.585905038184
44827,9,1,74,113,2020,12,15,6,3,8,1,0,0,1,0,0,0,672824.8722999999,5346036.627800001,11.327895135000064,48.24396830200004,"(48.24396830200004, 11.327895135000064)","{'place_id': 179804010, 'licence': 'Data © OpenStreetMap contributors, ODbL 1.0. https://osm.org/copyright', 'osm_type': 'way', 'osm_id': 327464677, 'lat': '48.24393753628563', 'lon': '11.327880128299157', 'display_name': 'A 8, Palsweis, Bergkirchen, Landkreis Dachau, Bayern, 85232, Deutschland', 'address': {'road': 'A 8', 'village': 'Palsweis', 'county': 'Landkreis Dachau', 'state': 'Bayern', 'postcode': '85232', 'country': 'Deutschland', 'country_code': 'de'}, 'boundingbox': ['48.2375667', '48.2544385', '11.3063647', '11.3408042']}","A 8, Palsweis, Bergkirchen, Landkreis Dachau, Bayern, 85232, Deutschland",A 8,9201225001270533120,1,0,up,[48.24321345 11.32936436],62550.81481236113,62550.81481236113
44859,9,1,74,113,2020,12,16,7,3,8,6,1,0,1,0,0,0,669629.4530999996,5349056.1766,11.286100290000036,48.27197594800003,"(48.27197594800003, 11.286100290000036)","{'place_id': 135294201, 'licence': 'Data © OpenStreetMap contributors, ODbL 1.0. https://osm.org/copyright', 'osm_type': 'way', 'osm_id': 143575534, 'lat': '48.2719722427193', 'lon': '11.286096722651902', 'display_name': 'A 8, Haidhof, Einsbach, Sulzemoos, Landkreis Dachau, Bayern, 85254, Deutschland', 'address': {'road': 'A 8', 'hamlet': 'Haidhof', 'village': 'Einsbach', 'county': 'Landkreis Dachau', 'state': 'Bayern', 'postcode': '85254', 'country': 'Deutschland', 'country_code': 'de'}, 'boundingbox': ['48.2709261', '48.2802015', '11.2713689', '11.2871833']}","A 8, Haidhof, Einsbach, Sulzemoos, Landkreis Dachau, Bayern, 85254, Deutschland",A 8,9201219001270526976,0,0,down,[48.27174218 11.28633634],17561.377001544573,58102.25579896308
44967,9,7,71,122,2020,12,21,1,2,2,6,2,0,1,0,0,1,649468.3775000004,5362575.976500001,11.019372155000042,48.39861297800008,"(48.39861297800008, 11.019372155000042)","{'place_id': 179625445, 'licence': 'Data © OpenStreetMap contributors, ODbL 1.0. https://osm.org/copyright', 'osm_type': 'way', 'osm_id': 327495113, 'lat': '48.39859661621288', 'lon': '11.019368098474931', 'display_name': 'A 8, Sophienhof, Bitzenhofen, Dasing, Landkreis Aichach-Friedberg, Bayern, 86453, Deutschland', 'address': {'road': 'A 8', 'hamlet': 'Sophienhof', 'village': 'Bitzenhofen', 'municipality': 'Dasing', 'county': 'Landkreis Aichach-Friedberg', 'state': 'Bayern', 'postcode': '86453', 'country': 'Deutschland', 'country_code': 'de'}, 'boundingbox': ['48.3959071', '48.4010591', '10.9924061', '11.0555759']}","A 8, Sophienhof, Bitzenhofen, Dasing, Landkreis Aichach-Friedberg, Bayern, 86453, Deutschland",A 8,9201220007173537792,1,0,up,[48.39874907 11.01875432],33089.70010337744,33089.70010337744
44972,9,7,71,122,2020,12,21,1,3,2,6,2,0,1,0,0,0,649475.5504000001,5362573.428,11.019468094000048,48.398588364000034,"(48.398588364000034, 11.019468094000048)","{'place_id': 179625445, 'licence': 'Data © OpenStreetMap contributors, ODbL 1.0. https://osm.org/copyright', 'osm_type': 'way', 'osm_id': 327495113, 'lat': '48.39857278240942', 'lon': '11.019464230906545', 'display_name': 'A 8, Sophienhof, Bitzenhofen, Dasing, Landkreis Aichach-Friedberg, Bayern, 86453, Deutschland', 'address': {'road': 'A 8', 'hamlet': 'Sophienhof', 'village': 'Bitzenhofen', 'municipality': 'Dasing', 'county': 'Landkreis Aichach-Friedberg', 'state': 'Bayern', 'postcode': '86453', 'country': 'Deutschland', 'country_code': 'de'}, 'boundingbox': ['48.3959071', '48.4010591', '10.9924061', '11.0555759']}","A 8, Sophienhof, Bitzenhofen, Dasing, Landkreis Aichach-Friedberg, Bayern, 86453, Deutschland",A 8,9201220007173525504,1,0,up,[48.39877297 11.01865797],33097.29509311129,33097.29509311129
45019,9,7,72,147,2020,12,17,5,3,2,6,1,0,1,0,0,0,632790.1292000003,5364553.164100001,10.794790866000028,48.42012554300004,"(48.42012554300004, 10.794790866000028)","{'place_id': 158394914, 'licence': 'Data © OpenStreetMap contributors, ODbL 1.0. https://osm.org/copyright', 'osm_type': 'way', 'osm_id': 230129518, 'lat': '48.420146532319336', 'lon': '10.794790636779823', 'display_name': 'A 8, Gailenbach, Edenbergen, Gersthofen, Landkreis Augsburg, Bayern, 86368, Deutschland', 'address': {'road': 'A 8', 'hamlet': 'Gailenbach', 'village': 'Edenbergen', 'town': 'Gersthofen', 'county': 'Landkreis Augsburg', 'state': 'Bayern', 'postcode': '86368', 'country': 'Deutschland', 'country_code': 'de'}, 'boundingbox': ['48.4197662', '48.4201841', '10.7870984', '10.8091429']}","A 8, Gailenbach, Edenbergen, Gersthofen, Landkreis Augsburg, Bayern, 86368, Deutschland",A 8,9201217007170528256,1,1,down,[48.42014556 10.79471167],59397.95562034603,16279.36283495244
45095,9,1,74,113,2020,12,18,2,3,3,6,2,0,0,0,0,1,670513.4587000003,5347869.968699999,11.297525888000052,48.26107512000005,"(48.26107512000005, 11.297525888000052)","{'place_id': 163589875, 'licence': 'Data © OpenStreetMap contributors, ODbL 1.0. https://osm.org/copyright', 'osm_type': 'way', 'osm_id': 251505078, 'lat': '48.26107729284559', 'lon': '11.297527935439389', 'display_name': 'A 8, Lauterbach, Bergkirchen, Landkreis Dachau, Bayern, 85232, Deutschland', 'address': {'road': 'A 8', 'village': 'Lauterbach', 'county': 'Landkreis Dachau', 'state': 'Bayern', 'postcode': '85232', 'country': 'Deutschland', 'country_code': 'de'}, 'boundingbox': ['48.2600198', '48.2614451', '11.2971376', '11.2986502']}","A 8, Lauterbach, Bergkirchen, Landkreis Dachau, Bayern, 85232, Deutschland",A 8,9201221001270526976,0,1,down,[48.26249793 11.2960526 ],16082.963552359524,59580.64263874333
45178,9,7,72,111,2020,12,9,5,3,0,6,0,0,1,0,0,0,625775.6201,5364224.455600001,10.699928835000035,48.41860907800003,"(48.41860907800003, 10.699928835000035)","{'place_id': 179285986, 'licence': 'Data © OpenStreetMap contributors, ODbL 1.0. https://osm.org/copyright', 'osm_type': 'way', 'osm_id': 327667395, 'lat': '48.4186388157226', 'lon': '10.699930817307864', 'display_name': 'A 8, Adelsried, Landkreis Augsburg, Bayern, 86477, Deutschland', 'address': {'road': 'A 8', 'village': 'Adelsried', 'county': 'Landkreis Augsburg', 'state': 'Bayern', 'postcode': '86477', 'country': 'Deutschland', 'country_code': 'de'}, 'boundingbox': ['48.4173813', '48.4201097', '10.6826043', '10.717102']}","A 8, Adelsried, Landkreis Augsburg, Bayern, 86477, Deutschland",A 8,9201224007173538816,0,1,down,[48.41870716 10.69891065],66430.22246984851,9245.382929463267